A142YEQ6O81P55,InstructionQuestions,1,1,1,1,1,1,1,1,1,1

A142YEQ6O81P55,0,5,0,1568955848795,0,Read score file,,P0:;P1:;P2:;P3:;P4:;P5:,-,,,undefined:undefined
A142YEQ6O81P55,0,5,0,1568956086644,0,Read new file,,P0:;P1:;P2:;P3:;P4:;P5:,-,,,undefined:undefined
A142YEQ6O81P55,0,5,0,1568956087003,0,Starting new game,,P0:;P1:;P2:,2 3 3 4 3 2 2 2 1 4,,P0:50;P1:50;P2:50;,undefined:undefined
A142YEQ6O81P55,0,5,0,1568956104784,0,Added cell 3-4-true,,P0:;P1:;P2:,2 3 4 3 2 2 2 1 4 ,,P0:45;P1:50;P2:50;,03:44
A142YEQ6O81P55,0,5,0,1568956109390,0,Added cell 3-3-true,,P0:;P1:;P2:,3 4 3 2 2 2 1 4 ,,P0:40;P1:50;P2:50;,03:39
A142YEQ6O81P55,0,5,0,1568956110666,0,Added cell 2-3-true,,P0:;P1:;P2:,3 4 3 2 2 1 4 ,,P0:35;P1:50;P2:50;,03:38
A142YEQ6O81P55,0,5,0,1568956122632,0,ChipRequest;From;2;Colour;1;ReqNrOfChips;1;Success;true,,P0:;P1:;P2:,3 4 3 2 2 1 4 ,,P0:35;P1:50;P2:50;,03:26
A142YEQ6O81P55,0,5,0,1568956123735,0,ChipRequest;From;1;Colour;1;ReqNrOfChips;1;Success;true,0,P0:;P1:;P2:0;,3 4 3 2 2 1 4 1 , 1 ,P0:-36;P1:50;P2:50;,03:25
A142YEQ6O81P55,0,5,0,1568956126116,0,Added cell 1-3-true,0 0,P0:;P1:0;;P2:0;,3 4 3 2 2 4 1 1 , 1 1 ,P0:-112;P1:50;P2:50;,03:22
A142YEQ6O81P55,0,5,0,1568956126803,0,Added cell 0-3-false,0 0,P0:;P1:0;;P2:0;,3 4 3 2 2 4 1 , 1 1 ,P0:-117;P1:50;P2:50;,03:22
A142YEQ6O81P55,0,5,0,1568956128821,0,Added cell 0-2-true,0 0,P0:;P1:0;;P2:0;,3 4 3 2 4 1 , 1 1 ,P0:28;P1:50;P2:50;,03:20
A142YEQ6O81P55,0,5,0,1568956145194,0,Clear path,,P0:;P1:;P2:,2 3 3 4 3 2 2 2 1 4,,P0:50;P1:50;P2:50;,03:03
A142YEQ6O81P55,0,5,0,1568956146280,0,Added cell 3-4-true,,P0:;P1:;P2:,2 3 4 3 2 2 2 1 4 ,,P0:45;P1:50;P2:50;,03:02
A142YEQ6O81P55,0,5,0,1568956148776,0,Added cell 3-3-true,,P0:;P1:;P2:,3 4 3 2 2 2 1 4 ,,P0:40;P1:50;P2:50;,03:00
A142YEQ6O81P55,0,5,0,1568956149415,0,Added cell 3-2-true,,P0:;P1:;P2:,4 3 2 2 2 1 4 ,,P0:35;P1:50;P2:50;,02:59
A142YEQ6O81P55,0,5,0,1568956150127,0,Added cell 3-1-true,,P0:;P1:;P2:,4 3 2 2 1 4 ,,P0:30;P1:50;P2:50;,02:58
A142YEQ6O81P55,0,5,0,1568956155335,0,Added cell 2-1-true,,P0:;P1:;P2:,3 2 2 1 4 ,,P0:25;P1:50;P2:50;,02:53
A142YEQ6O81P55,0,5,0,1568956157144,0,Added cell 2-0-true,,P0:;P1:;P2:,3 2 1 4 ,,P0:20;P1:50;P2:50;,02:51
A142YEQ6O81P55,0,5,0,1568956158335,0,Added cell 1-0-true,,P0:;P1:;P2:,2 1 4 ,,P0:15;P1:50;P2:50;,02:50
A142YEQ6O81P55,0,5,0,1568956158942,0,Added cell 0-0-true,,P0:;P1:;P2:,2 1 4 ,,P0:15;P1:50;P2:50;,02:50
A142YEQ6O81P55,0,5,0,1568956160206,0,Added cell 0-0-true,,P0:;P1:;P2:,2 1 4 ,,P0:15;P1:50;P2:50;,02:48
A142YEQ6O81P55,0,5,0,1568956163958,0,Added cell 0-0-true,,P0:;P1:;P2:,2 1 4 ,,P0:15;P1:50;P2:50;,02:45
A142YEQ6O81P55,0,5,0,1568956167891,0,Clear path,,P0:;P1:;P2:,2 3 3 4 3 2 2 2 1 4,,P0:50;P1:50;P2:50;,02:41
A142YEQ6O81P55,0,5,0,1568956172969,0,Added cell 3-4-true,,P0:;P1:;P2:,2 3 4 3 2 2 2 1 4 ,,P0:45;P1:50;P2:50;,02:36
A142YEQ6O81P55,0,5,0,1568956173558,0,Added cell 3-3-true,,P0:;P1:;P2:,3 4 3 2 2 2 1 4 ,,P0:40;P1:50;P2:50;,02:35
A142YEQ6O81P55,0,5,0,1568956174096,0,Added cell 3-2-true,,P0:;P1:;P2:,4 3 2 2 2 1 4 ,,P0:35;P1:50;P2:50;,02:34
A142YEQ6O81P55,0,5,0,1568956174560,0,Added cell 3-1-true,,P0:;P1:;P2:,4 3 2 2 1 4 ,,P0:30;P1:50;P2:50;,02:34
A142YEQ6O81P55,0,5,0,1568956175980,0,Added cell 2-1-true,,P0:;P1:;P2:,3 2 2 1 4 ,,P0:25;P1:50;P2:50;,02:33
A142YEQ6O81P55,0,5,0,1568956177517,0,Added cell 2-0-true,,P0:;P1:;P2:,3 2 1 4 ,,P0:20;P1:50;P2:50;,02:31
A142YEQ6O81P55,0,5,0,1568956178596,0,Added cell 1-0-true,,P0:;P1:;P2:,2 1 4 ,,P0:15;P1:50;P2:50;,02:30
A142YEQ6O81P55,0,5,0,1568956179118,0,Removed cell 1-0-false,,P0:;P1:;P2:,2 1 4 3 ,,P0:20;P1:50;P2:50;,02:29
A142YEQ6O81P55,0,5,0,1568956180550,0,Added cell 1-0-true,,P0:;P1:;P2:,2 1 4 ,,P0:15;P1:50;P2:50;,02:28
A142YEQ6O81P55,0,5,0,1568956180920,0,Added cell 0-0-true,,P0:;P1:;P2:,2 1 4 ,,P0:15;P1:50;P2:50;,02:28
A142YEQ6O81P55,0,5,0,1568956185045,0,Removed cell 2-0-true,,P0:;P1:;P2:,2 1 4 2 ,,P0:20;P1:50;P2:50;,02:23
A142YEQ6O81P55,0,5,0,1568956187480,0,Clear path,,P0:;P1:;P2:,2 3 3 4 3 2 2 2 1 4,,P0:50;P1:50;P2:50;,02:21
A142YEQ6O81P55,0,5,0,1568956189256,0,Added cell 3-4-true,,P0:;P1:;P2:,2 3 4 3 2 2 2 1 4 ,,P0:45;P1:50;P2:50;,02:19
A142YEQ6O81P55,0,5,0,1568956192310,0,Added cell 3-3-true,,P0:;P1:;P2:,3 4 3 2 2 2 1 4 ,,P0:40;P1:50;P2:50;,02:16
A142YEQ6O81P55,0,5,0,1568956192739,0,Added cell 3-2-true,,P0:;P1:;P2:,4 3 2 2 2 1 4 ,,P0:35;P1:50;P2:50;,02:16
A142YEQ6O81P55,0,5,0,1568956193331,0,Added cell 2-2-true,,P0:;P1:;P2:,4 3 2 2 2 4 ,,P0:30;P1:50;P2:50;,02:15
A142YEQ6O81P55,0,5,0,1568956196635,0,Added cell 1-2-true,,P0:;P1:;P2:,3 2 2 2 4 ,,P0:25;P1:50;P2:50;,02:12
A142YEQ6O81P55,0,5,0,1568956197300,0,Added cell 0-2-true,,P0:;P1:;P2:,3 2 2 4 ,,P0:170;P1:50;P2:50;,02:11
A142YEQ6O81P55,0,5,0,1568956262320,0,Motivation: I was able to reach my goal without asking chips from other players,,P0:;P1:;P2:,3 2 2 4 ,,P0:170;P1:50;P2:50;,01:06
A142YEQ6O81P55,0,5,0,1568956262322,0,Ending game,,P0:;P1:;P2:,3 2 2 4 ,,P0:170;P1:50;P2:50;,01:06
A142YEQ6O81P55,0,2,1,1568956264396,0,Starting new game,,P0:;P1:;P2:,2 4 1 4 3 2 2 2 2 1,,P0:50;P1:50;P2:50;,01:06

A142YEQ6O81P55,0,2,1,1568956272646,0,Added cell 2-3-true,,P0:;P1:;P2:,2 1 4 3 2 2 2 2 1 ,,P0:45;P1:50;P2:50;,03:53
A142YEQ6O81P55,0,2,1,1568956274263,0,Added cell 1-3-true,,P0:;P1:;P2:,2 1 4 2 2 2 2 1 ,,P0:40;P1:50;P2:50;,03:52
A142YEQ6O81P55,0,2,1,1568956274739,0,Added cell 1-2-true,,P0:;P1:;P2:,2 1 2 2 2 2 1 ,,P0:35;P1:50;P2:50;,03:51
A142YEQ6O81P55,0,2,1,1568956275846,0,Denied adding cell 1-1-false,,P0:;P1:;P2:,2 1 2 2 2 2 1 ,,P0:35;P1:50;P2:50;,03:50
A142YEQ6O81P55,0,2,1,1568956296223,0,ChipRequest;From;1;Colour;3;ReqNrOfChips;1;Success;false,,P0:;P1:;P2:,2 1 2 2 2 2 1 ,,P0:35;P1:50;P2:50;,03:30
A142YEQ6O81P55,0,2,1,1568956301040,0,ChipRequest;From;2;Colour;3;ReqNrOfChips;1;Success;true,,P0:;P1:;P2:,2 1 2 2 2 2 1 ,,P0:35;P1:50;P2:50;,03:25
A142YEQ6O81P55,0,2,1,1568956303011,0,Added cell 1-1-false,2,P0:;P1:;P2:2;,2 1 2 2 2 2 1  , 3 ,P0:109;P1:50;P2:50;,03:23
A142YEQ6O81P55,0,2,1,1568956396083,0,Motivation: Way where I needed to order only 1 ,2,P0:;P1:;P2:2;,2 1 2 2 2 2 1 , 3 ,P0:109;P1:50;P2:50;,01:50
A142YEQ6O81P55,0,2,1,1568956396083,0,Ending game,2,P0:;P1:;P2:2;,2 1 2 2 2 2 1 , 3 ,P0:109;P1:50;P2:50;,01:50
A142YEQ6O81P55,0,2,1,1568956396105,0,wrong answer told to try again,2,P0:;P1:;P2:2;,2 1 2 2 2 2 1 , 3 ,P0:109;P1:50;P2:50;,01:50
A142YEQ6O81P55,0,2,1,1568956405845,0,Removed cell 1-1-false,2,P0:;P1:;P2:2;,2 1 2 2 2 2 1 3 , 3 ,P0:-36;P1:50;P2:50;,01:40
A142YEQ6O81P55,0,2,1,1568956406248,0,Removed cell 1-2-false,2,P0:;P1:;P2:2;,2 1 2 2 2 2 1 3 4 , 3 ,P0:-31;P1:50;P2:50;,01:40
A142YEQ6O81P55,0,2,1,1568956406755,0,Removed cell 1-3-true,2,P0:;P1:;P2:2;,2 1 2 2 2 2 1 3 4 3 , 3 ,P0:-26;P1:50;P2:50;,01:39
A142YEQ6O81P55,0,2,1,1568956407166,0,Removed cell 2-3-true,2,P0:;P1:;P2:2;,2 1 2 2 2 2 1 3 4 3 4 , 3 ,P0:-21;P1:50;P2:50;,01:39
A142YEQ6O81P55,0,2,1,1568956453273,0,Motivation: Standing still will give me more points,2,P0:;P1:;P2:2;,2 1 2 2 2 2 1 3 4 3 4 , 3 ,P0:-21;P1:50;P2:50;,00:53
A142YEQ6O81P55,0,2,1,1568956453273,0,Ending game,2,P0:;P1:;P2:2;,2 1 2 2 2 2 1 3 4 3 4 , 3 ,P0:-21;P1:50;P2:50;,00:53
A142YEQ6O81P55,0,2,1,1568956453287,0,wrong answer told to try again,2,P0:;P1:;P2:2;,2 1 2 2 2 2 1 3 4 3 4 , 3 ,P0:-21;P1:50;P2:50;,00:53
A142YEQ6O81P55,0,2,1,1568956458721,0,Tried to add own cell 3-3,2,P0:;P1:;P2:2;,2 1 2 2 2 2 1 3 4 3 4 , 3 ,P0:-21;P1:50;P2:50;,00:47
A142YEQ6O81P55,0,2,1,1568956463905,0,Motivation: Standing still will give me more points,2,P0:;P1:;P2:2;,2 1 2 2 2 2 1 3 4 3 4 , 3 ,P0:-21;P1:50;P2:50;,00:42
A142YEQ6O81P55,0,2,1,1568956463905,0,Ending game,2,P0:;P1:;P2:2;,2 1 2 2 2 2 1 3 4 3 4 , 3 ,P0:-21;P1:50;P2:50;,00:42
A142YEQ6O81P55,0,2,1,1568956463918,0,wrong answer told to try again,2,P0:;P1:;P2:2;,2 1 2 2 2 2 1 3 4 3 4 , 3 ,P0:-21;P1:50;P2:50;,00:42
A142YEQ6O81P55,0,2,1,1568956471049,0,ChipRequest;From;2;Colour;3;ReqNrOfChips;2;Success;true,2,P0:;P1:;P2:2;,2 1 2 2 2 2 1 3 4 3 4 , 3 ,P0:-21;P1:50;P2:50;,00:35
A142YEQ6O81P55,0,2,1,1568956472081,0,ChipRequest min:;From;2;Colour;2;ReqNrOfChips;1;Success;1,2 2,P0:;P1:;P2:2;2;,2 1 2 2 2 2 1 4 3 4 3 , 3 ,P0:-22;P1:50;P2:50;,00:34
A142YEQ6O81P55,0,2,1,1568956472267,0,ChipRequest min:;From;2;Colour;2;ReqNrOfChips;0;Success;1,2,P0:;P1:;P2:2;,2 1 2 2 2 2 1 4 4 3 , ,P0:-21;P1:50;P2:50;,00:34
A142YEQ6O81P55,0,2,1,1568956476040,0,Motivation: Standing still will give me more points,,P0:;P1:;P2:,2 1 2 2 2 2 1 4 4 3 , ,P0:50;P1:50;P2:50;,00:30
A142YEQ6O81P55,0,2,1,1568956476040,0,Ending game,,P0:;P1:;P2:,2 1 2 2 2 2 1 4 4 3 , ,P0:50;P1:50;P2:50;,00:30
A142YEQ6O81P55,0,7,2,1568956477697,0,Starting new game,,P0:;P1:;P2:,1 1 3 3 2 1 2 3 3 2,,P0:50;P1:50;P2:50;,00:30

A142YEQ6O81P55,0,7,2,1568956521462,0,Added cell 1-2-true,,P0:;P1:;P2:,1 3 3 2 1 2 3 3 2 ,,P0:45;P1:50;P2:50;,03:18
A142YEQ6O81P55,0,7,2,1568956523995,0,Added cell 2-2-true,,P0:;P1:;P2:,1 3 2 1 2 3 3 2 ,,P0:40;P1:50;P2:50;,03:15
A142YEQ6O81P55,0,7,2,1568956524831,0,Added cell 3-2-true,,P0:;P1:;P2:,1 3 1 2 3 3 2 ,,P0:35;P1:50;P2:50;,03:14
A142YEQ6O81P55,0,7,2,1568956525334,0,Added cell 3-3-true,,P0:;P1:;P2:,1 1 2 3 3 2 ,,P0:30;P1:50;P2:50;,03:14
A142YEQ6O81P55,0,7,2,1568956525821,0,Added cell 3-4-true,,P0:;P1:;P2:,1 2 3 3 2 ,,P0:25;P1:50;P2:50;,03:13
A142YEQ6O81P55,0,7,2,1568956526637,0,Added cell 2-4-true,,P0:;P1:;P2:,2 3 3 2 ,,P0:170;P1:50;P2:50;,03:13
A142YEQ6O81P55,0,7,2,1568956542824,0,Motivation: I was able to reach my goal without asking for chips from other players,,P0:;P1:;P2:,2 3 3 2 ,,P0:170;P1:50;P2:50;,02:56
A142YEQ6O81P55,0,7,2,1568956542824,0,Ending game,,P0:;P1:;P2:,2 3 3 2 ,,P0:170;P1:50;P2:50;,02:56
A142YEQ6O81P55,0,4,3,1568956546754,0,Starting new game,,P0:;P1:;P2:,1 1 4 3 4 1 4 3 4 1,,P0:50;P1:50;P2:50;,02:56

A142YEQ6O81P55,0,4,3,1568956555834,0,Added cell 4-3-true,,P0:;P1:;P2:,1 4 3 4 1 4 3 4 1 ,,P0:45;P1:50;P2:50;,03:52
A142YEQ6O81P55,0,4,3,1568956559331,0,Added cell 4-2-true,,P0:;P1:;P2:,1 3 4 1 4 3 4 1 ,,P0:40;P1:50;P2:50;,03:49
A142YEQ6O81P55,0,4,3,1568956563081,0,Denied adding cell 3-2-false,,P0:;P1:;P2:,1 3 4 1 4 3 4 1 ,,P0:40;P1:50;P2:50;,03:45
A142YEQ6O81P55,0,4,3,1568956566780,0,Removed cell 4-2-true,,P0:;P1:;P2:,1 3 4 1 4 3 4 1 4 ,,P0:45;P1:50;P2:50;,03:41
A142YEQ6O81P55,0,4,3,1568956567612,0,Removed cell 4-3-true,,P0:;P1:;P2:,1 3 4 1 4 3 4 1 4 1 ,,P0:50;P1:50;P2:50;,03:41
A142YEQ6O81P55,0,4,3,1568956581132,0,Motivation: Standing still will give me more points,,P0:;P1:;P2:,1 3 4 1 4 3 4 1 4 1 ,,P0:50;P1:50;P2:50;,03:27
A142YEQ6O81P55,0,4,3,1568956581133,0,Ending game,,P0:;P1:;P2:,1 3 4 1 4 3 4 1 4 1 ,,P0:50;P1:50;P2:50;,03:27
A142YEQ6O81P55,0,4,3,1568956581152,0,wrong answer told to try again,,P0:;P1:;P2:,1 3 4 1 4 3 4 1 4 1 ,,P0:50;P1:50;P2:50;,03:27
A142YEQ6O81P55,0,4,3,1568956598649,0,ChipRequest;From;2;Colour;2;ReqNrOfChips;1;Success;true,,P0:;P1:;P2:,1 3 4 1 4 3 4 1 4 1 ,,P0:50;P1:50;P2:50;,03:10
A142YEQ6O81P55,0,4,3,1568956599948,0,Added cell 4-3-true,1,P0:;P1:;P2:1;,3 4 1 4 3 4 1 4 1 2 , 2 ,P0:-26;P1:50;P2:50;,03:08
A142YEQ6O81P55,0,4,3,1568956600386,0,Added cell 4-2-true,1,P0:;P1:;P2:1;,3 1 4 3 4 1 4 1 2 , 2 ,P0:-31;P1:50;P2:50;,03:08
A142YEQ6O81P55,0,4,3,1568956600765,0,Added cell 3-2-false,1,P0:;P1:;P2:1;,3 1 4 3 4 1 4 1 , 2 ,P0:114;P1:50;P2:50;,03:08
A142YEQ6O81P55,0,4,3,1568956617273,0,Motivation: Way where I needed to order only 1,1,P0:;P1:;P2:1;,3 1 4 3 4 1 4 1 , 2 ,P0:114;P1:50;P2:50;,02:51
A142YEQ6O81P55,0,4,3,1568956617273,0,Ending game,1,P0:;P1:;P2:1;,3 1 4 3 4 1 4 1 , 2 ,P0:114;P1:50;P2:50;,02:51
A142YEQ6O81P55,0,3,4,1568956619762,0,Starting new game,,P0:;P1:;P2:,3 2 2 2 4 4 2 3 2 4,,P0:50;P1:50;P2:50;,02:51

A142YEQ6O81P55,0,3,4,1568956638220,0,Added cell 1-2-true,,P0:;P1:;P2:,3 2 2 4 4 2 3 2 4 ,,P0:45;P1:50;P2:50;,03:43
A142YEQ6O81P55,0,3,4,1568956638939,0,Added cell 2-2-true,,P0:;P1:;P2:,3 2 4 4 2 3 2 4 ,,P0:40;P1:50;P2:50;,03:42
A142YEQ6O81P55,0,3,4,1568956639286,0,Added cell 2-1-true,,P0:;P1:;P2:,3 4 4 2 3 2 4 ,,P0:35;P1:50;P2:50;,03:42
A142YEQ6O81P55,0,3,4,1568956639913,0,Added cell 3-1-true,,P0:;P1:;P2:,3 4 4 3 2 4 ,,P0:30;P1:50;P2:50;,03:41
A142YEQ6O81P55,0,3,4,1568956640478,0,Added cell 4-1-true,,P0:;P1:;P2:,3 4 3 2 4 ,,P0:25;P1:50;P2:50;,03:41
A142YEQ6O81P55,0,3,4,1568956641152,0,Added cell 4-2-true,,P0:;P1:;P2:,3 4 3 4 ,,P0:20;P1:50;P2:50;,03:40
A142YEQ6O81P55,0,3,4,1568956642029,0,Added cell 4-3-true,,P0:;P1:;P2:,3 3 4 ,,P0:165;P1:50;P2:50;,03:39
A142YEQ6O81P55,0,3,4,1568956652066,0,Motivation: 142/5000
I was able to reach my goal without asking for chips from other players,,P0:;P1:;P2:,3 3 4 ,,P0:165;P1:50;P2:50;,03:29
A142YEQ6O81P55,0,3,4,1568956652067,0,Ending game,,P0:;P1:;P2:,3 3 4 ,,P0:165;P1:50;P2:50;,03:29
A142YEQ6O81P55,0,6,5,1568956653785,0,Starting new game,,P0:;P1:;P2:,2 2 2 2 2 2 2 2 4 2,,P0:50;P1:50;P2:50;,03:29

A142YEQ6O81P55,0,6,5,1568956669977,0,Added cell 3-2-true,,P0:;P1:;P2:,2 2 2 2 2 2 2 4 2 ,,P0:45;P1:50;P2:50;,03:45
A142YEQ6O81P55,0,6,5,1568956670420,0,Added cell 2-2-true,,P0:;P1:;P2:,2 2 2 2 2 2 4 2 ,,P0:40;P1:50;P2:50;,03:45
A142YEQ6O81P55,0,6,5,1568956670760,0,Denied adding cell 2-1-false,,P0:;P1:;P2:,2 2 2 2 2 2 4 2 ,,P0:40;P1:50;P2:50;,03:45
A142YEQ6O81P55,0,6,5,1568956674072,0,ChipRequest;From;1;Colour;3;ReqNrOfChips;1;Success;true,,P0:;P1:;P2:,2 2 2 2 2 2 4 2 ,,P0:40;P1:50;P2:50;,03:41
A142YEQ6O81P55,0,6,5,1568956674882,0,Added cell 2-1-false,2,P0:;P1:2;;P2:,2 2 2 2 2 2 4 2  , 3 ,P0:-36;P1:50;P2:50;,03:40
A142YEQ6O81P55,0,6,5,1568956675237,0,Added cell 1-1-true,2,P0:;P1:2;;P2:,2 2 2 2 2 2 2  , 3 ,P0:-41;P1:50;P2:50;,03:40
A142YEQ6O81P55,0,6,5,1568956675600,0,Added cell 0-1-true,2,P0:;P1:2;;P2:,2 2 2 2 2 2  , 3 ,P0:104;P1:50;P2:50;,03:40
A142YEQ6O81P55,0,6,5,1568956682868,0,Motivation: Way where I needed to order only 1
,2,P0:;P1:2;;P2:,2 2 2 2 2 2 , 3 ,P0:104;P1:50;P2:50;,03:32
A142YEQ6O81P55,0,6,5,1568956682868,0,Ending game,2,P0:;P1:2;;P2:,2 2 2 2 2 2 , 3 ,P0:104;P1:50;P2:50;,03:32
A142YEQ6O81P55,0,6,5,1568956682884,0,wrong answer told to try again,2,P0:;P1:2;;P2:,2 2 2 2 2 2 , 3 ,P0:104;P1:50;P2:50;,03:32
A142YEQ6O81P55,0,6,5,1568956694982,0,Removed cell 2-1-false,2,P0:;P1:2;;P2:,2 2 2 2 2 2 3 , 3 ,P0:-41;P1:50;P2:50;,03:20
A142YEQ6O81P55,0,6,5,1568956695305,0,Removed cell 0-1-true,2,P0:;P1:2;;P2:,2 2 2 2 2 2 3 2 , 3 ,P0:-36;P1:50;P2:50;,03:20
A142YEQ6O81P55,0,6,5,1568956695696,0,Removed cell 1-1-false,2,P0:;P1:2;;P2:,2 2 2 2 2 2 3 2 4 , 3 ,P0:-31;P1:50;P2:50;,03:20
A142YEQ6O81P55,0,6,5,1568956696089,0,Removed cell 2-2-true,2,P0:;P1:2;;P2:,2 2 2 2 2 2 3 2 4 2 , 3 ,P0:-26;P1:50;P2:50;,03:19
A142YEQ6O81P55,0,6,5,1568956696449,0,Removed cell 3-2-true,2,P0:;P1:2;;P2:,2 2 2 2 2 2 3 2 4 2 2 , 3 ,P0:-21;P1:50;P2:50;,03:19
A142YEQ6O81P55,0,6,5,1568956704863,0,ChipRequest min:;From;1;Colour;2;ReqNrOfChips;0;Success;1,2,P0:;P1:2;;P2:,2 2 2 2 2 2 2 4 2 2 , ,P0:-21;P1:50;P2:50;,03:10
A142YEQ6O81P55,0,6,5,1568956706146,0,Motivation: Standing still will give me more points,,P0:;P1:;P2:,2 2 2 2 2 2 2 4 2 2 , ,P0:50;P1:50;P2:50;,03:09
A142YEQ6O81P55,0,6,5,1568956706146,0,Ending game,,P0:;P1:;P2:,2 2 2 2 2 2 2 4 2 2 , ,P0:50;P1:50;P2:50;,03:09
A142YEQ6O81P55,0,1,6,1568956709385,0,Starting new game,,P0:;P1:;P2:,3 3 3 3 3 3 3 3 3 3,,P0:50;P1:50;P2:50;,03:09

A142YEQ6O81P55,0,1,6,1568956730371,0,Motivation: Standing still will give me more points,,P0:;P1:;P2:,3 3 3 3 3 3 3 3 3 3,,P0:50;P1:50;P2:50;,03:41
A142YEQ6O81P55,0,1,6,1568956730371,0,Ending game,,P0:;P1:;P2:,3 3 3 3 3 3 3 3 3 3,,P0:50;P1:50;P2:50;,03:41
A142YEQ6O81P55,0,8,7,1568956732055,0,Starting new game,,P0:;P1:;P2:,4 2 2 2 4 4 4 2 2 4,,P0:50;P1:50;P2:50;,03:41

A142YEQ6O81P55,0,8,7,1568956742299,0,Motivation: Standing still will give me more points,,P0:;P1:;P2:,4 2 2 2 4 4 4 2 2 4,,P0:50;P1:50;P2:50;,03:51
A142YEQ6O81P55,0,8,7,1568956742299,0,Ending game,,P0:;P1:;P2:,4 2 2 2 4 4 4 2 2 4,,P0:50;P1:50;P2:50;,03:51

END_TRAINING_START_GAME


A142YEQ6O81P55,noPathNoEx,1,0,1568956752169,0,Read score file,,P0:;P1:;P2:;P3:;P4:;P5:,-,,,undefined:undefined
A142YEQ6O81P55,noPathNoEx,1,0,1568956752332,0,Read new file,,P0:;P1:;P2:;P3:;P4:;P5:,-,,,undefined:undefined
A142YEQ6O81P55,noPathNoEx,1,0,1568956752553,0,Starting new game,,P0:;P1:;P2:;P3:,4 5 3 3 1 5 1 3 5 3 4 3 3 1 1 ,,P0:75;P1:75;P2:75;P3:75;,undefined:undefined
A142YEQ6O81P55,noPathNoEx,1,0,1568956766221,0,Added cell 2-5-true,,P0:;P1:;P2:;P3:,4 5 3 3 5 1 3 5 3 4 3 3 1 1 ,,P0:70;P1:75;P2:75;P3:75;,02:48
A142YEQ6O81P55,noPathNoEx,1,0,1568956766603,0,Added cell 2-6-true,,P0:;P1:;P2:;P3:,4 5 3 3 5 3 5 3 4 3 3 1 1 ,,P0:65;P1:75;P2:75;P3:75;,02:47
A142YEQ6O81P55,noPathNoEx,1,0,1568956767003,0,Added cell 3-6-true,,P0:;P1:;P2:;P3:,5 3 3 5 3 5 3 4 3 3 1 1 ,,P0:60;P1:75;P2:75;P3:75;,02:47
A142YEQ6O81P55,noPathNoEx,1,0,1568956770106,0,Added cell 4-6-true,,P0:;P1:;P2:;P3:,5 3 3 5 3 5 3 4 3 3 1 ,,P0:55;P1:75;P2:75;P3:75;,02:44
A142YEQ6O81P55,noPathNoEx,1,0,1568956770492,0,Added cell 4-7-true,,P0:;P1:;P2:;P3:,5 3 3 5 3 5 3 4 3 3 ,,P0:50;P1:75;P2:75;P3:75;,02:44
A142YEQ6O81P55,noPathNoEx,1,0,1568956770994,0,Added cell 5-7-true,,P0:;P1:;P2:;P3:,5 3 3 5 3 5 3 3 3 ,,P0:45;P1:75;P2:75;P3:75;,02:43
A142YEQ6O81P55,noPathNoEx,1,0,1568956771445,0,Added cell 5-8-true,,P0:;P1:;P2:;P3:,3 3 5 3 5 3 3 3 ,,P0:40;P1:75;P2:75;P3:75;,02:43
A142YEQ6O81P55,noPathNoEx,1,0,1568956772233,0,Denied adding cell 6-8-false,,P0:;P1:;P2:;P3:,3 3 5 3 5 3 3 3 ,,P0:40;P1:75;P2:75;P3:75;,02:42
A142YEQ6O81P55,noPathNoEx,1,0,1568956774843,0,Removed cell 5-8-true,,P0:;P1:;P2:;P3:,3 3 5 3 5 3 3 3 5 ,,P0:45;P1:75;P2:75;P3:75;,02:39
A142YEQ6O81P55,noPathNoEx,1,0,1568956775224,0,Removed cell 5-7-false,,P0:;P1:;P2:;P3:,3 3 5 3 5 3 3 3 5 4 ,,P0:50;P1:75;P2:75;P3:75;,02:39
A142YEQ6O81P55,noPathNoEx,1,0,1568956775537,0,Removed cell 4-7-false,,P0:;P1:;P2:;P3:,3 3 5 3 5 3 3 3 5 4 1 ,,P0:55;P1:75;P2:75;P3:75;,02:39
A142YEQ6O81P55,noPathNoEx,1,0,1568956775912,0,Removed cell 4-6-true,,P0:;P1:;P2:;P3:,3 3 5 3 5 3 3 3 5 4 1 1 ,,P0:60;P1:75;P2:75;P3:75;,02:38
A142YEQ6O81P55,noPathNoEx,1,0,1568956776255,0,Removed cell 3-6-true,,P0:;P1:;P2:;P3:,3 3 5 3 5 3 3 3 5 4 1 1 4 ,,P0:65;P1:75;P2:75;P3:75;,02:38
A142YEQ6O81P55,noPathNoEx,1,0,1568956776674,0,Removed cell 2-6-true,,P0:;P1:;P2:;P3:,3 3 5 3 5 3 3 3 5 4 1 1 4 1 ,,P0:70;P1:75;P2:75;P3:75;,02:37
A142YEQ6O81P55,noPathNoEx,1,0,1568956777123,0,Removed cell 2-5-true,,P0:;P1:;P2:;P3:,3 3 5 3 5 3 3 3 5 4 1 1 4 1 1 ,,P0:75;P1:75;P2:75;P3:75;,02:37
A142YEQ6O81P55,noPathNoEx,1,0,1568956785233,0,Added cell 2-5-true,,P0:;P1:;P2:;P3:,3 3 5 3 5 3 3 3 5 4 1 4 1 1 ,,P0:70;P1:75;P2:75;P3:75;,02:29
A142YEQ6O81P55,noPathNoEx,1,0,1568956786337,0,Denied adding cell 3-5-false,,P0:;P1:;P2:;P3:,3 3 5 3 5 3 3 3 5 4 1 4 1 1 ,,P0:70;P1:75;P2:75;P3:75;,02:28
A142YEQ6O81P55,noPathNoEx,1,0,1568956788253,0,Added cell 4-5-true,,P0:;P1:;P2:;P3:,3 3 3 5 3 3 3 5 4 1 4 1 1 ,,P0:65;P1:75;P2:75;P3:75;,02:26
A142YEQ6O81P55,noPathNoEx,1,0,1568956788814,0,Added cell 5-5-true,,P0:;P1:;P2:;P3:,3 3 3 3 3 3 5 4 1 4 1 1 ,,P0:60;P1:75;P2:75;P3:75;,02:25
A142YEQ6O81P55,noPathNoEx,1,0,1568956790534,0,Added cell 6-5-true,,P0:;P1:;P2:;P3:,3 3 3 3 3 3 5 1 4 1 1 ,,P0:55;P1:75;P2:75;P3:75;,02:24
A142YEQ6O81P55,noPathNoEx,1,0,1568956792414,0,Added cell 7-5-true,,P0:;P1:;P2:;P3:,3 3 3 3 3 5 1 4 1 1 ,,P0:50;P1:75;P2:75;P3:75;,02:22
A142YEQ6O81P55,noPathNoEx,1,0,1568956793683,0,Added cell 7-6-true,,P0:;P1:;P2:;P3:,3 3 3 3 3 5 1 1 1 ,,P0:45;P1:75;P2:75;P3:75;,02:20
A142YEQ6O81P55,noPathNoEx,1,0,1568956794219,0,Added cell 7-7-true,,P0:;P1:;P2:;P3:,3 3 3 3 3 1 1 1 ,,P0:40;P1:75;P2:75;P3:75;,02:20
A142YEQ6O81P55,noPathNoEx,1,0,1568956795042,0,Denied adding cell 7-8-false,,P0:;P1:;P2:;P3:,3 3 3 3 3 1 1 1 ,,P0:40;P1:75;P2:75;P3:75;,02:19
A142YEQ6O81P55,noPathNoEx,1,0,1568956798497,0,Removed cell 7-7-false,,P0:;P1:;P2:;P3:,3 3 3 3 3 1 1 1 5 ,,P0:45;P1:75;P2:75;P3:75;,02:16
A142YEQ6O81P55,noPathNoEx,1,0,1568956798916,0,Removed cell 7-6-false,,P0:;P1:;P2:;P3:,3 3 3 3 3 1 1 1 5 4 ,,P0:50;P1:75;P2:75;P3:75;,02:15
A142YEQ6O81P55,noPathNoEx,1,0,1568956799354,0,Removed cell 7-5-true,,P0:;P1:;P2:;P3:,3 3 3 3 3 1 1 1 5 4 3 ,,P0:55;P1:75;P2:75;P3:75;,02:15
A142YEQ6O81P55,noPathNoEx,1,0,1568956799837,0,Removed cell 6-5-true,,P0:;P1:;P2:;P3:,3 3 3 3 3 1 1 1 5 4 3 4 ,,P0:60;P1:75;P2:75;P3:75;,02:14
A142YEQ6O81P55,noPathNoEx,1,0,1568956800338,0,Added cell 5-6-true,,P0:;P1:;P2:;P3:,3 3 3 3 3 1 1 5 4 3 4 ,,P0:55;P1:75;P2:75;P3:75;,02:14
A142YEQ6O81P55,noPathNoEx,1,0,1568956801189,0,Added cell 5-7-true,,P0:;P1:;P2:;P3:,3 3 3 3 3 1 1 5 3 4 ,,P0:50;P1:75;P2:75;P3:75;,02:13
A142YEQ6O81P55,noPathNoEx,1,0,1568956802056,0,Added cell 5-8-true,,P0:;P1:;P2:;P3:,3 3 3 3 3 1 1 3 4 ,,P0:45;P1:75;P2:75;P3:75;,02:12
A142YEQ6O81P55,noPathNoEx,1,0,1568956802869,0,Added cell 6-8-true,,P0:;P1:;P2:;P3:,3 3 3 3 3 1 3 4 ,,P0:40;P1:75;P2:75;P3:75;,02:11
A142YEQ6O81P55,noPathNoEx,1,0,1568956804347,0,Removed cell 5-8-false,,P0:;P1:;P2:;P3:,3 3 3 3 3 1 3 4 5 ,,P0:45;P1:75;P2:75;P3:75;,02:10
A142YEQ6O81P55,noPathNoEx,1,0,1568956804807,0,Removed cell 6-8-true,,P0:;P1:;P2:;P3:,3 3 3 3 3 1 3 4 5 1 ,,P0:50;P1:75;P2:75;P3:75;,02:09
A142YEQ6O81P55,noPathNoEx,1,0,1568956805544,0,Removed cell 5-7-true,,P0:;P1:;P2:;P3:,3 3 3 3 3 1 3 4 5 1 4 ,,P0:55;P1:75;P2:75;P3:75;,02:09
A142YEQ6O81P55,noPathNoEx,1,0,1568956805851,0,Removed cell 5-6-true,,P0:;P1:;P2:;P3:,3 3 3 3 3 1 3 4 5 1 4 1 ,,P0:60;P1:75;P2:75;P3:75;,02:08
A142YEQ6O81P55,noPathNoEx,1,0,1568956806140,0,Removed cell 5-5-true,,P0:;P1:;P2:;P3:,3 3 3 3 3 1 3 4 5 1 4 1 5 ,,P0:65;P1:75;P2:75;P3:75;,02:08
A142YEQ6O81P55,noPathNoEx,1,0,1568956806461,0,Removed cell 4-5-true,,P0:;P1:;P2:;P3:,3 3 3 3 3 1 3 4 5 1 4 1 5 5 ,,P0:70;P1:75;P2:75;P3:75;,02:08
A142YEQ6O81P55,noPathNoEx,1,0,1568956806988,0,Removed cell 2-5-true,,P0:;P1:;P2:;P3:,3 3 3 3 3 1 3 4 5 1 4 1 5 5 1 ,,P0:75;P1:75;P2:75;P3:75;,02:07
A142YEQ6O81P55,noPathNoEx,1,0,1568956813632,0,Added cell 2-3-true,,P0:;P1:;P2:;P3:,3 3 3 3 3 1 3 5 1 4 1 5 5 1 ,,P0:70;P1:75;P2:75;P3:75;,02:00
A142YEQ6O81P55,noPathNoEx,1,0,1568956814459,0,Added cell 4-3-true,,P0:;P1:;P2:;P3:,3 3 3 3 3 3 5 1 4 1 5 5 1 ,,P0:65;P1:75;P2:75;P3:75;,02:00
A142YEQ6O81P55,noPathNoEx,1,0,1568956815307,0,Added cell 5-3-true,,P0:;P1:;P2:;P3:,3 3 3 3 3 3 1 4 1 5 5 1 ,,P0:60;P1:75;P2:75;P3:75;,01:59
A142YEQ6O81P55,noPathNoEx,1,0,1568956815974,0,Added cell 6-3-true,,P0:;P1:;P2:;P3:,3 3 3 3 3 3 1 1 5 5 1 ,,P0:55;P1:75;P2:75;P3:75;,01:58
A142YEQ6O81P55,noPathNoEx,1,0,1568956816523,0,Added cell 7-3-true,,P0:;P1:;P2:;P3:,3 3 3 3 3 1 1 5 5 1 ,,P0:50;P1:75;P2:75;P3:75;,01:58
A142YEQ6O81P55,noPathNoEx,1,0,1568956816949,0,Added cell 7-4-true,,P0:;P1:;P2:;P3:,3 3 3 3 1 1 5 5 1 ,,P0:45;P1:75;P2:75;P3:75;,01:57
A142YEQ6O81P55,noPathNoEx,1,0,1568956817517,0,Added cell 7-5-true,,P0:;P1:;P2:;P3:,3 3 3 1 1 5 5 1 ,,P0:40;P1:75;P2:75;P3:75;,01:57
A142YEQ6O81P55,noPathNoEx,1,0,1568956818016,0,Denied adding cell 7-6-false,,P0:;P1:;P2:;P3:,3 3 3 1 1 5 5 1 ,,P0:40;P1:75;P2:75;P3:75;,01:56
A142YEQ6O81P55,noPathNoEx,1,0,1568956820411,0,Removed cell 7-5-true,,P0:;P1:;P2:;P3:,3 3 3 1 1 5 5 1 3 ,,P0:45;P1:75;P2:75;P3:75;,01:54
A142YEQ6O81P55,noPathNoEx,1,0,1568956820799,0,Removed cell 7-4-true,,P0:;P1:;P2:;P3:,3 3 3 1 1 5 5 1 3 3 ,,P0:50;P1:75;P2:75;P3:75;,01:53
A142YEQ6O81P55,noPathNoEx,1,0,1568956821222,0,Removed cell 7-3-true,,P0:;P1:;P2:;P3:,3 3 3 1 1 5 5 1 3 3 3 ,,P0:55;P1:75;P2:75;P3:75;,01:53
A142YEQ6O81P55,noPathNoEx,1,0,1568956821524,0,Removed cell 6-3-false,,P0:;P1:;P2:;P3:,3 3 3 1 1 5 5 1 3 3 3 4 ,,P0:60;P1:75;P2:75;P3:75;,01:53
A142YEQ6O81P55,noPathNoEx,1,0,1568956821821,0,Removed cell 5-3-true,,P0:;P1:;P2:;P3:,3 3 3 1 1 5 5 1 3 3 3 4 5 ,,P0:65;P1:75;P2:75;P3:75;,01:52
A142YEQ6O81P55,noPathNoEx,1,0,1568956822144,0,Removed cell 4-3-true,,P0:;P1:;P2:;P3:,3 3 3 1 1 5 5 1 3 3 3 4 5 1 ,,P0:70;P1:75;P2:75;P3:75;,01:52
A142YEQ6O81P55,noPathNoEx,1,0,1568956822476,0,Removed cell 2-3-true,,P0:;P1:;P2:;P3:,3 3 3 1 1 5 5 1 3 3 3 4 5 1 4 ,,P0:75;P1:75;P2:75;P3:75;,01:52
A142YEQ6O81P55,noPathNoEx,1,0,1568956828592,0,Motivation: Standing still will give me more points,,P0:;P1:;P2:;P3:,3 3 3 1 1 5 5 1 3 3 3 4 5 1 4 ,,P0:75;P1:75;P2:75;P3:75;,01:45
A142YEQ6O81P55,noPathNoEx,1,0,1568956828593,0,Ending game,,P0:;P1:;P2:;P3:,3 3 3 1 1 5 5 1 3 3 3 4 5 1 4 ,,P0:75;P1:75;P2:75;P3:75;,01:45
A142YEQ6O81P55,noPathNoEx,3,1,1568956830469,0,Starting new game,,P0:;P1:;P2:;P3:,3 1 2 3 4 3 2 1 2 4 1 1 3 4 4 ,,P0:75;P1:75;P2:75;P3:75;,01:45

A142YEQ6O81P55,noPathNoEx,3,1,1568956834617,0,Added cell 0-1-true,,P0:;P1:;P2:;P3:,3 1 3 4 3 2 1 2 4 1 1 3 4 4 ,,P0:70;P1:75;P2:75;P3:75;,02:57
A142YEQ6O81P55,noPathNoEx,3,1,1568956836173,0,Added cell 0-2-true,,P0:;P1:;P2:;P3:,3 1 3 3 2 1 2 4 1 1 3 4 4 ,,P0:65;P1:75;P2:75;P3:75;,02:56
A142YEQ6O81P55,noPathNoEx,3,1,1568956837098,0,Added cell 1-2-true,,P0:;P1:;P2:;P3:,3 3 3 2 1 2 4 1 1 3 4 4 ,,P0:60;P1:75;P2:75;P3:75;,02:55
A142YEQ6O81P55,noPathNoEx,3,1,1568956840198,0,Added cell 3-2-true,,P0:;P1:;P2:;P3:,3 3 3 1 2 4 1 1 3 4 4 ,,P0:55;P1:75;P2:75;P3:75;,02:52
A142YEQ6O81P55,noPathNoEx,3,1,1568956842052,0,Added cell 3-3-true,,P0:;P1:;P2:;P3:,3 3 3 2 4 1 1 3 4 4 ,,P0:50;P1:75;P2:75;P3:75;,02:50
A142YEQ6O81P55,noPathNoEx,3,1,1568956842590,0,Added cell 4-3-true,,P0:;P1:;P2:;P3:,3 3 3 4 1 1 3 4 4 ,,P0:45;P1:75;P2:75;P3:75;,02:49
A142YEQ6O81P55,noPathNoEx,3,1,1568956843231,0,Added cell 5-3-true,,P0:;P1:;P2:;P3:,3 3 3 1 1 3 4 4 ,,P0:40;P1:75;P2:75;P3:75;,02:49
A142YEQ6O81P55,noPathNoEx,3,1,1568956844315,0,Added cell 5-2-true,,P0:;P1:;P2:;P3:,3 3 3 1 1 3 4 ,,P0:35;P1:75;P2:75;P3:75;,02:48
A142YEQ6O81P55,noPathNoEx,3,1,1568956844896,0,Added cell 6-2-true,,P0:;P1:;P2:;P3:,3 3 1 1 3 4 ,,P0:30;P1:75;P2:75;P3:75;,02:47
A142YEQ6O81P55,noPathNoEx,3,1,1568956852070,0,ChipRequest;From;2;Colour;5;ReqNrOfChips;1;Success;true,,P0:;P1:;P2:;P3:,3 3 1 1 3 4 ,,P0:30;P1:75;P2:75;P3:75;,02:40
A142YEQ6O81P55,noPathNoEx,3,1,1568956854576,0,ChipRequest min:;From;2;Colour;4;ReqNrOfChips;0;Success;1,4,P0:;P1:;P2:4;;P3:,3 3 1 1 3 4 , ,P0:-41;P1:75;P2:75;P3:75;,02:37
A142YEQ6O81P55,noPathNoEx,3,1,1568956855784,0,ChipRequest;From;1;Colour;5;ReqNrOfChips;1;Success;true,,P0:;P1:;P2:;P3:,3 3 1 1 3 4 , ,P0:30;P1:75;P2:75;P3:75;,02:36
A142YEQ6O81P55,noPathNoEx,3,1,1568956857004,0,ChipRequest min:;From;1;Colour;4;ReqNrOfChips;0;Success;1,4,P0:;P1:4;;P2:;P3:,3 3 1 1 3 4 , ,P0:-41;P1:75;P2:75;P3:75;,02:35
A142YEQ6O81P55,noPathNoEx,3,1,1568956858204,0,Removed cell 5-2-true,,P0:;P1:;P2:;P3:,3 3 1 1 3 4 4 , ,P0:35;P1:75;P2:75;P3:75;,02:34
A142YEQ6O81P55,noPathNoEx,3,1,1568956858789,0,Removed cell 5-3-true,,P0:;P1:;P2:;P3:,3 3 1 1 3 4 4 4 , ,P0:40;P1:75;P2:75;P3:75;,02:33
A142YEQ6O81P55,noPathNoEx,3,1,1568956859175,0,Removed cell 4-3-false,,P0:;P1:;P2:;P3:,3 3 1 1 3 4 4 4 2 , ,P0:45;P1:75;P2:75;P3:75;,02:33
A142YEQ6O81P55,noPathNoEx,3,1,1568956859585,0,Removed cell 3-3-true,,P0:;P1:;P2:;P3:,3 3 1 1 3 4 4 4 2 1 , ,P0:50;P1:75;P2:75;P3:75;,02:32
A142YEQ6O81P55,noPathNoEx,3,1,1568956860037,0,Removed cell 3-2-true,,P0:;P1:;P2:;P3:,3 3 1 1 3 4 4 4 2 1 2 , ,P0:55;P1:75;P2:75;P3:75;,02:32
A142YEQ6O81P55,noPathNoEx,3,1,1568956860574,0,Removed cell 1-2-true,,P0:;P1:;P2:;P3:,3 3 1 1 3 4 4 4 2 1 2 1 , ,P0:60;P1:75;P2:75;P3:75;,02:31
A142YEQ6O81P55,noPathNoEx,3,1,1568956861564,0,Removed cell 0-1-true,,P0:;P1:;P2:;P3:,3 3 1 1 3 4 4 4 2 1 2 1 2 , ,P0:65;P1:75;P2:75;P3:75;,02:31
A142YEQ6O81P55,noPathNoEx,3,1,1568956864939,0,Removed cell 0-2-true,,P0:;P1:;P2:;P3:,3 3 1 1 3 4 4 4 2 1 2 1 2 4 , ,P0:70;P1:75;P2:75;P3:75;,02:27
A142YEQ6O81P55,noPathNoEx,3,1,1568956866354,0,Added cell 6-1-true,,P0:;P1:;P2:;P3:,3 3 1 1 3 4 4 2 1 2 1 2 4 , ,P0:65;P1:75;P2:75;P3:75;,02:26
A142YEQ6O81P55,noPathNoEx,3,1,1568956870661,0,Removed cell 6-1-true,,P0:;P1:;P2:;P3:,3 3 1 1 3 4 4 2 1 2 1 2 4 4 , ,P0:70;P1:75;P2:75;P3:75;,02:21
A142YEQ6O81P55,noPathNoEx,3,1,1568956877287,0,Motivation: Standing still will give me more points,,P0:;P1:;P2:;P3:,3 3 1 1 3 4 4 2 1 2 1 2 4 4 , ,P0:70;P1:75;P2:75;P3:75;,02:15
A142YEQ6O81P55,noPathNoEx,3,1,1568956877288,0,Ending game,,P0:;P1:;P2:;P3:,3 3 1 1 3 4 4 2 1 2 1 2 4 4 , ,P0:70;P1:75;P2:75;P3:75;,02:15
A142YEQ6O81P55,noPathNoEx,8,2,1568956879269,0,Starting new game,,P0:;P1:;P2:;P3:,2 1 4 5 4 4 1 2 3 1 1 1 1 1 5 ,,P0:75;P1:75;P2:75;P3:75;,02:15

A142YEQ6O81P55,noPathNoEx,8,2,1568956888116,0,Added cell 2-2-true,,P0:;P1:;P2:;P3:,2 1 4 5 4 4 1 2 1 1 1 1 1 5 ,,P0:70;P1:75;P2:75;P3:75;,02:53
A142YEQ6O81P55,noPathNoEx,8,2,1568956888840,0,Removed cell 2-2-false,,P0:;P1:;P2:;P3:,2 1 4 5 4 4 1 2 1 1 1 1 1 5 3 ,,P0:75;P1:75;P2:75;P3:75;,02:52
A142YEQ6O81P55,noPathNoEx,8,2,1568956890261,0,Added cell 2-2-true,,P0:;P1:;P2:;P3:,2 1 4 5 4 4 1 2 1 1 1 1 1 5 ,,P0:70;P1:75;P2:75;P3:75;,02:51
A142YEQ6O81P55,noPathNoEx,8,2,1568956890837,0,Added cell 2-1-true,,P0:;P1:;P2:;P3:,2 1 5 4 4 1 2 1 1 1 1 1 5 ,,P0:65;P1:75;P2:75;P3:75;,02:50
A142YEQ6O81P55,noPathNoEx,8,2,1568956891371,0,Added cell 3-1-true,,P0:;P1:;P2:;P3:,1 5 4 4 1 2 1 1 1 1 1 5 ,,P0:60;P1:75;P2:75;P3:75;,02:49
A142YEQ6O81P55,noPathNoEx,8,2,1568956891890,0,Added cell 4-1-true,,P0:;P1:;P2:;P3:,1 4 4 1 2 1 1 1 1 1 5 ,,P0:55;P1:75;P2:75;P3:75;,02:49
A142YEQ6O81P55,noPathNoEx,8,2,1568956892423,0,Added cell 5-1-true,,P0:;P1:;P2:;P3:,1 4 4 1 2 1 1 1 1 1 ,,P0:50;P1:75;P2:75;P3:75;,02:48
A142YEQ6O81P55,noPathNoEx,8,2,1568956896171,0,Removed cell 4-1-false,,P0:;P1:;P2:;P3:,1 4 4 1 2 1 1 1 1 1 5 ,,P0:55;P1:75;P2:75;P3:75;,02:45
A142YEQ6O81P55,noPathNoEx,8,2,1568956896535,0,Removed cell 3-1-true,,P0:;P1:;P2:;P3:,1 4 4 1 2 1 1 1 1 1 5 2 ,,P0:60;P1:75;P2:75;P3:75;,02:44
A142YEQ6O81P55,noPathNoEx,8,2,1568956897381,0,Removed cell 5-1-true,,P0:;P1:;P2:;P3:,1 4 4 1 2 1 1 1 1 1 5 2 5 ,,P0:65;P1:75;P2:75;P3:75;,02:43
A142YEQ6O81P55,noPathNoEx,8,2,1568956897726,0,Added cell 3-1-true,,P0:;P1:;P2:;P3:,1 4 4 1 1 1 1 1 1 5 2 5 ,,P0:60;P1:75;P2:75;P3:75;,02:43
A142YEQ6O81P55,noPathNoEx,8,2,1568956898305,0,Added cell 3-0-true,,P0:;P1:;P2:;P3:,1 4 4 1 1 1 1 1 1 5 5 ,,P0:55;P1:75;P2:75;P3:75;,02:43
A142YEQ6O81P55,noPathNoEx,8,2,1568956900424,0,Removed cell 3-0-false,,P0:;P1:;P2:;P3:,1 4 4 1 1 1 1 1 1 5 5 2 ,,P0:60;P1:75;P2:75;P3:75;,02:40
A142YEQ6O81P55,noPathNoEx,8,2,1568956901638,0,Removed cell 3-1-true,,P0:;P1:;P2:;P3:,1 4 4 1 1 1 1 1 1 5 5 2 2 ,,P0:65;P1:75;P2:75;P3:75;,02:39
A142YEQ6O81P55,noPathNoEx,8,2,1568956901973,0,Removed cell 2-1-true,,P0:;P1:;P2:;P3:,1 4 4 1 1 1 1 1 1 5 5 2 2 4 ,,P0:70;P1:75;P2:75;P3:75;,02:39
A142YEQ6O81P55,noPathNoEx,8,2,1568956903805,0,Removed cell 2-2-false,,P0:;P1:;P2:;P3:,1 4 4 1 1 1 1 1 1 5 5 2 2 4 3 ,,P0:75;P1:75;P2:75;P3:75;,02:37
A142YEQ6O81P55,noPathNoEx,8,2,1568956904927,0,Tried to add own cell 1-2,,P0:;P1:;P2:;P3:,1 4 4 1 1 1 1 1 1 5 5 2 2 4 3 ,,P0:75;P1:75;P2:75;P3:75;,02:36
A142YEQ6O81P55,noPathNoEx,8,2,1568956911519,0,Added cell 1-3-true,,P0:;P1:;P2:;P3:,1 4 4 1 1 1 1 1 1 5 5 2 2 4 ,,P0:70;P1:75;P2:75;P3:75;,02:29
A142YEQ6O81P55,noPathNoEx,8,2,1568956914661,0,Added cell 2-3-true,,P0:;P1:;P2:;P3:,1 4 1 1 1 1 1 1 5 5 2 2 4 ,,P0:65;P1:75;P2:75;P3:75;,02:26
A142YEQ6O81P55,noPathNoEx,8,2,1568956915423,0,Added cell 3-3-true,,P0:;P1:;P2:;P3:,1 4 1 1 1 1 1 1 5 5 2 4 ,,P0:60;P1:75;P2:75;P3:75;,02:25
A142YEQ6O81P55,noPathNoEx,8,2,1568956916200,0,Added cell 4-3-true,,P0:;P1:;P2:;P3:,1 4 1 1 1 1 1 1 5 5 4 ,,P0:55;P1:75;P2:75;P3:75;,02:25
A142YEQ6O81P55,noPathNoEx,8,2,1568956918021,0,Added cell 5-3-true,,P0:;P1:;P2:;P3:,1 4 1 1 1 1 1 1 5 4 ,,P0:50;P1:75;P2:75;P3:75;,02:23
A142YEQ6O81P55,noPathNoEx,8,2,1568956918673,0,Added cell 6-3-true,,P0:;P1:;P2:;P3:,1 4 1 1 1 1 1 1 4 ,,P0:45;P1:75;P2:75;P3:75;,02:22
A142YEQ6O81P55,noPathNoEx,8,2,1568956920811,0,Removed cell 5-3-false,,P0:;P1:;P2:;P3:,1 4 1 1 1 1 1 1 4 5 ,,P0:50;P1:75;P2:75;P3:75;,02:20
A142YEQ6O81P55,noPathNoEx,8,2,1568956921441,0,Removed cell 6-3-true,,P0:;P1:;P2:;P3:,1 4 1 1 1 1 1 1 4 5 5 ,,P0:55;P1:75;P2:75;P3:75;,02:20
A142YEQ6O81P55,noPathNoEx,8,2,1568956921771,0,Removed cell 4-3-false,,P0:;P1:;P2:;P3:,1 4 1 1 1 1 1 1 4 5 5 2 ,,P0:60;P1:75;P2:75;P3:75;,02:19
A142YEQ6O81P55,noPathNoEx,8,2,1568956922434,0,Removed cell 3-3-true,,P0:;P1:;P2:;P3:,1 4 1 1 1 1 1 1 4 5 5 2 2 ,,P0:65;P1:75;P2:75;P3:75;,02:18
A142YEQ6O81P55,noPathNoEx,8,2,1568956922661,0,Removed cell 2-3-true,,P0:;P1:;P2:;P3:,1 4 1 1 1 1 1 1 4 5 5 2 2 4 ,,P0:70;P1:75;P2:75;P3:75;,02:18
A142YEQ6O81P55,noPathNoEx,8,2,1568956924264,0,Removed cell 1-3-false,,P0:;P1:;P2:;P3:,1 4 1 1 1 1 1 1 4 5 5 2 2 4 3 ,,P0:75;P1:75;P2:75;P3:75;,02:17
A142YEQ6O81P55,noPathNoEx,8,2,1568956928069,0,Added cell 2-2-true,,P0:;P1:;P2:;P3:,1 4 1 1 1 1 1 1 4 5 5 2 2 4 ,,P0:70;P1:75;P2:75;P3:75;,02:13
A142YEQ6O81P55,noPathNoEx,8,2,1568956928705,0,Added cell 2-1-true,,P0:;P1:;P2:;P3:,1 1 1 1 1 1 1 4 5 5 2 2 4 ,,P0:65;P1:75;P2:75;P3:75;,02:12
A142YEQ6O81P55,noPathNoEx,8,2,1568956929420,0,Added cell 3-1-true,,P0:;P1:;P2:;P3:,1 1 1 1 1 1 1 4 5 5 2 4 ,,P0:60;P1:75;P2:75;P3:75;,02:11
A142YEQ6O81P55,noPathNoEx,8,2,1568956930316,0,Added cell 4-1-true,,P0:;P1:;P2:;P3:,1 1 1 1 1 1 1 4 5 2 4 ,,P0:55;P1:75;P2:75;P3:75;,02:11
A142YEQ6O81P55,noPathNoEx,8,2,1568956930783,0,Added cell 5-1-true,,P0:;P1:;P2:;P3:,1 1 1 1 1 1 1 4 2 4 ,,P0:50;P1:75;P2:75;P3:75;,02:10
A142YEQ6O81P55,noPathNoEx,8,2,1568956932774,0,Added cell 6-1-true,,P0:;P1:;P2:;P3:,1 1 1 1 1 1 1 4 4 ,,P0:45;P1:75;P2:75;P3:75;,02:08
A142YEQ6O81P55,noPathNoEx,8,2,1568956933533,0,Added cell 8-1-true,,P0:;P1:;P2:;P3:,1 1 1 1 1 1 4 4 ,,P0:40;P1:75;P2:75;P3:75;,02:07
A142YEQ6O81P55,noPathNoEx,8,2,1568956936033,0,Denied adding cell 9-1-false,,P0:;P1:;P2:;P3:,1 1 1 1 1 1 4 4 ,,P0:40;P1:75;P2:75;P3:75;,02:05
A142YEQ6O81P55,noPathNoEx,8,2,1568956938873,0,Removed cell 6-1-false,,P0:;P1:;P2:;P3:,1 1 1 1 1 1 4 4 2 ,,P0:45;P1:75;P2:75;P3:75;,02:02
A142YEQ6O81P55,noPathNoEx,8,2,1568956939289,0,Removed cell 5-1-false,,P0:;P1:;P2:;P3:,1 1 1 1 1 1 4 4 2 5 ,,P0:50;P1:75;P2:75;P3:75;,02:02
A142YEQ6O81P55,noPathNoEx,8,2,1568956940970,0,Removed cell 4-1-true,,P0:;P1:;P2:;P3:,1 1 1 1 1 1 4 4 2 5 5 ,,P0:55;P1:75;P2:75;P3:75;,02:00
A142YEQ6O81P55,noPathNoEx,8,2,1568956941332,0,Removed cell 3-1-true,,P0:;P1:;P2:;P3:,1 1 1 1 1 1 4 4 2 5 5 2 ,,P0:60;P1:75;P2:75;P3:75;,01:59
A142YEQ6O81P55,noPathNoEx,8,2,1568956941630,0,Removed cell 2-1-true,,P0:;P1:;P2:;P3:,1 1 1 1 1 1 4 4 2 5 5 2 4 ,,P0:65;P1:75;P2:75;P3:75;,01:59
A142YEQ6O81P55,noPathNoEx,8,2,1568956942044,0,Removed cell 2-2-false,,P0:;P1:;P2:;P3:,1 1 1 1 1 1 4 4 2 5 5 2 4 3 ,,P0:70;P1:75;P2:75;P3:75;,01:59
A142YEQ6O81P55,noPathNoEx,8,2,1568956943158,0,Removed cell 8-1-true,,P0:;P1:;P2:;P3:,1 1 1 1 1 1 4 4 2 5 5 2 4 3 1 ,,P0:75;P1:75;P2:75;P3:75;,01:58
A142YEQ6O81P55,noPathNoEx,8,2,1568956945873,0,Motivation: Standing still will give me more points,,P0:;P1:;P2:;P3:,1 1 1 1 1 1 4 4 2 5 5 2 4 3 1 ,,P0:75;P1:75;P2:75;P3:75;,01:55
A142YEQ6O81P55,noPathNoEx,8,2,1568956945873,0,Ending game,,P0:;P1:;P2:;P3:,1 1 1 1 1 1 4 4 2 5 5 2 4 3 1 ,,P0:75;P1:75;P2:75;P3:75;,01:55
A142YEQ6O81P55,noPathNoEx,10,3,1568956948947,0,Starting new game,,P0:;P1:;P2:;P3:,1 5 2 5 4 1 2 2 2 1 4 5 1 5 5 ,,P0:75;P1:75;P2:75;P3:75;,01:55

A142YEQ6O81P55,noPathNoEx,10,3,1568956966163,0,Denied adding cell 5-9-false,,P0:;P1:;P2:;P3:,1 5 2 5 4 1 2 2 2 1 4 5 1 5 5 ,,P0:75;P1:75;P2:75;P3:75;,02:44
A142YEQ6O81P55,noPathNoEx,10,3,1568956969076,0,Denied adding cell 5-9-false,,P0:;P1:;P2:;P3:,1 5 2 5 4 1 2 2 2 1 4 5 1 5 5 ,,P0:75;P1:75;P2:75;P3:75;,02:41
A142YEQ6O81P55,noPathNoEx,10,3,1568956973640,0,ChipRequest;From;2;Colour;3;ReqNrOfChips;1;Success;true,,P0:;P1:;P2:;P3:,1 5 2 5 4 1 2 2 2 1 4 5 1 5 5 ,,P0:75;P1:75;P2:75;P3:75;,02:37
A142YEQ6O81P55,noPathNoEx,10,3,1568956976066,0,ChipRequest;From;2;Colour;3;ReqNrOfChips;2;Success;true,2,P0:;P1:;P2:2;;P3:,1 5 2 5 4 1 2 2 2 1 4 5 1 5 5 3 , 3 ,P0:4;P1:75;P2:75;P3:75;,02:34
A142YEQ6O81P55,noPathNoEx,10,3,1568956978840,0,Added cell 5-9-false,2 2,P0:;P1:;P2:2;2;;P3:,1 5 2 5 4 1 2 2 2 1 4 5 1 5 5 3 , 3 3 ,P0:-2;P1:75;P2:75;P3:75;,02:32
A142YEQ6O81P55,noPathNoEx,10,3,1568956981212,0,Added cell 2-3-false,2 2,P0:;P1:;P2:2;2;;P3:,1 5 2 5 4 1 2 2 2 1 4 5 1 5 5 , 3 3 ,P0:-7;P1:75;P2:75;P3:75;,02:29
A142YEQ6O81P55,noPathNoEx,10,3,1568956982420,0,Added cell 1-3-true,2 2,P0:;P1:;P2:2;2;;P3:,1 2 5 4 1 2 2 2 1 4 5 1 5 5 , 3 3 ,P0:-12;P1:75;P2:75;P3:75;,02:28
A142YEQ6O81P55,noPathNoEx,10,3,1568956983147,0,Added cell 3-3-true,2 2,P0:;P1:;P2:2;2;;P3:,1 2 5 1 2 2 2 1 4 5 1 5 5 , 3 3 ,P0:-17;P1:75;P2:75;P3:75;,02:27
A142YEQ6O81P55,noPathNoEx,10,3,1568956983674,0,Added cell 4-3-true,2 2,P0:;P1:;P2:2;2;;P3:,2 5 1 2 2 2 1 4 5 1 5 5 , 3 3 ,P0:-22;P1:75;P2:75;P3:75;,02:27
A142YEQ6O81P55,noPathNoEx,10,3,1568956984206,0,Added cell 4-4-true,2 2,P0:;P1:;P2:2;2;;P3:,5 1 2 2 2 1 4 5 1 5 5 , 3 3 ,P0:-27;P1:75;P2:75;P3:75;,02:26
A142YEQ6O81P55,noPathNoEx,10,3,1568956984936,0,Added cell 4-5-true,2 2,P0:;P1:;P2:2;2;;P3:,5 1 2 2 1 4 5 1 5 5 , 3 3 ,P0:-32;P1:75;P2:75;P3:75;,02:26
A142YEQ6O81P55,noPathNoEx,10,3,1568956985507,0,Added cell 4-6-true,2 2,P0:;P1:;P2:2;2;;P3:,5 2 2 1 4 5 1 5 5 , 3 3 ,P0:-37;P1:75;P2:75;P3:75;,02:25
A142YEQ6O81P55,noPathNoEx,10,3,1568956985978,0,Added cell 4-7-true,2 2,P0:;P1:;P2:2;2;;P3:,5 2 2 1 5 1 5 5 , 3 3 ,P0:-42;P1:75;P2:75;P3:75;,02:25
A142YEQ6O81P55,noPathNoEx,10,3,1568956986744,0,Added cell 4-8-true,2 2,P0:;P1:;P2:2;2;;P3:,5 2 2 5 1 5 5 , 3 3 ,P0:-47;P1:75;P2:75;P3:75;,02:24
A142YEQ6O81P55,noPathNoEx,10,3,1568956987608,0,Added cell 4-9-true,2 2,P0:;P1:;P2:2;2;;P3:,5 2 2 5 5 5 , 3 3 ,P0:98;P1:75;P2:75;P3:75;,02:23
A142YEQ6O81P55,noPathNoEx,10,3,1568957020649,0,Motivation: Path where I needed to ask only 2from the same player,2 2,P0:;P1:;P2:2;2;;P3:,5 2 2 5 5 5 , 3 3 ,P0:98;P1:75;P2:75;P3:75;,01:50
A142YEQ6O81P55,noPathNoEx,10,3,1568957020650,0,Ending game,2 2,P0:;P1:;P2:2;2;;P3:,5 2 2 5 5 5 , 3 3 ,P0:98;P1:75;P2:75;P3:75;,01:50
A142YEQ6O81P55,noPathNoEx,2,4,1568957022705,0,Starting new game,,P0:;P1:;P2:;P3:,4 2 2 5 1 3 2 1 2 1 4 4 1 2 1 ,,P0:75;P1:75;P2:75;P3:75;,01:50

A142YEQ6O81P55,noPathNoEx,2,4,1568957110900,0,Added cell 5-4-true,,P0:;P1:;P2:;P3:,4 2 2 5 3 2 1 2 1 4 4 1 2 1 ,,P0:70;P1:75;P2:75;P3:75;,01:36
A142YEQ6O81P55,noPathNoEx,2,4,1568957113458,0,Added cell 4-4-true,,P0:;P1:;P2:;P3:,4 2 2 3 2 1 2 1 4 4 1 2 1 ,,P0:65;P1:75;P2:75;P3:75;,01:33
A142YEQ6O81P55,noPathNoEx,2,4,1568957114935,0,Added cell 3-4-true,,P0:;P1:;P2:;P3:,4 2 2 3 2 2 1 4 4 1 2 1 ,,P0:60;P1:75;P2:75;P3:75;,01:32
A142YEQ6O81P55,noPathNoEx,2,4,1568957115523,0,Added cell 2-4-true,,P0:;P1:;P2:;P3:,4 2 2 2 2 1 4 4 1 2 1 ,,P0:55;P1:75;P2:75;P3:75;,01:31
A142YEQ6O81P55,noPathNoEx,2,4,1568957116225,0,Added cell 1-4-true,,P0:;P1:;P2:;P3:,2 2 2 2 1 4 4 1 2 1 ,,P0:50;P1:75;P2:75;P3:75;,01:30
A142YEQ6O81P55,noPathNoEx,2,4,1568957117166,0,Added cell 1-5-true,,P0:;P1:;P2:;P3:,2 2 2 1 4 4 1 2 1 ,,P0:45;P1:75;P2:75;P3:75;,01:29
A142YEQ6O81P55,noPathNoEx,2,4,1568957118862,0,Denied adding cell 1-6-false,,P0:;P1:;P2:;P3:,2 2 2 1 4 4 1 2 1 ,,P0:45;P1:75;P2:75;P3:75;,01:27
A142YEQ6O81P55,noPathNoEx,2,4,1568957124891,0,ChipRequest;From;3;Colour;5;ReqNrOfChips;1;Success;true,,P0:;P1:;P2:;P3:,2 2 2 1 4 4 1 2 1 ,,P0:45;P1:75;P2:75;P3:75;,01:21
A142YEQ6O81P55,noPathNoEx,2,4,1568957126512,0,Added cell 1-6-false,4,P0:;P1:;P2:;P3:4;,2 2 2 1 4 4 1 2 1  , 5 ,P0:119;P1:75;P2:75;P3:75;,01:20
A142YEQ6O81P55,noPathNoEx,2,4,1568957155282,0,Motivation: Path where I needed to ask only 1 ,4,P0:;P1:;P2:;P3:4;,2 2 2 1 4 4 1 2 1 , 5 ,P0:119;P1:75;P2:75;P3:75;,00:51
A142YEQ6O81P55,noPathNoEx,2,4,1568957155282,0,Ending game,4,P0:;P1:;P2:;P3:4;,2 2 2 1 4 4 1 2 1 , 5 ,P0:119;P1:75;P2:75;P3:75;,00:51
A142YEQ6O81P55,noPathNoEx,4,5,1568957157200,0,Starting new game,,P0:;P1:;P2:;P3:,4 5 5 5 2 5 5 2 3 1 4 2 3 2 1 ,,P0:75;P1:75;P2:75;P3:75;,00:51

A142YEQ6O81P55,noPathNoEx,4,5,1568957168127,0,Added cell 2-4-true,,P0:;P1:;P2:;P3:,4 5 5 5 2 5 5 2 3 4 2 3 2 1 ,,P0:70;P1:75;P2:75;P3:75;,02:51
A142YEQ6O81P55,noPathNoEx,4,5,1568957168700,0,Added cell 3-4-true,,P0:;P1:;P2:;P3:,4 5 5 2 5 5 2 3 4 2 3 2 1 ,,P0:65;P1:75;P2:75;P3:75;,02:50
A142YEQ6O81P55,noPathNoEx,4,5,1568957170540,0,Added cell 3-5-true,,P0:;P1:;P2:;P3:,5 5 2 5 5 2 3 4 2 3 2 1 ,,P0:60;P1:75;P2:75;P3:75;,02:48
A142YEQ6O81P55,noPathNoEx,4,5,1568957171094,0,Added cell 4-5-true,,P0:;P1:;P2:;P3:,5 2 5 5 2 3 4 2 3 2 1 ,,P0:55;P1:75;P2:75;P3:75;,02:48
A142YEQ6O81P55,noPathNoEx,4,5,1568957171648,0,Added cell 5-5-true,,P0:;P1:;P2:;P3:,2 5 5 2 3 4 2 3 2 1 ,,P0:50;P1:75;P2:75;P3:75;,02:47
A142YEQ6O81P55,noPathNoEx,4,5,1568957172390,0,Added cell 5-6-true,,P0:;P1:;P2:;P3:,2 5 2 3 4 2 3 2 1 ,,P0:45;P1:75;P2:75;P3:75;,02:46
A142YEQ6O81P55,noPathNoEx,4,5,1568957173084,0,Added cell 6-6-true,,P0:;P1:;P2:;P3:,2 5 2 3 4 2 3 2 ,,P0:40;P1:75;P2:75;P3:75;,02:46
A142YEQ6O81P55,noPathNoEx,4,5,1568957173916,0,Added cell 7-6-true,,P0:;P1:;P2:;P3:,2 2 3 4 2 3 2 ,,P0:35;P1:75;P2:75;P3:75;,02:45
A142YEQ6O81P55,noPathNoEx,4,5,1568957175246,0,Added cell 7-7-true,,P0:;P1:;P2:;P3:,2 3 4 2 3 2 ,,P0:30;P1:75;P2:75;P3:75;,02:44
A142YEQ6O81P55,noPathNoEx,4,5,1568957179534,0,Added cell 8-7-true,,P0:;P1:;P2:;P3:,2 3 2 3 2 ,,P0:25;P1:75;P2:75;P3:75;,02:39
A142YEQ6O81P55,noPathNoEx,4,5,1568957180053,0,Added cell 9-7-true,,P0:;P1:;P2:;P3:,3 2 3 2 ,,P0:20;P1:75;P2:75;P3:75;,02:39
A142YEQ6O81P55,noPathNoEx,4,5,1568957182498,0,Added cell 1-4-true,,P0:;P1:;P2:;P3:,2 3 2 ,,P0:165;P1:75;P2:75;P3:75;,02:36
A142YEQ6O81P55,noPathNoEx,4,5,1568957198666,0,Motivation: I was able to reach my goal without asking for chips from other players,,P0:;P1:;P2:;P3:,2 3 2 ,,P0:165;P1:75;P2:75;P3:75;,02:20
A142YEQ6O81P55,noPathNoEx,4,5,1568957198667,0,Ending game,,P0:;P1:;P2:;P3:,2 3 2 ,,P0:165;P1:75;P2:75;P3:75;,02:20
A142YEQ6O81P55,noPathNoEx,9,6,1568957207046,0,Starting new game,,P0:;P1:;P2:;P3:,5 4 3 3 5 4 5 4 3 2 2 1 5 2 2 ,,P0:75;P1:75;P2:75;P3:75;,02:20

A142YEQ6O81P55,noPathNoEx,9,6,1568957217243,0,Added cell 6-1-true,,P0:;P1:;P2:;P3:,5 4 3 3 5 4 5 4 3 2 2 5 2 2 ,,P0:70;P1:75;P2:75;P3:75;,02:51
A142YEQ6O81P55,noPathNoEx,9,6,1568957217638,0,Added cell 7-1-true,,P0:;P1:;P2:;P3:,5 4 3 5 4 5 4 3 2 2 5 2 2 ,,P0:65;P1:75;P2:75;P3:75;,02:51
A142YEQ6O81P55,noPathNoEx,9,6,1568957218441,0,Added cell 7-2-true,,P0:;P1:;P2:;P3:,4 3 5 4 5 4 3 2 2 5 2 2 ,,P0:60;P1:75;P2:75;P3:75;,02:50
A142YEQ6O81P55,noPathNoEx,9,6,1568957218972,0,Added cell 7-3-true,,P0:;P1:;P2:;P3:,4 3 4 5 4 3 2 2 5 2 2 ,,P0:55;P1:75;P2:75;P3:75;,02:50
A142YEQ6O81P55,noPathNoEx,9,6,1568957220936,0,Added cell 8-3-true,,P0:;P1:;P2:;P3:,3 4 5 4 3 2 2 5 2 2 ,,P0:50;P1:75;P2:75;P3:75;,02:48
A142YEQ6O81P55,noPathNoEx,9,6,1568957221602,0,Added cell 8-4-true,,P0:;P1:;P2:;P3:,3 5 4 3 2 2 5 2 2 ,,P0:45;P1:75;P2:75;P3:75;,02:47
A142YEQ6O81P55,noPathNoEx,9,6,1568957222144,0,Added cell 8-5-true,,P0:;P1:;P2:;P3:,3 5 4 3 2 5 2 2 ,,P0:40;P1:75;P2:75;P3:75;,02:47
A142YEQ6O81P55,noPathNoEx,9,6,1568957222556,0,Added cell 8-6-true,,P0:;P1:;P2:;P3:,3 5 4 3 5 2 2 ,,P0:35;P1:75;P2:75;P3:75;,02:46
A142YEQ6O81P55,noPathNoEx,9,6,1568957222996,0,Added cell 8-7-true,,P0:;P1:;P2:;P3:,3 5 3 5 2 2 ,,P0:30;P1:75;P2:75;P3:75;,02:46
A142YEQ6O81P55,noPathNoEx,9,6,1568957223568,0,Added cell 8-8-true,,P0:;P1:;P2:;P3:,3 3 5 2 2 ,,P0:25;P1:75;P2:75;P3:75;,02:45
A142YEQ6O81P55,noPathNoEx,9,6,1568957225681,0,Added cell 6-0-true,,P0:;P1:;P2:;P3:,3 3 5 2 ,,P0:170;P1:75;P2:75;P3:75;,02:43
A142YEQ6O81P55,noPathNoEx,9,6,1568957235212,0,Motivation: I was able to reach my goal without asking for chips from other players,,P0:;P1:;P2:;P3:,3 3 5 2 ,,P0:170;P1:75;P2:75;P3:75;,02:33
A142YEQ6O81P55,noPathNoEx,9,6,1568957235212,0,Ending game,,P0:;P1:;P2:;P3:,3 3 5 2 ,,P0:170;P1:75;P2:75;P3:75;,02:33
A142YEQ6O81P55,noPathNoEx,5,7,1568957237765,0,Starting new game,,P0:;P1:;P2:;P3:,5 3 1 1 5 3 4 3 5 4 1 3 5 5 5 ,,P0:75;P1:75;P2:75;P3:75;,02:33

A142YEQ6O81P55,noPathNoEx,5,7,1568957246089,0,Added cell 5-5-true,,P0:;P1:;P2:;P3:,5 3 1 1 5 3 3 5 4 1 3 5 5 5 ,,P0:70;P1:75;P2:75;P3:75;,02:53
A142YEQ6O81P55,noPathNoEx,5,7,1568957253746,0,Removed cell 5-5-true,,P0:;P1:;P2:;P3:,5 3 1 1 5 3 3 5 4 1 3 5 5 5 4 ,,P0:75;P1:75;P2:75;P3:75;,02:46
A142YEQ6O81P55,noPathNoEx,5,7,1568957261392,0,Motivation: Standing still will give me more points,,P0:;P1:;P2:;P3:,5 3 1 1 5 3 3 5 4 1 3 5 5 5 4 ,,P0:75;P1:75;P2:75;P3:75;,02:38
A142YEQ6O81P55,noPathNoEx,5,7,1568957261392,0,Ending game,,P0:;P1:;P2:;P3:,5 3 1 1 5 3 3 5 4 1 3 5 5 5 4 ,,P0:75;P1:75;P2:75;P3:75;,02:38
A142YEQ6O81P55,noPathNoEx,6,8,1568957263537,0,Starting new game,,P0:;P1:;P2:;P3:,2 5 5 4 5 1 5 4 4 3 4 4 4 5 4 ,,P0:75;P1:75;P2:75;P3:75;,02:38

A142YEQ6O81P55,noPathNoEx,6,8,1568957280745,0,Added cell 8-9-true,,P0:;P1:;P2:;P3:,2 5 5 4 5 1 5 4 4 4 4 4 5 4 ,,P0:70;P1:75;P2:75;P3:75;,02:44
A142YEQ6O81P55,noPathNoEx,6,8,1568957281361,0,Added cell 7-9-true,,P0:;P1:;P2:;P3:,5 5 4 5 1 5 4 4 4 4 4 5 4 ,,P0:65;P1:75;P2:75;P3:75;,02:44
A142YEQ6O81P55,noPathNoEx,6,8,1568957282182,0,Added cell 7-8-true,,P0:;P1:;P2:;P3:,5 5 5 1 5 4 4 4 4 4 5 4 ,,P0:60;P1:75;P2:75;P3:75;,02:43
A142YEQ6O81P55,noPathNoEx,6,8,1568957288346,0,Removed cell 7-8-true,,P0:;P1:;P2:;P3:,5 5 5 1 5 4 4 4 4 4 5 4 4 ,,P0:65;P1:75;P2:75;P3:75;,02:37
A142YEQ6O81P55,noPathNoEx,6,8,1568957288869,0,Removed cell 7-9-false,,P0:;P1:;P2:;P3:,5 5 5 1 5 4 4 4 4 4 5 4 4 2 ,,P0:70;P1:75;P2:75;P3:75;,02:36
A142YEQ6O81P55,noPathNoEx,6,8,1568957289529,0,Removed cell 8-9-false,,P0:;P1:;P2:;P3:,5 5 5 1 5 4 4 4 4 4 5 4 4 2 3 ,,P0:75;P1:75;P2:75;P3:75;,02:36
A142YEQ6O81P55,noPathNoEx,6,8,1568957301867,0,Motivation: Standing still will give me more points,,P0:;P1:;P2:;P3:,5 5 5 1 5 4 4 4 4 4 5 4 4 2 3 ,,P0:75;P1:75;P2:75;P3:75;,02:23
A142YEQ6O81P55,noPathNoEx,6,8,1568957301867,0,Ending game,,P0:;P1:;P2:;P3:,5 5 5 1 5 4 4 4 4 4 5 4 4 2 3 ,,P0:75;P1:75;P2:75;P3:75;,02:23
A142YEQ6O81P55,noPathNoEx,7,9,1568957303750,0,Starting new game,,P0:;P1:;P2:;P3:,3 4 1 2 4 2 2 5 2 1 4 5 1 3 2 ,,P0:75;P1:75;P2:75;P3:75;,02:23

A142YEQ6O81P55,noPathNoEx,7,9,1568957314331,0,Motivation: Standing still will give me more points,,P0:;P1:;P2:;P3:,3 4 1 2 4 2 2 5 2 1 4 5 1 3 2 ,,P0:75;P1:75;P2:75;P3:75;,02:51
A142YEQ6O81P55,noPathNoEx,7,9,1568957314332,0,Ending game,,P0:;P1:;P2:;P3:,3 4 1 2 4 2 2 5 2 1 4 5 1 3 2 ,,P0:75;P1:75;P2:75;P3:75;,02:51

