A1D9ZWU1M46SAF,InstructionQuestions,1,1,1,1,1,1,1,1,1,0
A1D9ZWU1M46SAF,InstructionQuestions,1,1,1,1,1,1,1,1,1,1

A1D9ZWU1M46SAF,1,4,0,1568951425796,0,Read score file,,P0:;P1:;P2:;P3:;P4:;P5:,-,,,undefined:undefined
A1D9ZWU1M46SAF,1,4,0,1568951657349,0,Read new file,,P0:;P1:;P2:;P3:;P4:;P5:,-,,,undefined:undefined
A1D9ZWU1M46SAF,1,4,0,1568951657471,0,Starting new game,1,P0:;P1:;P2:1;,4 4 4 1 1 1 3 3,2,P0:114;P1:190.0;P2:185.0;,undefined:undefined
A1D9ZWU1M46SAF,1,4,0,1568951727912,0,Motivation: P2 will have a red left over and only costs me 76,1,P0:;P1:;P2:1;,4 4 4 1 1 1 3 3,2,P0:114;P1:190.0;P2:185.0;,02:51
A1D9ZWU1M46SAF,1,4,0,1568951727913,0,Ending game,1,P0:;P1:;P2:1;,4 4 4 1 1 1 3 3,2,P0:114;P1:190.0;P2:185.0;,02:51
A1D9ZWU1M46SAF,1,6,1,1568951729410,0,Starting new game,2,P0:;P1:2;;P2:,2 2 2 2 2 2,3,P0:104;P1:99.0;P2:195.0;,02:51

A1D9ZWU1M46SAF,1,6,1,1568951778620,0,Removed cell 2-3-true,2,P0:;P1:2;;P2:,2 2 2 2 2 2 2 ,3,P0:-41;P1:99.0;P2:195.0;,03:12
A1D9ZWU1M46SAF,1,6,1,1568951779133,0,Removed cell 2-2-true,2,P0:;P1:2;;P2:,2 2 2 2 2 2 2 2 ,3,P0:-36;P1:99.0;P2:195.0;,03:12
A1D9ZWU1M46SAF,1,6,1,1568951779409,0,Removed cell 1-2-false,2,P0:;P1:2;;P2:,2 2 2 2 2 2 2 2 4 ,3,P0:-31;P1:99.0;P2:195.0;,03:12
A1D9ZWU1M46SAF,1,6,1,1568951779852,0,Removed cell 0-2-false,2,P0:;P1:2;;P2:,2 2 2 2 2 2 2 2 4 3 ,3,P0:-26;P1:99.0;P2:195.0;,03:11
A1D9ZWU1M46SAF,1,6,1,1568951781581,0,ChipRequest min:;From;1;Colour;2;ReqNrOfChips;0;Success;1,2,P0:;P1:2;;P2:,2 2 2 2 2 2 2 2 4 ,,P0:-26;P1:99.0;P2:195.0;,03:09
A1D9ZWU1M46SAF,1,6,1,1568951785290,0,Added cell 3-2-true,,P0:;P1:;P2:,2 2 2 2 2 2 2 4 ,,P0:40;P1:99.0;P2:195.0;,03:06
A1D9ZWU1M46SAF,1,6,1,1568951785612,0,Added cell 2-2-true,,P0:;P1:;P2:,2 2 2 2 2 2 4 ,,P0:35;P1:99.0;P2:195.0;,03:05
A1D9ZWU1M46SAF,1,6,1,1568951785902,0,Added cell 1-2-true,,P0:;P1:;P2:,2 2 2 2 2 2 ,,P0:30;P1:99.0;P2:195.0;,03:05
A1D9ZWU1M46SAF,1,6,1,1568951786358,0,Denied adding cell 0-2-false,,P0:;P1:;P2:,2 2 2 2 2 2 ,,P0:30;P1:99.0;P2:195.0;,03:05
A1D9ZWU1M46SAF,1,6,1,1568951793094,0,ChipRequest;From;1;Colour;3;ReqNrOfChips;1;Success;true,,P0:;P1:;P2:,2 2 2 2 2 2 ,,P0:30;P1:99.0;P2:195.0;,02:58
A1D9ZWU1M46SAF,1,6,1,1568951799962,0,Added cell 0-2-false,2,P0:;P1:2;;P2:,2 2 2 2 2 2  , 3 ,P0:104;P1:99.0;P2:195.0;,02:51
A1D9ZWU1M46SAF,1,6,1,1568951803008,0,Restore suggested path,2,P0:;P1:2;;P2:,2 2 2 2 2 2,3,P0:104;P1:99.0;P2:195.0;,02:48
A1D9ZWU1M46SAF,1,6,1,1568951805215,0,Removed cell 2-3-true,2,P0:;P1:2;;P2:,2 2 2 2 2 2 2 ,3,P0:-41;P1:99.0;P2:195.0;,02:46
A1D9ZWU1M46SAF,1,6,1,1568951805502,0,Added cell 3-2-true,2,P0:;P1:2;;P2:,2 2 2 2 2 2 ,3,P0:104;P1:99.0;P2:195.0;,02:45
A1D9ZWU1M46SAF,1,6,1,1568951821854,0,Motivation: 104 points is highest i could figure out,2,P0:;P1:2;;P2:,2 2 2 2 2 2 ,3,P0:104;P1:99.0;P2:195.0;,02:29
A1D9ZWU1M46SAF,1,6,1,1568951821854,0,Ending game,2,P0:;P1:2;;P2:,2 2 2 2 2 2 ,3,P0:104;P1:99.0;P2:195.0;,02:29
A1D9ZWU1M46SAF,1,6,1,1568951821858,0,wrong answer told to try again,2,P0:;P1:2;;P2:,2 2 2 2 2 2 ,3,P0:104;P1:99.0;P2:195.0;,02:29
A1D9ZWU1M46SAF,1,6,1,1568951842212,0,ChipRequest min:;From;1;Colour;2;ReqNrOfChips;0;Success;0,2,P0:;P1:2;;P2:,2 2 2 2 2 2 ,3 ,P0:104;P1:99.0;P2:195.0;,02:09
A1D9ZWU1M46SAF,1,6,1,1568951845298,0,Removed cell 0-2-false,2,P0:;P1:2;;P2:,2 2 2 2 2 2 3 ,3 ,P0:-41;P1:99.0;P2:195.0;,02:06
A1D9ZWU1M46SAF,1,6,1,1568951845559,0,Removed cell 1-2-false,2,P0:;P1:2;;P2:,2 2 2 2 2 2 3 4 ,3 ,P0:-36;P1:99.0;P2:195.0;,02:05
A1D9ZWU1M46SAF,1,6,1,1568951845848,0,Removed cell 2-2-true,2,P0:;P1:2;;P2:,2 2 2 2 2 2 3 4 2 ,3 ,P0:-31;P1:99.0;P2:195.0;,02:05
A1D9ZWU1M46SAF,1,6,1,1568951846167,0,Removed cell 3-2-true,2,P0:;P1:2;;P2:,2 2 2 2 2 2 3 4 2 2 ,3 ,P0:-26;P1:99.0;P2:195.0;,02:05
A1D9ZWU1M46SAF,1,6,1,1568951849123,0,ChipRequest min:;From;1;Colour;2;ReqNrOfChips;0;Success;1,2,P0:;P1:2;;P2:,2 2 2 2 2 2 4 2 2 ,,P0:-26;P1:99.0;P2:195.0;,02:02
A1D9ZWU1M46SAF,1,6,1,1568951871038,0,Motivation: I was told to do nothing but I don't understand because then I only get 45 points instead of over 100...,,P0:;P1:;P2:,2 2 2 2 2 2 4 2 2 ,,P0:45;P1:99.0;P2:195.0;,01:40
A1D9ZWU1M46SAF,1,6,1,1568951871038,0,Ending game,,P0:;P1:;P2:,2 2 2 2 2 2 4 2 2 ,,P0:45;P1:99.0;P2:195.0;,01:40
A1D9ZWU1M46SAF,1,6,1,1568951871042,0,wrong answer told to try again,,P0:;P1:;P2:,2 2 2 2 2 2 4 2 2 ,,P0:45;P1:99.0;P2:195.0;,01:40
A1D9ZWU1M46SAF,1,6,1,1568951899025,0,Added cell 3-4-true,,P0:;P1:;P2:,2 2 2 2 2 2 2 2 ,,P0:40;P1:99.0;P2:195.0;,01:12
A1D9ZWU1M46SAF,1,6,1,1568951899739,0,Removed cell 3-4-false,,P0:;P1:;P2:,2 2 2 2 2 2 2 2 4 ,,P0:45;P1:99.0;P2:195.0;,01:11
A1D9ZWU1M46SAF,1,6,1,1568951900250,0,Added cell 3-2-true,,P0:;P1:;P2:,2 2 2 2 2 2 2 4 ,,P0:40;P1:99.0;P2:195.0;,01:11
A1D9ZWU1M46SAF,1,6,1,1568951900528,0,Added cell 2-2-true,,P0:;P1:;P2:,2 2 2 2 2 2 4 ,,P0:35;P1:99.0;P2:195.0;,01:10
A1D9ZWU1M46SAF,1,6,1,1568951900832,0,Added cell 1-2-true,,P0:;P1:;P2:,2 2 2 2 2 2 ,,P0:30;P1:99.0;P2:195.0;,01:10
A1D9ZWU1M46SAF,1,6,1,1568951901144,0,Denied adding cell 0-2-false,,P0:;P1:;P2:,2 2 2 2 2 2 ,,P0:30;P1:99.0;P2:195.0;,01:10
A1D9ZWU1M46SAF,1,6,1,1568951907437,0,ChipRequest;From;1;Colour;3;ReqNrOfChips;1;Success;true,,P0:;P1:;P2:,2 2 2 2 2 2 ,,P0:30;P1:99.0;P2:195.0;,01:03
A1D9ZWU1M46SAF,1,6,1,1568951908175,0,Added cell 0-2-false,2,P0:;P1:2;;P2:,2 2 2 2 2 2  , 3 ,P0:104;P1:99.0;P2:195.0;,01:03
A1D9ZWU1M46SAF,1,6,1,1568951917987,0,Motivation: I think 104 is the highest score i can get,2,P0:;P1:2;;P2:,2 2 2 2 2 2 , 3 ,P0:104;P1:99.0;P2:195.0;,00:53
A1D9ZWU1M46SAF,1,6,1,1568951917987,0,Ending game,2,P0:;P1:2;;P2:,2 2 2 2 2 2 , 3 ,P0:104;P1:99.0;P2:195.0;,00:53
A1D9ZWU1M46SAF,1,6,1,1568951917989,0,wrong answer told to try again,2,P0:;P1:2;;P2:,2 2 2 2 2 2 , 3 ,P0:104;P1:99.0;P2:195.0;,00:53
A1D9ZWU1M46SAF,1,6,1,1568951937632,0,Clear path,,P0:;P1:;P2:,2 2 2 2 2 2 2 2 4 2,,P0:50;P1:99.0;P2:195.0;,00:33
A1D9ZWU1M46SAF,1,6,1,1568951938962,0,Tried to add own cell 3-3,,P0:;P1:;P2:,2 2 2 2 2 2 2 2 4 2,,P0:50;P1:99.0;P2:195.0;,00:32
A1D9ZWU1M46SAF,1,6,1,1568951954824,0,Motivation: I was told to do nothing but the explanation made no sense whatsoever,,P0:;P1:;P2:,2 2 2 2 2 2 2 2 4 2,,P0:50;P1:99.0;P2:195.0;,00:16
A1D9ZWU1M46SAF,1,6,1,1568951954825,0,Ending game,,P0:;P1:;P2:,2 2 2 2 2 2 2 2 4 2,,P0:50;P1:99.0;P2:195.0;,00:16
A1D9ZWU1M46SAF,1,3,2,1568951961628,0,Starting new game,0,P0:;P1:0;;P2:,3 3 2 2 4 4,1,P0:104;P1:185.0;P2:190.0;,00:16

A1D9ZWU1M46SAF,1,3,2,1568951980015,0,Removed cell 1-2-true,0,P0:;P1:0;;P2:,3 3 2 2 4 4 2 ,1,P0:-41;P1:185.0;P2:190.0;,03:43
A1D9ZWU1M46SAF,1,3,2,1568951980284,0,Removed cell 2-2-true,0,P0:;P1:0;;P2:,3 3 2 2 4 4 2 2 ,1,P0:-36;P1:185.0;P2:190.0;,03:43
A1D9ZWU1M46SAF,1,3,2,1568951980600,0,Removed cell 3-2-false,0,P0:;P1:0;;P2:,3 3 2 2 4 4 2 2 1 ,1,P0:-31;P1:185.0;P2:190.0;,03:43
A1D9ZWU1M46SAF,1,3,2,1568951980901,0,Removed cell 4-2-true,0,P0:;P1:0;;P2:,3 3 2 2 4 4 2 2 1 2 ,1,P0:-26;P1:185.0;P2:190.0;,03:42
A1D9ZWU1M46SAF,1,3,2,1568951981231,0,Removed cell 4-3-true,0,P0:;P1:0;;P2:,3 3 2 2 4 4 2 2 1 2 4 ,1,P0:-21;P1:185.0;P2:190.0;,03:42
A1D9ZWU1M46SAF,1,3,2,1568951983751,0,ChipRequest min:;From;1;Colour;0;ReqNrOfChips;0;Success;1,0,P0:;P1:0;;P2:,3 3 2 2 4 4 2 2 2 4 ,,P0:-21;P1:185.0;P2:190.0;,03:39
A1D9ZWU1M46SAF,1,3,2,1568951997282,0,Motivation: Do nothing seems safest as there is no risk of paying 76 for nothing,,P0:;P1:;P2:,3 3 2 2 4 4 2 2 2 4 ,,P0:50;P1:185.0;P2:190.0;,03:26
A1D9ZWU1M46SAF,1,3,2,1568951997282,0,Ending game,,P0:;P1:;P2:,3 3 2 2 4 4 2 2 2 4 ,,P0:50;P1:185.0;P2:190.0;,03:26
A1D9ZWU1M46SAF,1,3,2,1568951997286,0,wrong answer told to try again,,P0:;P1:;P2:,3 3 2 2 4 4 2 2 2 4 ,,P0:50;P1:185.0;P2:190.0;,03:26
A1D9ZWU1M46SAF,1,3,2,1568952012691,0,Added cell 1-2-true,,P0:;P1:;P2:,3 3 2 4 4 2 2 2 4 ,,P0:45;P1:185.0;P2:190.0;,03:10
A1D9ZWU1M46SAF,1,3,2,1568952013087,0,Added cell 2-2-true,,P0:;P1:;P2:,3 3 4 4 2 2 2 4 ,,P0:40;P1:185.0;P2:190.0;,03:10
A1D9ZWU1M46SAF,1,3,2,1568952013388,0,Denied adding cell 3-2-false,,P0:;P1:;P2:,3 3 4 4 2 2 2 4 ,,P0:40;P1:185.0;P2:190.0;,03:10
A1D9ZWU1M46SAF,1,3,2,1568952016287,0,Added cell 2-3-true,,P0:;P1:;P2:,3 3 4 2 2 2 4 ,,P0:35;P1:185.0;P2:190.0;,03:07
A1D9ZWU1M46SAF,1,3,2,1568952016683,0,Denied adding cell 3-3-false,,P0:;P1:;P2:,3 3 4 2 2 2 4 ,,P0:35;P1:185.0;P2:190.0;,03:06
A1D9ZWU1M46SAF,1,3,2,1568952020446,0,Removed cell 2-3-true,,P0:;P1:;P2:,3 3 4 2 2 2 4 4 ,,P0:40;P1:185.0;P2:190.0;,03:03
A1D9ZWU1M46SAF,1,3,2,1568952021185,0,Added cell 2-1-true,,P0:;P1:;P2:,3 3 4 2 2 4 4 ,,P0:35;P1:185.0;P2:190.0;,03:02
A1D9ZWU1M46SAF,1,3,2,1568952021490,0,Added cell 3-1-true,,P0:;P1:;P2:,3 3 4 2 4 4 ,,P0:30;P1:185.0;P2:190.0;,03:02
A1D9ZWU1M46SAF,1,3,2,1568952022228,0,Added cell 4-1-true,,P0:;P1:;P2:,3 3 2 4 4 ,,P0:25;P1:185.0;P2:190.0;,03:01
A1D9ZWU1M46SAF,1,3,2,1568952022559,0,Added cell 4-2-true,,P0:;P1:;P2:,3 3 4 4 ,,P0:20;P1:185.0;P2:190.0;,03:01
A1D9ZWU1M46SAF,1,3,2,1568952025008,0,Added cell 4-3-true,,P0:;P1:;P2:,3 3 4 ,,P0:165;P1:185.0;P2:190.0;,02:58
A1D9ZWU1M46SAF,1,3,2,1568952034358,0,Motivation: long route but no chip rquests,,P0:;P1:;P2:,3 3 4 ,,P0:165;P1:185.0;P2:190.0;,02:49
A1D9ZWU1M46SAF,1,3,2,1568952034358,0,Ending game,,P0:;P1:;P2:,3 3 4 ,,P0:165;P1:185.0;P2:190.0;,02:49
A1D9ZWU1M46SAF,1,8,3,1568952036242,0,Starting new game,0 2,P0:;P1:0;;P2:2;,2 2 2 2 2 4 4 4 4 4,1 3 ,P0:48;P1:195.0;P2:180.0;,02:49

A1D9ZWU1M46SAF,1,8,3,1568952069450,0,Motivation: i like the CA's suggestion,0 2,P0:;P1:0;;P2:2;,2 2 2 2 2 4 4 4 4 4,1 3 ,P0:48;P1:195.0;P2:180.0;,03:28
A1D9ZWU1M46SAF,1,8,3,1568952069450,0,Ending game,0 2,P0:;P1:0;;P2:2;,2 2 2 2 2 4 4 4 4 4,1 3 ,P0:48;P1:195.0;P2:180.0;,03:28
A1D9ZWU1M46SAF,1,8,3,1568952069453,0,wrong answer told to try again,0 2,P0:;P1:0;;P2:2;,2 2 2 2 2 4 4 4 4 4,1 3 ,P0:48;P1:195.0;P2:180.0;,03:28
A1D9ZWU1M46SAF,1,8,3,1568952073008,0,Removed cell 1-1-false,0 2,P0:;P1:0;;P2:2;,2 2 2 2 2 4 4 4 4 4 3 ,1 3 ,P0:-97;P1:195.0;P2:180.0;,03:25
A1D9ZWU1M46SAF,1,8,3,1568952073279,0,Removed cell 2-1-false,0 2,P0:;P1:0;;P2:2;,2 2 2 2 2 4 4 4 4 4 3 1 ,1 3 ,P0:-92;P1:195.0;P2:180.0;,03:24
A1D9ZWU1M46SAF,1,8,3,1568952076592,0,ChipRequest min:;From;1;Colour;0;ReqNrOfChips;0;Success;1,0 2,P0:;P1:0;;P2:2;,2 2 2 2 2 4 4 4 4 4 3 ,3  ,P0:-92;P1:195.0;P2:180.0;,03:21
A1D9ZWU1M46SAF,1,8,3,1568952077240,0,ChipRequest min:;From;2;Colour;2;ReqNrOfChips;0;Success;1,2,P0:;P1:;P2:2;,2 2 2 2 2 4 4 4 4 4 , ,P0:-21;P1:195.0;P2:180.0;,03:21
A1D9ZWU1M46SAF,1,8,3,1568952077961,0,ChipRequest min:;From;2;Colour;2;ReqNrOfChips;-1;Success;0,,P0:;P1:;P2:,2 2 2 2 2 4 4 4 4 4 , ,P0:50;P1:195.0;P2:180.0;,03:20
A1D9ZWU1M46SAF,1,8,3,1568952090708,0,Motivation: I was told to do nothing but it was bnot explained why :(,,P0:;P1:;P2:,2 2 2 2 2 4 4 4 4 4 , ,P0:50;P1:195.0;P2:180.0;,03:07
A1D9ZWU1M46SAF,1,8,3,1568952090708,0,Ending game,,P0:;P1:;P2:,2 2 2 2 2 4 4 4 4 4 , ,P0:50;P1:195.0;P2:180.0;,03:07
A1D9ZWU1M46SAF,1,2,4,1568952092342,0,Starting new game,2,P0:;P1:;P2:2;,2 2 2 2 2 1 1,3,P0:109;P1:119.0;P2:114.0;,03:07

A1D9ZWU1M46SAF,1,2,4,1568952093778,0,Removed cell 2-3-false,2,P0:;P1:;P2:2;,2 2 2 2 2 1 1 4 ,3,P0:-36;P1:119.0;P2:114.0;,04:00
A1D9ZWU1M46SAF,1,2,4,1568952094038,0,Removed cell 1-3-false,2,P0:;P1:;P2:2;,2 2 2 2 2 1 1 4 3 ,3,P0:-31;P1:119.0;P2:114.0;,04:00
A1D9ZWU1M46SAF,1,2,4,1568952094280,0,Removed cell 1-2-true,2,P0:;P1:;P2:2;,2 2 2 2 2 1 1 4 3 4 ,3,P0:-26;P1:119.0;P2:114.0;,04:00
A1D9ZWU1M46SAF,1,2,4,1568952094560,0,Removed cell 1-1-true,2,P0:;P1:;P2:2;,2 2 2 2 2 1 1 4 3 4 3 ,3,P0:-21;P1:119.0;P2:114.0;,03:59
A1D9ZWU1M46SAF,1,2,4,1568952096592,0,Restore suggested path,2,P0:;P1:;P2:2;,2 2 2 2 2 1 1,3,P0:109;P1:119.0;P2:114.0;,03:57
A1D9ZWU1M46SAF,1,2,4,1568952101876,0,Clear path,,P0:;P1:;P2:,2 4 1 4 3 2 2 2 2 1,,P0:50;P1:119.0;P2:114.0;,03:52
A1D9ZWU1M46SAF,1,2,4,1568952105011,0,Restore suggested path,2,P0:;P1:;P2:2;,2 2 2 2 2 1 1,3,P0:109;P1:119.0;P2:114.0;,03:49
A1D9ZWU1M46SAF,1,2,4,1568952119436,0,Motivation: the CA's 109 suggestion is much higher than doing nothing,2,P0:;P1:;P2:2;,2 2 2 2 2 1 1,3,P0:109;P1:119.0;P2:114.0;,03:34
A1D9ZWU1M46SAF,1,2,4,1568952119436,0,Ending game,2,P0:;P1:;P2:2;,2 2 2 2 2 1 1,3,P0:109;P1:119.0;P2:114.0;,03:34
A1D9ZWU1M46SAF,1,2,4,1568952119439,0,wrong answer told to try again,2,P0:;P1:;P2:2;,2 2 2 2 2 1 1,3,P0:109;P1:119.0;P2:114.0;,03:34
A1D9ZWU1M46SAF,1,2,4,1568952158780,0,Removed cell 1-1-false,2,P0:;P1:;P2:2;,2 2 2 2 2 1 1 3 ,3,P0:-36;P1:119.0;P2:114.0;,02:55
A1D9ZWU1M46SAF,1,2,4,1568952159051,0,Removed cell 1-2-false,2,P0:;P1:;P2:2;,2 2 2 2 2 1 1 3 4 ,3,P0:-31;P1:119.0;P2:114.0;,02:55
A1D9ZWU1M46SAF,1,2,4,1568952159497,0,Removed cell 1-3-true,2,P0:;P1:;P2:2;,2 2 2 2 2 1 1 3 4 3 ,3,P0:-26;P1:119.0;P2:114.0;,02:54
A1D9ZWU1M46SAF,1,2,4,1568952159762,0,Removed cell 2-3-true,2,P0:;P1:;P2:2;,2 2 2 2 2 1 1 3 4 3 4 ,3,P0:-21;P1:119.0;P2:114.0;,02:54
A1D9ZWU1M46SAF,1,2,4,1568952160851,0,Tried to add own cell 3-3,2,P0:;P1:;P2:2;,2 2 2 2 2 1 1 3 4 3 4 ,3,P0:-21;P1:119.0;P2:114.0;,02:53
A1D9ZWU1M46SAF,1,2,4,1568952164008,0,ChipRequest min:;From;2;Colour;2;ReqNrOfChips;0;Success;1,2,P0:;P1:;P2:2;,2 2 2 2 2 1 1 4 3 4 ,,P0:-21;P1:119.0;P2:114.0;,02:50
A1D9ZWU1M46SAF,1,2,4,1568952165749,0,Motivation: It keeps telling me to do nothing but it does not explain why, because my score is 109 with the CA suggestion but only 50 if I do nothing.  I wish there was some further explanation.,,P0:;P1:;P2:,2 2 2 2 2 1 1 4 3 4 ,,P0:50;P1:119.0;P2:114.0;,02:48
A1D9ZWU1M46SAF,1,2,4,1568952165749,0,Ending game,,P0:;P1:;P2:,2 2 2 2 2 1 1 4 3 4 ,,P0:50;P1:119.0;P2:114.0;,02:48
A1D9ZWU1M46SAF,1,1,5,1568952167078,0,Starting new game,3 0,P0:;P1:3;;P2:0;,3 3 3 3 3 3 3 3 3,1 4 ,P0:43;P1:180.0;P2:180.0;,02:48

A1D9ZWU1M46SAF,1,1,5,1568952169719,0,Removed cell 3-0-false,3 0,P0:;P1:3;;P2:0;,3 3 3 3 3 3 3 3 3 1 ,1 4 ,P0:-102;P1:180.0;P2:180.0;,03:59
A1D9ZWU1M46SAF,1,1,5,1568952170041,0,Removed cell 2-0-false,3 0,P0:;P1:3;;P2:0;,3 3 3 3 3 3 3 3 3 1 4 ,1 4 ,P0:-97;P1:180.0;P2:180.0;,03:59
A1D9ZWU1M46SAF,1,1,5,1568952170427,0,Removed cell 1-0-true,3 0,P0:;P1:3;;P2:0;,3 3 3 3 3 3 3 3 3 1 4 3 ,1 4 ,P0:-92;P1:180.0;P2:180.0;,03:58
A1D9ZWU1M46SAF,1,1,5,1568952170926,0,Added cell 3-0-false,3 0,P0:;P1:3;;P2:0;,3 3 3 3 3 3 3 3 3 4 3 ,1 4 ,P0:-97;P1:180.0;P2:180.0;,03:58
A1D9ZWU1M46SAF,1,1,5,1568952171365,0,Removed cell 3-0-false,3 0,P0:;P1:3;;P2:0;,3 3 3 3 3 3 3 3 3 4 3 1 ,1 4 ,P0:-92;P1:180.0;P2:180.0;,03:57
A1D9ZWU1M46SAF,1,1,5,1568952175335,0,ChipRequest min:;From;1;Colour;3;ReqNrOfChips;0;Success;1,3 0,P0:;P1:3;;P2:0;,3 3 3 3 3 3 3 3 3 3 1 ,1 ,P0:-92;P1:180.0;P2:180.0;,03:53
A1D9ZWU1M46SAF,1,1,5,1568952176198,0,ChipRequest min:;From;2;Colour;0;ReqNrOfChips;0;Success;1,0,P0:;P1:;P2:0;,3 3 3 3 3 3 3 3 3 3 ,,P0:-21;P1:180.0;P2:180.0;,03:52
A1D9ZWU1M46SAF,1,1,5,1568952177606,0,Restore suggested path,3 0,P0:;P1:3;;P2:0;,3 3 3 3 3 3 3 3 3,1 4 ,P0:43;P1:180.0;P2:180.0;,03:51
A1D9ZWU1M46SAF,1,1,5,1568952180835,0,ChipRequest min:;From;2;Colour;0;ReqNrOfChips;0;Success;0,3 0,P0:;P1:3;;P2:0;,3 3 3 3 3 3 3 3 3,1 4 ,P0:43;P1:180.0;P2:180.0;,03:48
A1D9ZWU1M46SAF,1,1,5,1568952183256,0,ChipRequest min:;From;1;Colour;3;ReqNrOfChips;0;Success;0,3 0,P0:;P1:3;;P2:0;,3 3 3 3 3 3 3 3 3,1 4 ,P0:43;P1:180.0;P2:180.0;,03:45
A1D9ZWU1M46SAF,1,1,5,1568952185620,0,Removed cell 2-0-false,3 0,P0:;P1:3;;P2:0;,3 3 3 3 3 3 3 3 3 4 ,1 4 ,P0:-102;P1:180.0;P2:180.0;,03:43
A1D9ZWU1M46SAF,1,1,5,1568952185861,0,Removed cell 1-0-true,3 0,P0:;P1:3;;P2:0;,3 3 3 3 3 3 3 3 3 4 3 ,1 4 ,P0:-97;P1:180.0;P2:180.0;,03:43
A1D9ZWU1M46SAF,1,1,5,1568952186299,0,Removed cell 3-0-false,3 0,P0:;P1:3;;P2:0;,3 3 3 3 3 3 3 3 3 4 3 1 ,1 4 ,P0:-92;P1:180.0;P2:180.0;,03:42
A1D9ZWU1M46SAF,1,1,5,1568952187617,0,ChipRequest min:;From;1;Colour;3;ReqNrOfChips;0;Success;1,3 0,P0:;P1:3;;P2:0;,3 3 3 3 3 3 3 3 3 3 1 ,1 ,P0:-92;P1:180.0;P2:180.0;,03:41
A1D9ZWU1M46SAF,1,1,5,1568952188497,0,ChipRequest min:;From;2;Colour;0;ReqNrOfChips;0;Success;1,0,P0:;P1:;P2:0;,3 3 3 3 3 3 3 3 3 3 ,,P0:-21;P1:180.0;P2:180.0;,03:40
A1D9ZWU1M46SAF,1,1,5,1568952198739,0,Motivation: Do nothing is 50, which is higher than the path suggested,,P0:;P1:;P2:,3 3 3 3 3 3 3 3 3 3 ,,P0:50;P1:180.0;P2:180.0;,03:30
A1D9ZWU1M46SAF,1,1,5,1568952198739,0,Ending game,,P0:;P1:;P2:,3 3 3 3 3 3 3 3 3 3 ,,P0:50;P1:180.0;P2:180.0;,03:30
A1D9ZWU1M46SAF,1,7,6,1568952199990,0,Starting new game,3,P0:;P1:3;;P2:,1 3 3 3 2 2 2,4,P0:109;P1:185.0;P2:109.0;,03:30

A1D9ZWU1M46SAF,1,7,6,1568952229595,0,Motivation: the suggested path gives the biggest payoff compared to doing nothing,3,P0:;P1:3;;P2:,1 3 3 3 2 2 2,4,P0:109;P1:185.0;P2:109.0;,03:32
A1D9ZWU1M46SAF,1,7,6,1568952229596,0,Ending game,3,P0:;P1:3;;P2:,1 3 3 3 2 2 2,4,P0:109;P1:185.0;P2:109.0;,03:32
A1D9ZWU1M46SAF,1,7,6,1568952229599,0,wrong answer told to try again,3,P0:;P1:3;;P2:,1 3 3 3 2 2 2,4,P0:109;P1:185.0;P2:109.0;,03:32
A1D9ZWU1M46SAF,1,7,6,1568952236528,0,Removed cell 2-4-true,3,P0:;P1:3;;P2:,1 3 3 3 2 2 2 1 ,4,P0:-36;P1:185.0;P2:109.0;,03:25
A1D9ZWU1M46SAF,1,7,6,1568952236988,0,Removed cell 2-3-false,3,P0:;P1:3;;P2:,1 3 3 3 2 2 2 1 4 ,4,P0:-31;P1:185.0;P2:109.0;,03:25
A1D9ZWU1M46SAF,1,7,6,1568952237262,0,Added cell 2-3-false,3,P0:;P1:3;;P2:,1 3 3 3 2 2 2 1 ,4,P0:-36;P1:185.0;P2:109.0;,03:24
A1D9ZWU1M46SAF,1,7,6,1568952237906,0,Removed cell 1-2-true,3,P0:;P1:3;;P2:,1 3 3 3 2 2 2 1 1 ,4,P0:-31;P1:185.0;P2:109.0;,03:24
A1D9ZWU1M46SAF,1,7,6,1568952238172,0,Removed cell 2-2-true,3,P0:;P1:3;;P2:,1 3 3 3 2 2 2 1 1 3 ,4,P0:-26;P1:185.0;P2:109.0;,03:23
A1D9ZWU1M46SAF,1,7,6,1568952238404,0,Removed cell 2-3-false,3,P0:;P1:3;;P2:,1 3 3 3 2 2 2 1 1 3 4 ,4,P0:-21;P1:185.0;P2:109.0;,03:23
A1D9ZWU1M46SAF,1,7,6,1568952239744,0,ChipRequest min:;From;1;Colour;3;ReqNrOfChips;0;Success;1,3,P0:;P1:3;;P2:,1 3 3 3 2 2 2 1 1 3 ,,P0:-21;P1:185.0;P2:109.0;,03:22
A1D9ZWU1M46SAF,1,7,6,1568952240324,0,ChipRequest min:;From;1;Colour;3;ReqNrOfChips;-1;Success;0,,P0:;P1:;P2:,1 3 3 3 2 2 2 1 1 3 , ,P0:50;P1:185.0;P2:109.0;,03:21
A1D9ZWU1M46SAF,1,7,6,1568952245004,0,Added cell 1-2-true,,P0:;P1:;P2:,3 3 3 2 2 2 1 1 3 , ,P0:45;P1:185.0;P2:109.0;,03:16
A1D9ZWU1M46SAF,1,7,6,1568952245627,0,Added cell 2-2-true,,P0:;P1:;P2:,3 3 2 2 2 1 1 3 , ,P0:40;P1:185.0;P2:109.0;,03:16
A1D9ZWU1M46SAF,1,7,6,1568952245994,0,Added cell 3-2-true,,P0:;P1:;P2:,3 3 2 2 1 1 3 , ,P0:35;P1:185.0;P2:109.0;,03:16
A1D9ZWU1M46SAF,1,7,6,1568952246280,0,Added cell 3-3-true,,P0:;P1:;P2:,3 2 2 1 1 3 , ,P0:30;P1:185.0;P2:109.0;,03:15
A1D9ZWU1M46SAF,1,7,6,1568952246636,0,Added cell 3-4-true,,P0:;P1:;P2:,3 2 2 1 3 , ,P0:25;P1:185.0;P2:109.0;,03:15
A1D9ZWU1M46SAF,1,7,6,1568952247165,0,Added cell 2-4-true,,P0:;P1:;P2:,3 2 2 3 , ,P0:170;P1:185.0;P2:109.0;,03:14
A1D9ZWU1M46SAF,1,7,6,1568952271298,0,Motivation: no chip requests so higher score than do nothing or CA suggestion, and don't have to worry about other players having the chips for my request,,P0:;P1:;P2:,3 2 2 3 , ,P0:170;P1:185.0;P2:109.0;,02:50
A1D9ZWU1M46SAF,1,7,6,1568952271299,0,Ending game,,P0:;P1:;P2:,3 2 2 3 , ,P0:170;P1:185.0;P2:109.0;,02:50
A1D9ZWU1M46SAF,1,5,7,1568952273316,0,Starting new game,,P0:;P1:;P2:,2 3 3 4,,P0:170;P1:190.0;P2:195.0;,02:50

A1D9ZWU1M46SAF,1,5,7,1568952291260,0,Motivation: no requests mean a very high score with minimal risk,,P0:;P1:;P2:,2 3 3 4,,P0:170;P1:190.0;P2:195.0;,03:44
A1D9ZWU1M46SAF,1,5,7,1568952291260,0,Ending game,,P0:;P1:;P2:,2 3 3 4,,P0:170;P1:190.0;P2:195.0;,03:44

END_TRAINING_START_GAME


A1D9ZWU1M46SAF,noEx,10,0,1568952296477,0,Read score file,,P0:;P1:;P2:;P3:;P4:;P5:,-,,,undefined:undefined
A1D9ZWU1M46SAF,noEx,10,0,1568952298556,0,Read new file,,P0:;P1:;P2:;P3:;P4:;P5:,-,,,undefined:undefined
A1D9ZWU1M46SAF,noEx,10,0,1568952298631,0,Starting new game,2 2,P0:;P1:2;;P2:2;;P3:,1 2 5 5 5 5,3 3 ,P0:28;P1:205.0;P2:160.0;P3:43.0;,undefined:undefined
A1D9ZWU1M46SAF,noEx,10,0,1568952309898,0,Clear path,,P0:;P1:;P2:;P3:,1 5 2 5 4 1 2 2 2 1 4 5 1 5 5 ,,P0:75;P1:205.0;P2:160.0;P3:43.0;,02:50
A1D9ZWU1M46SAF,noEx,10,0,1568952316523,0,Restore suggested path,2 2,P0:;P1:2;;P2:2;;P3:,1 2 5 5 5 5,3 3 ,P0:28;P1:205.0;P2:160.0;P3:43.0;,02:44
A1D9ZWU1M46SAF,noEx,10,0,1568952343627,0,Removed cell 5-9-false,2 2,P0:;P1:2;;P2:2;;P3:,1 2 5 5 5 5 3 ,3 3 ,P0:-117;P1:205.0;P2:160.0;P3:43.0;,02:17
A1D9ZWU1M46SAF,noEx,10,0,1568952343980,0,Removed cell 5-8-true,2 2,P0:;P1:2;;P2:2;;P3:,1 2 5 5 5 5 3 2 ,3 3 ,P0:-112;P1:205.0;P2:160.0;P3:43.0;,02:16
A1D9ZWU1M46SAF,noEx,10,0,1568952344269,0,Removed cell 4-8-true,2 2,P0:;P1:2;;P2:2;;P3:,1 2 5 5 5 5 3 2 1 ,3 3 ,P0:-107;P1:205.0;P2:160.0;P3:43.0;,02:16
A1D9ZWU1M46SAF,noEx,10,0,1568952344504,0,Removed cell 4-7-false,2 2,P0:;P1:2;;P2:2;;P3:,1 2 5 5 5 5 3 2 1 4 ,3 3 ,P0:-102;P1:205.0;P2:160.0;P3:43.0;,02:16
A1D9ZWU1M46SAF,noEx,10,0,1568952344742,0,Removed cell 4-6-true,2 2,P0:;P1:2;;P2:2;;P3:,1 2 5 5 5 5 3 2 1 4 1 ,3 3 ,P0:-97;P1:205.0;P2:160.0;P3:43.0;,02:15
A1D9ZWU1M46SAF,noEx,10,0,1568952345018,0,Removed cell 4-5-true,2 2,P0:;P1:2;;P2:2;;P3:,1 2 5 5 5 5 3 2 1 4 1 2 ,3 3 ,P0:-92;P1:205.0;P2:160.0;P3:43.0;,02:15
A1D9ZWU1M46SAF,noEx,10,0,1568952345980,0,Clear path,,P0:;P1:;P2:;P3:,1 5 2 5 4 1 2 2 2 1 4 5 1 5 5 ,,P0:75;P1:205.0;P2:160.0;P3:43.0;,02:14
A1D9ZWU1M46SAF,noEx,10,0,1568952366126,0,Motivation: Doing nothing yields a higher result than the CA suggestion with less risk,,P0:;P1:;P2:;P3:,1 5 2 5 4 1 2 2 2 1 4 5 1 5 5 ,,P0:75;P1:205.0;P2:160.0;P3:43.0;,01:54
A1D9ZWU1M46SAF,noEx,10,0,1568952366126,0,Ending game,,P0:;P1:;P2:;P3:,1 5 2 5 4 1 2 2 2 1 4 5 1 5 5 ,,P0:75;P1:205.0;P2:160.0;P3:43.0;,01:54
A1D9ZWU1M46SAF,noEx,3,1,1568952367850,0,Starting new game,4 4,P0:;P1:;P2:4;;P3:4;,1 1 1 1 3 4 2 2 2,5 5 ,P0:43;P1:170.0;P2:190.0;P3:118.0;,01:54

A1D9ZWU1M46SAF,noEx,3,1,1568952374497,0,Clear path,,P0:;P1:;P2:;P3:,3 1 2 3 4 3 2 1 2 4 1 1 3 4 4 ,,P0:75;P1:170.0;P2:190.0;P3:118.0;,02:55
A1D9ZWU1M46SAF,noEx,3,1,1568952394430,0,Restore suggested path,4 4,P0:;P1:;P2:4;;P3:4;,1 1 1 1 3 4 2 2 2,5 5 ,P0:43;P1:170.0;P2:190.0;P3:118.0;,02:35
A1D9ZWU1M46SAF,noEx,3,1,1568952412135,0,Clear path,,P0:;P1:;P2:;P3:,3 1 2 3 4 3 2 1 2 4 1 1 3 4 4 ,,P0:75;P1:170.0;P2:190.0;P3:118.0;,02:17
A1D9ZWU1M46SAF,noEx,3,1,1568952455281,0,Motivation: I don't think the suggested route is a good idea because Player 2 probably won't have a green chip available and the payoff is better if I just do nothing.  need a green for any path so can't do with no requests,,P0:;P1:;P2:;P3:,3 1 2 3 4 3 2 1 2 4 1 1 3 4 4 ,,P0:75;P1:170.0;P2:190.0;P3:118.0;,01:34
A1D9ZWU1M46SAF,noEx,3,1,1568952455281,0,Ending game,,P0:;P1:;P2:;P3:,3 1 2 3 4 3 2 1 2 4 1 1 3 4 4 ,,P0:75;P1:170.0;P2:190.0;P3:118.0;,01:34
A1D9ZWU1M46SAF,noEx,5,2,1568952456550,0,Starting new game,1,P0:;P1:1;;P2:;P3:,3 4 5 5 5 5 5,2,P0:109;P1:195.0;P2:134.0;P3:118.0;,01:34

A1D9ZWU1M46SAF,noEx,5,2,1568952464850,0,Removed cell 5-6-false,1,P0:;P1:1;;P2:;P3:,3 4 5 5 5 5 5 2 ,2,P0:-36;P1:195.0;P2:134.0;P3:118.0;,02:53
A1D9ZWU1M46SAF,noEx,5,2,1568952465328,0,Removed cell 4-6-false,1,P0:;P1:1;;P2:;P3:,3 4 5 5 5 5 5 2 1 ,2,P0:-31;P1:195.0;P2:134.0;P3:118.0;,02:53
A1D9ZWU1M46SAF,noEx,5,2,1568952465747,0,Removed cell 4-7-true,1,P0:;P1:1;;P2:;P3:,3 4 5 5 5 5 5 2 1 1 ,2,P0:-26;P1:195.0;P2:134.0;P3:118.0;,02:52
A1D9ZWU1M46SAF,noEx,5,2,1568952467874,0,Added cell 5-8-true,1,P0:;P1:1;;P2:;P3:,4 5 5 5 5 5 2 1 1 ,2,P0:-31;P1:195.0;P2:134.0;P3:118.0;,02:50
A1D9ZWU1M46SAF,noEx,5,2,1568952468525,0,Added cell 6-8-true,1,P0:;P1:1;;P2:;P3:,4 5 5 5 5 2 1 1 ,2,P0:-36;P1:195.0;P2:134.0;P3:118.0;,02:50
A1D9ZWU1M46SAF,noEx,5,2,1568952469407,0,Added cell 6-7-true,1,P0:;P1:1;;P2:;P3:,4 5 5 5 5 2 1 ,2,P0:-41;P1:195.0;P2:134.0;P3:118.0;,02:49
A1D9ZWU1M46SAF,noEx,5,2,1568952469679,0,Added cell 6-6-true,1,P0:;P1:1;;P2:;P3:,4 5 5 5 2 1 ,2,P0:-46;P1:195.0;P2:134.0;P3:118.0;,02:48
A1D9ZWU1M46SAF,noEx,5,2,1568952470017,0,Denied adding cell 6-5-false,1,P0:;P1:1;;P2:;P3:,4 5 5 5 2 1 ,2,P0:-46;P1:195.0;P2:134.0;P3:118.0;,02:48
A1D9ZWU1M46SAF,noEx,5,2,1568952472327,0,Added cell 5-6-false,1,P0:;P1:1;;P2:;P3:,4 5 5 5 1 ,2,P0:99;P1:195.0;P2:134.0;P3:118.0;,02:46
A1D9ZWU1M46SAF,noEx,5,2,1568952473710,0,Removed cell 5-6-false,1,P0:;P1:1;;P2:;P3:,4 5 5 5 1 2 ,2,P0:-46;P1:195.0;P2:134.0;P3:118.0;,02:44
A1D9ZWU1M46SAF,noEx,5,2,1568952481723,0,Removed cell 4-8-false,1,P0:;P1:1;;P2:;P3:,4 5 5 5 1 2 3 ,2,P0:-41;P1:195.0;P2:134.0;P3:118.0;,02:36
A1D9ZWU1M46SAF,noEx,5,2,1568952482228,0,Added cell 5-9-false,1,P0:;P1:1;;P2:;P3:,4 5 5 5 1 3 ,2,P0:-46;P1:195.0;P2:134.0;P3:118.0;,02:36
A1D9ZWU1M46SAF,noEx,5,2,1568952483015,0,Removed cell 5-9-false,1,P0:;P1:1;;P2:;P3:,4 5 5 5 1 3 2 ,2,P0:-41;P1:195.0;P2:134.0;P3:118.0;,02:35
A1D9ZWU1M46SAF,noEx,5,2,1568952486403,0,Removed cell 1-9-true,1,P0:;P1:1;;P2:;P3:,4 5 5 5 1 3 2 3 ,2,P0:-36;P1:195.0;P2:134.0;P3:118.0;,02:32
A1D9ZWU1M46SAF,noEx,5,2,1568952486807,0,Removed cell 2-9-true,1,P0:;P1:1;;P2:;P3:,4 5 5 5 1 3 2 3 3 ,2,P0:-31;P1:195.0;P2:134.0;P3:118.0;,02:31
A1D9ZWU1M46SAF,noEx,5,2,1568952487321,0,Added cell 1-8-true,1,P0:;P1:1;;P2:;P3:,4 5 5 5 3 2 3 3 ,2,P0:-36;P1:195.0;P2:134.0;P3:118.0;,02:31
A1D9ZWU1M46SAF,noEx,5,2,1568952487975,0,Added cell 2-8-true,1,P0:;P1:1;;P2:;P3:,5 5 5 3 2 3 3 ,2,P0:-41;P1:195.0;P2:134.0;P3:118.0;,02:30
A1D9ZWU1M46SAF,noEx,5,2,1568952489109,0,Added cell 3-8-true,1,P0:;P1:1;;P2:;P3:,5 5 5 2 3 3 ,2,P0:-46;P1:195.0;P2:134.0;P3:118.0;,02:29
A1D9ZWU1M46SAF,noEx,5,2,1568952489961,0,Added cell 6-5-true,1,P0:;P1:1;;P2:;P3:,5 5 5 2 3 ,2,P0:-51;P1:195.0;P2:134.0;P3:118.0;,02:28
A1D9ZWU1M46SAF,noEx,5,2,1568952496893,0,ChipRequest min:;From;1;Colour;1;ReqNrOfChips;0;Success;1,1,P0:;P1:1;;P2:;P3:,5 5 5 3 ,,P0:-51;P1:195.0;P2:134.0;P3:118.0;,02:21
A1D9ZWU1M46SAF,noEx,5,2,1568952498466,0,Added cell 1-9-true,,P0:;P1:;P2:;P3:,5 5 5 ,,P0:15;P1:195.0;P2:134.0;P3:118.0;,02:20
A1D9ZWU1M46SAF,noEx,5,2,1568952508321,0,Clear path,,P0:;P1:;P2:;P3:,5 3 1 1 5 3 4 3 5 4 1 3 5 5 5 ,,P0:75;P1:195.0;P2:134.0;P3:118.0;,02:10
A1D9ZWU1M46SAF,noEx,5,2,1568952510139,0,Denied adding cell 0-8-false,,P0:;P1:;P2:;P3:,5 3 1 1 5 3 4 3 5 4 1 3 5 5 5 ,,P0:75;P1:195.0;P2:134.0;P3:118.0;,02:08
A1D9ZWU1M46SAF,noEx,5,2,1568952512338,0,Added cell 1-9-true,,P0:;P1:;P2:;P3:,5 1 1 5 3 4 3 5 4 1 3 5 5 5 ,,P0:70;P1:195.0;P2:134.0;P3:118.0;,02:06
A1D9ZWU1M46SAF,noEx,5,2,1568952512768,0,Added cell 1-8-true,,P0:;P1:;P2:;P3:,5 1 5 3 4 3 5 4 1 3 5 5 5 ,,P0:65;P1:195.0;P2:134.0;P3:118.0;,02:05
A1D9ZWU1M46SAF,noEx,5,2,1568952513215,0,Added cell 2-8-true,,P0:;P1:;P2:;P3:,5 1 5 3 3 5 4 1 3 5 5 5 ,,P0:60;P1:195.0;P2:134.0;P3:118.0;,02:05
A1D9ZWU1M46SAF,noEx,5,2,1568952513609,0,Added cell 2-7-true,,P0:;P1:;P2:;P3:,5 1 5 3 3 5 1 3 5 5 5 ,,P0:55;P1:195.0;P2:134.0;P3:118.0;,02:04
A1D9ZWU1M46SAF,noEx,5,2,1568952513975,0,Added cell 2-6-true,,P0:;P1:;P2:;P3:,1 5 3 3 5 1 3 5 5 5 ,,P0:50;P1:195.0;P2:134.0;P3:118.0;,02:04
A1D9ZWU1M46SAF,noEx,5,2,1568952514414,0,Denied adding cell 2-5-false,,P0:;P1:;P2:;P3:,1 5 3 3 5 1 3 5 5 5 ,,P0:50;P1:195.0;P2:134.0;P3:118.0;,02:04
A1D9ZWU1M46SAF,noEx,5,2,1568952516806,0,Removed cell 2-6-true,,P0:;P1:;P2:;P3:,1 5 3 3 5 1 3 5 5 5 5 ,,P0:55;P1:195.0;P2:134.0;P3:118.0;,02:01
A1D9ZWU1M46SAF,noEx,5,2,1568952517130,0,Added cell 3-7-true,,P0:;P1:;P2:;P3:,1 5 3 5 1 3 5 5 5 5 ,,P0:50;P1:195.0;P2:134.0;P3:118.0;,02:01
A1D9ZWU1M46SAF,noEx,5,2,1568952517765,0,Added cell 4-7-true,,P0:;P1:;P2:;P3:,5 3 5 1 3 5 5 5 5 ,,P0:45;P1:195.0;P2:134.0;P3:118.0;,02:00
A1D9ZWU1M46SAF,noEx,5,2,1568952518147,0,Added cell 4-6-true,,P0:;P1:;P2:;P3:,5 3 5 3 5 5 5 5 ,,P0:40;P1:195.0;P2:134.0;P3:118.0;,02:00
A1D9ZWU1M46SAF,noEx,5,2,1568952519154,0,Removed cell 4-6-false,,P0:;P1:;P2:;P3:,5 3 5 3 5 5 5 5 1 ,,P0:45;P1:195.0;P2:134.0;P3:118.0;,01:59
A1D9ZWU1M46SAF,noEx,5,2,1568952522597,0,Removed cell 4-7-true,,P0:;P1:;P2:;P3:,5 3 5 3 5 5 5 5 1 1 ,,P0:50;P1:195.0;P2:134.0;P3:118.0;,01:55
A1D9ZWU1M46SAF,noEx,5,2,1568952522917,0,Removed cell 3-7-true,,P0:;P1:;P2:;P3:,5 3 5 3 5 5 5 5 1 1 3 ,,P0:55;P1:195.0;P2:134.0;P3:118.0;,01:55
A1D9ZWU1M46SAF,noEx,5,2,1568952523170,0,Removed cell 2-7-false,,P0:;P1:;P2:;P3:,5 3 5 3 5 5 5 5 1 1 3 4 ,,P0:60;P1:195.0;P2:134.0;P3:118.0;,01:55
A1D9ZWU1M46SAF,noEx,5,2,1568952523412,0,Removed cell 2-8-true,,P0:;P1:;P2:;P3:,5 3 5 3 5 5 5 5 1 1 3 4 4 ,,P0:65;P1:195.0;P2:134.0;P3:118.0;,01:55
A1D9ZWU1M46SAF,noEx,5,2,1568952523676,0,Removed cell 1-8-true,,P0:;P1:;P2:;P3:,5 3 5 3 5 5 5 5 1 1 3 4 4 1 ,,P0:70;P1:195.0;P2:134.0;P3:118.0;,01:54
A1D9ZWU1M46SAF,noEx,5,2,1568952523940,0,Removed cell 1-9-true,,P0:;P1:;P2:;P3:,5 3 5 3 5 5 5 5 1 1 3 4 4 1 3 ,,P0:75;P1:195.0;P2:134.0;P3:118.0;,01:54
A1D9ZWU1M46SAF,noEx,5,2,1568952525278,0,Clear path,,P0:;P1:;P2:;P3:,5 3 1 1 5 3 4 3 5 4 1 3 5 5 5 ,,P0:75;P1:195.0;P2:134.0;P3:118.0;,01:53
A1D9ZWU1M46SAF,noEx,5,2,1568952537846,0,Clear path,,P0:;P1:;P2:;P3:,5 3 1 1 5 3 4 3 5 4 1 3 5 5 5 ,,P0:75;P1:195.0;P2:134.0;P3:118.0;,01:40
A1D9ZWU1M46SAF,noEx,5,2,1568952539002,0,Denied adding cell 0-8-false,,P0:;P1:;P2:;P3:,5 3 1 1 5 3 4 3 5 4 1 3 5 5 5 ,,P0:75;P1:195.0;P2:134.0;P3:118.0;,01:39
A1D9ZWU1M46SAF,noEx,5,2,1568952542144,0,Clear path,,P0:;P1:;P2:;P3:,5 3 1 1 5 3 4 3 5 4 1 3 5 5 5 ,,P0:75;P1:195.0;P2:134.0;P3:118.0;,01:36
A1D9ZWU1M46SAF,noEx,5,2,1568952543290,0,Added cell 1-9-true,,P0:;P1:;P2:;P3:,5 1 1 5 3 4 3 5 4 1 3 5 5 5 ,,P0:70;P1:195.0;P2:134.0;P3:118.0;,01:35
A1D9ZWU1M46SAF,noEx,5,2,1568952543589,0,Added cell 2-9-true,,P0:;P1:;P2:;P3:,5 1 1 5 4 3 5 4 1 3 5 5 5 ,,P0:65;P1:195.0;P2:134.0;P3:118.0;,01:34
A1D9ZWU1M46SAF,noEx,5,2,1568952549260,0,Added cell 3-9-true,,P0:;P1:;P2:;P3:,5 1 5 4 3 5 4 1 3 5 5 5 ,,P0:60;P1:195.0;P2:134.0;P3:118.0;,01:29
A1D9ZWU1M46SAF,noEx,5,2,1568952549584,0,Added cell 4-9-true,,P0:;P1:;P2:;P3:,1 5 4 3 5 4 1 3 5 5 5 ,,P0:55;P1:195.0;P2:134.0;P3:118.0;,01:28
A1D9ZWU1M46SAF,noEx,5,2,1568952549845,0,Added cell 4-8-true,,P0:;P1:;P2:;P3:,1 5 4 5 4 1 3 5 5 5 ,,P0:50;P1:195.0;P2:134.0;P3:118.0;,01:28
A1D9ZWU1M46SAF,noEx,5,2,1568952550115,0,Added cell 5-8-true,,P0:;P1:;P2:;P3:,1 5 4 5 4 1 5 5 5 ,,P0:45;P1:195.0;P2:134.0;P3:118.0;,01:28
A1D9ZWU1M46SAF,noEx,5,2,1568952550430,0,Denied adding cell 5-7-false,,P0:;P1:;P2:;P3:,1 5 4 5 4 1 5 5 5 ,,P0:45;P1:195.0;P2:134.0;P3:118.0;,01:28
A1D9ZWU1M46SAF,noEx,5,2,1568952552181,0,Added cell 6-8-true,,P0:;P1:;P2:;P3:,1 4 5 4 1 5 5 5 ,,P0:40;P1:195.0;P2:134.0;P3:118.0;,01:26
A1D9ZWU1M46SAF,noEx,5,2,1568952552552,0,Added cell 6-7-true,,P0:;P1:;P2:;P3:,4 5 4 1 5 5 5 ,,P0:35;P1:195.0;P2:134.0;P3:118.0;,01:26
A1D9ZWU1M46SAF,noEx,5,2,1568952552892,0,Added cell 6-6-true,,P0:;P1:;P2:;P3:,4 4 1 5 5 5 ,,P0:30;P1:195.0;P2:134.0;P3:118.0;,01:25
A1D9ZWU1M46SAF,noEx,5,2,1568952553203,0,Denied adding cell 6-5-false,,P0:;P1:;P2:;P3:,4 4 1 5 5 5 ,,P0:30;P1:195.0;P2:134.0;P3:118.0;,01:25
A1D9ZWU1M46SAF,noEx,5,2,1568952554853,0,Denied adding cell 5-6-false,,P0:;P1:;P2:;P3:,4 4 1 5 5 5 ,,P0:30;P1:195.0;P2:134.0;P3:118.0;,01:23
A1D9ZWU1M46SAF,noEx,5,2,1568952557553,0,Removed cell 4-9-true,,P0:;P1:;P2:;P3:,4 4 1 5 5 5 5 ,,P0:35;P1:195.0;P2:134.0;P3:118.0;,01:21
A1D9ZWU1M46SAF,noEx,5,2,1568952557866,0,Denied adding cell 3-8-false,,P0:;P1:;P2:;P3:,4 4 1 5 5 5 5 ,,P0:35;P1:195.0;P2:134.0;P3:118.0;,01:20
A1D9ZWU1M46SAF,noEx,5,2,1568952564217,0,Clear path,,P0:;P1:;P2:;P3:,5 3 1 1 5 3 4 3 5 4 1 3 5 5 5 ,,P0:75;P1:195.0;P2:134.0;P3:118.0;,01:14
A1D9ZWU1M46SAF,noEx,5,2,1568952568651,0,Denied adding cell 0-8-false,,P0:;P1:;P2:;P3:,5 3 1 1 5 3 4 3 5 4 1 3 5 5 5 ,,P0:75;P1:195.0;P2:134.0;P3:118.0;,01:09
A1D9ZWU1M46SAF,noEx,5,2,1568952571149,0,Added cell 1-9-true,,P0:;P1:;P2:;P3:,5 1 1 5 3 4 3 5 4 1 3 5 5 5 ,,P0:70;P1:195.0;P2:134.0;P3:118.0;,01:07
A1D9ZWU1M46SAF,noEx,5,2,1568952571805,0,Added cell 1-8-true,,P0:;P1:;P2:;P3:,5 1 5 3 4 3 5 4 1 3 5 5 5 ,,P0:65;P1:195.0;P2:134.0;P3:118.0;,01:06
A1D9ZWU1M46SAF,noEx,5,2,1568952572110,0,Added cell 2-8-true,,P0:;P1:;P2:;P3:,5 1 5 3 3 5 4 1 3 5 5 5 ,,P0:60;P1:195.0;P2:134.0;P3:118.0;,01:06
A1D9ZWU1M46SAF,noEx,5,2,1568952576835,0,Removed cell 1-8-true,,P0:;P1:;P2:;P3:,5 1 5 3 3 5 4 1 3 5 5 5 1 ,,P0:65;P1:195.0;P2:134.0;P3:118.0;,01:01
A1D9ZWU1M46SAF,noEx,5,2,1568952577142,0,Removed cell 2-8-true,,P0:;P1:;P2:;P3:,5 1 5 3 3 5 4 1 3 5 5 5 1 4 ,,P0:70;P1:195.0;P2:134.0;P3:118.0;,01:01
A1D9ZWU1M46SAF,noEx,5,2,1568952577400,0,Added cell 2-9-true,,P0:;P1:;P2:;P3:,5 1 5 3 5 4 1 3 5 5 5 1 4 ,,P0:65;P1:195.0;P2:134.0;P3:118.0;,01:01
A1D9ZWU1M46SAF,noEx,5,2,1568952577693,0,Added cell 3-9-true,,P0:;P1:;P2:;P3:,5 5 3 5 4 1 3 5 5 5 1 4 ,,P0:60;P1:195.0;P2:134.0;P3:118.0;,01:00
A1D9ZWU1M46SAF,noEx,5,2,1568952578136,0,Added cell 4-9-true,,P0:;P1:;P2:;P3:,5 3 5 4 1 3 5 5 5 1 4 ,,P0:55;P1:195.0;P2:134.0;P3:118.0;,01:00
A1D9ZWU1M46SAF,noEx,5,2,1568952579303,0,Added cell 4-8-true,,P0:;P1:;P2:;P3:,5 5 4 1 3 5 5 5 1 4 ,,P0:50;P1:195.0;P2:134.0;P3:118.0;,00:59
A1D9ZWU1M46SAF,noEx,5,2,1568952580264,0,Added cell 5-8-true,,P0:;P1:;P2:;P3:,5 5 4 1 5 5 5 1 4 ,,P0:45;P1:195.0;P2:134.0;P3:118.0;,00:58
A1D9ZWU1M46SAF,noEx,5,2,1568952586246,0,Removed cell 1-9-false,,P0:;P1:;P2:;P3:,5 5 4 1 5 5 5 1 4 3 ,,P0:50;P1:195.0;P2:134.0;P3:118.0;,00:52
A1D9ZWU1M46SAF,noEx,5,2,1568952586571,0,Removed cell 2-9-true,,P0:;P1:;P2:;P3:,5 5 4 1 5 5 5 1 4 3 3 ,,P0:55;P1:195.0;P2:134.0;P3:118.0;,00:51
A1D9ZWU1M46SAF,noEx,5,2,1568952586991,0,Added cell 1-8-true,,P0:;P1:;P2:;P3:,5 5 4 5 5 5 1 4 3 3 ,,P0:50;P1:195.0;P2:134.0;P3:118.0;,00:51
A1D9ZWU1M46SAF,noEx,5,2,1568952587761,0,Denied adding cell 0-8-false,,P0:;P1:;P2:;P3:,5 5 4 5 5 5 1 4 3 3 ,,P0:50;P1:195.0;P2:134.0;P3:118.0;,00:50
A1D9ZWU1M46SAF,noEx,5,2,1568952589385,0,Added cell 1-9-true,,P0:;P1:;P2:;P3:,5 5 4 5 5 5 1 4 3 ,,P0:45;P1:195.0;P2:134.0;P3:118.0;,00:49
A1D9ZWU1M46SAF,noEx,5,2,1568952589961,0,Added cell 2-8-true,,P0:;P1:;P2:;P3:,5 5 5 5 5 1 4 3 ,,P0:40;P1:195.0;P2:134.0;P3:118.0;,00:48
A1D9ZWU1M46SAF,noEx,5,2,1568952591261,0,Removed cell 4-8-true,,P0:;P1:;P2:;P3:,5 5 5 5 5 1 4 3 3 ,,P0:45;P1:195.0;P2:134.0;P3:118.0;,00:47
A1D9ZWU1M46SAF,noEx,5,2,1568952592571,0,Removed cell 1-8-true,,P0:;P1:;P2:;P3:,5 5 5 5 5 1 4 3 3 1 ,,P0:50;P1:195.0;P2:134.0;P3:118.0;,00:45
A1D9ZWU1M46SAF,noEx,5,2,1568952592898,0,Removed cell 2-8-true,,P0:;P1:;P2:;P3:,5 5 5 5 5 1 4 3 3 1 4 ,,P0:55;P1:195.0;P2:134.0;P3:118.0;,00:45
A1D9ZWU1M46SAF,noEx,5,2,1568952593178,0,Added cell 2-9-true,,P0:;P1:;P2:;P3:,5 5 5 5 5 1 4 3 1 4 ,,P0:50;P1:195.0;P2:134.0;P3:118.0;,00:45
A1D9ZWU1M46SAF,noEx,5,2,1568952593770,0,Denied adding cell 5-9-false,,P0:;P1:;P2:;P3:,5 5 5 5 5 1 4 3 1 4 ,,P0:50;P1:195.0;P2:134.0;P3:118.0;,00:44
A1D9ZWU1M46SAF,noEx,5,2,1568952596579,0,Added cell 4-8-true,,P0:;P1:;P2:;P3:,5 5 5 5 5 1 4 1 4 ,,P0:45;P1:195.0;P2:134.0;P3:118.0;,00:41
A1D9ZWU1M46SAF,noEx,5,2,1568952597397,0,Removed cell 5-8-false,,P0:;P1:;P2:;P3:,5 5 5 5 5 1 4 1 4 3 ,,P0:50;P1:195.0;P2:134.0;P3:118.0;,00:41
A1D9ZWU1M46SAF,noEx,5,2,1568952599152,0,Added cell 5-8-true,,P0:;P1:;P2:;P3:,5 5 5 5 5 1 4 1 4 ,,P0:45;P1:195.0;P2:134.0;P3:118.0;,00:39
A1D9ZWU1M46SAF,noEx,5,2,1568952602005,0,Added cell 6-8-true,,P0:;P1:;P2:;P3:,5 5 5 5 1 4 1 4 ,,P0:40;P1:195.0;P2:134.0;P3:118.0;,00:36
A1D9ZWU1M46SAF,noEx,5,2,1568952602395,0,Added cell 6-7-true,,P0:;P1:;P2:;P3:,5 5 5 5 4 1 4 ,,P0:35;P1:195.0;P2:134.0;P3:118.0;,00:36
A1D9ZWU1M46SAF,noEx,5,2,1568952602763,0,Added cell 6-6-true,,P0:;P1:;P2:;P3:,5 5 5 4 1 4 ,,P0:30;P1:195.0;P2:134.0;P3:118.0;,00:35
A1D9ZWU1M46SAF,noEx,5,2,1568952603201,0,Denied adding cell 6-5-false,,P0:;P1:;P2:;P3:,5 5 5 4 1 4 ,,P0:30;P1:195.0;P2:134.0;P3:118.0;,00:35
A1D9ZWU1M46SAF,noEx,5,2,1568952604923,0,Denied adding cell 5-6-false,,P0:;P1:;P2:;P3:,5 5 5 4 1 4 ,,P0:30;P1:195.0;P2:134.0;P3:118.0;,00:33
A1D9ZWU1M46SAF,noEx,5,2,1568952607422,0,Clear path,,P0:;P1:;P2:;P3:,5 3 1 1 5 3 4 3 5 4 1 3 5 5 5 ,,P0:75;P1:195.0;P2:134.0;P3:118.0;,00:31
A1D9ZWU1M46SAF,noEx,5,2,1568952611596,0,Added cell 6-5-true,,P0:;P1:;P2:;P3:,5 1 1 5 3 4 3 5 4 1 3 5 5 5 ,,P0:70;P1:195.0;P2:134.0;P3:118.0;,00:26
A1D9ZWU1M46SAF,noEx,5,2,1568952612105,0,Added cell 6-6-true,,P0:;P1:;P2:;P3:,1 1 5 3 4 3 5 4 1 3 5 5 5 ,,P0:65;P1:195.0;P2:134.0;P3:118.0;,00:26
A1D9ZWU1M46SAF,noEx,5,2,1568952612613,0,Added cell 6-7-true,,P0:;P1:;P2:;P3:,1 5 3 4 3 5 4 1 3 5 5 5 ,,P0:60;P1:195.0;P2:134.0;P3:118.0;,00:25
A1D9ZWU1M46SAF,noEx,5,2,1568952613045,0,Added cell 6-8-true,,P0:;P1:;P2:;P3:,1 3 4 3 5 4 1 3 5 5 5 ,,P0:55;P1:195.0;P2:134.0;P3:118.0;,00:25
A1D9ZWU1M46SAF,noEx,5,2,1568952613476,0,Added cell 5-8-true,,P0:;P1:;P2:;P3:,1 4 3 5 4 1 3 5 5 5 ,,P0:50;P1:195.0;P2:134.0;P3:118.0;,00:25
A1D9ZWU1M46SAF,noEx,5,2,1568952613884,0,Added cell 4-8-true,,P0:;P1:;P2:;P3:,1 4 5 4 1 3 5 5 5 ,,P0:45;P1:195.0;P2:134.0;P3:118.0;,00:24
A1D9ZWU1M46SAF,noEx,5,2,1568952614201,0,Added cell 4-9-true,,P0:;P1:;P2:;P3:,1 4 4 1 3 5 5 5 ,,P0:40;P1:195.0;P2:134.0;P3:118.0;,00:24
A1D9ZWU1M46SAF,noEx,5,2,1568952614563,0,Added cell 3-9-true,,P0:;P1:;P2:;P3:,4 4 1 3 5 5 5 ,,P0:35;P1:195.0;P2:134.0;P3:118.0;,00:23
A1D9ZWU1M46SAF,noEx,5,2,1568952614887,0,Added cell 2-9-true,,P0:;P1:;P2:;P3:,4 4 1 5 5 5 ,,P0:30;P1:195.0;P2:134.0;P3:118.0;,00:23
A1D9ZWU1M46SAF,noEx,5,2,1568952615212,0,Denied adding cell 1-9-false,,P0:;P1:;P2:;P3:,4 4 1 5 5 5 ,,P0:30;P1:195.0;P2:134.0;P3:118.0;,00:23
A1D9ZWU1M46SAF,noEx,5,2,1568952619198,0,Removed cell 3-9-true,,P0:;P1:;P2:;P3:,4 4 1 5 5 5 1 ,,P0:35;P1:195.0;P2:134.0;P3:118.0;,00:19
A1D9ZWU1M46SAF,noEx,5,2,1568952619554,0,Removed cell 2-9-false,,P0:;P1:;P2:;P3:,4 4 1 5 5 5 1 3 ,,P0:40;P1:195.0;P2:134.0;P3:118.0;,00:19
A1D9ZWU1M46SAF,noEx,5,2,1568952619954,0,Removed cell 4-9-true,,P0:;P1:;P2:;P3:,4 4 1 5 5 5 1 3 5 ,,P0:45;P1:195.0;P2:134.0;P3:118.0;,00:18
A1D9ZWU1M46SAF,noEx,5,2,1568952620330,0,Added cell 3-8-true,,P0:;P1:;P2:;P3:,4 4 1 5 5 5 1 5 ,,P0:40;P1:195.0;P2:134.0;P3:118.0;,00:18
A1D9ZWU1M46SAF,noEx,5,2,1568952620599,0,Added cell 2-8-true,,P0:;P1:;P2:;P3:,4 1 5 5 5 1 5 ,,P0:35;P1:195.0;P2:134.0;P3:118.0;,00:17
A1D9ZWU1M46SAF,noEx,5,2,1568952620868,0,Added cell 1-8-true,,P0:;P1:;P2:;P3:,4 5 5 5 1 5 ,,P0:30;P1:195.0;P2:134.0;P3:118.0;,00:17
A1D9ZWU1M46SAF,noEx,5,2,1568952621334,0,Denied adding cell 1-9-false,,P0:;P1:;P2:;P3:,4 5 5 5 1 5 ,,P0:30;P1:195.0;P2:134.0;P3:118.0;,00:17
A1D9ZWU1M46SAF,noEx,5,2,1568952630587,0,Denied adding cell 0-8-false,,P0:;P1:;P2:;P3:,4 5 5 5 1 5 ,,P0:30;P1:195.0;P2:134.0;P3:118.0;,00:07
A1D9ZWU1M46SAF,noEx,5,2,1568952633034,0,Clear path,,P0:;P1:;P2:;P3:,5 3 1 1 5 3 4 3 5 4 1 3 5 5 5 ,,P0:75;P1:195.0;P2:134.0;P3:118.0;,00:05
A1D9ZWU1M46SAF,noEx,5,2,1568952637550,0,Time is up!,,P0:;P1:;P2:;P3:,5 3 1 1 5 3 4 3 5 4 1 3 5 5 5 ,,P0:75;P1:195.0;P2:134.0;P3:118.0;,00:00
A1D9ZWU1M46SAF,noEx,5,2,1568952640127,0,Ending game,,P0:;P1:;P2:;P3:,5 3 1 1 5 3 4 3 5 4 1 3 5 5 5 ,,P0:75;P1:195.0;P2:134.0;P3:118.0;,00:00
A1D9ZWU1M46SAF,noEx,7,3,1568952641461,0,Starting new game,0,P0:;P1:0;;P2:;P3:,2,1,P0:79;P1:109.0;P2:114.0;P3:165.0;,00:00

A1D9ZWU1M46SAF,noEx,7,3,1568952648344,0,Removed cell 2-9-false,0,P0:;P1:0;;P2:;P3:,2 1 ,1,P0:-66;P1:109.0;P2:114.0;P3:165.0;,02:55
A1D9ZWU1M46SAF,noEx,7,3,1568952656514,0,Removed cell 2-8-true,0,P0:;P1:0;;P2:;P3:,2 1 1 ,1,P0:-61;P1:109.0;P2:114.0;P3:165.0;,02:46
A1D9ZWU1M46SAF,noEx,7,3,1568952656830,0,Removed cell 2-7-false,0,P0:;P1:0;;P2:;P3:,2 1 1 5 ,1,P0:-56;P1:109.0;P2:114.0;P3:165.0;,02:46
A1D9ZWU1M46SAF,noEx,7,3,1568952657289,0,Added cell 1-8-true,0,P0:;P1:0;;P2:;P3:,2 1 1 ,1,P0:-61;P1:109.0;P2:114.0;P3:165.0;,02:46
A1D9ZWU1M46SAF,noEx,7,3,1568952661029,0,Clear path,,P0:;P1:;P2:;P3:,3 4 1 2 4 2 2 5 2 1 4 5 1 3 2 ,,P0:75;P1:109.0;P2:114.0;P3:165.0;,02:42
A1D9ZWU1M46SAF,noEx,7,3,1568952667411,0,Clear path,,P0:;P1:;P2:;P3:,3 4 1 2 4 2 2 5 2 1 4 5 1 3 2 ,,P0:75;P1:109.0;P2:114.0;P3:165.0;,02:36
A1D9ZWU1M46SAF,noEx,7,3,1568952677240,0,Added cell 2-9-true,,P0:;P1:;P2:;P3:,3 4 2 4 2 2 5 2 1 4 5 1 3 2 ,,P0:70;P1:109.0;P2:114.0;P3:165.0;,02:26
A1D9ZWU1M46SAF,noEx,7,3,1568952677569,0,Added cell 3-9-true,,P0:;P1:;P2:;P3:,3 2 4 2 2 5 2 1 4 5 1 3 2 ,,P0:65;P1:109.0;P2:114.0;P3:165.0;,02:25
A1D9ZWU1M46SAF,noEx,7,3,1568952677856,0,Added cell 3-8-true,,P0:;P1:;P2:;P3:,3 2 2 2 5 2 1 4 5 1 3 2 ,,P0:60;P1:109.0;P2:114.0;P3:165.0;,02:25
A1D9ZWU1M46SAF,noEx,7,3,1568952678157,0,Added cell 3-7-true,,P0:;P1:;P2:;P3:,3 2 2 2 5 2 1 5 1 3 2 ,,P0:55;P1:109.0;P2:114.0;P3:165.0;,02:25
A1D9ZWU1M46SAF,noEx,7,3,1568952678403,0,Denied adding cell 4-7-false,,P0:;P1:;P2:;P3:,3 2 2 2 5 2 1 5 1 3 2 ,,P0:55;P1:109.0;P2:114.0;P3:165.0;,02:25
A1D9ZWU1M46SAF,noEx,7,3,1568952680745,0,Removed cell 2-9-true,,P0:;P1:;P2:;P3:,3 2 2 2 5 2 1 5 1 3 2 1 ,,P0:60;P1:109.0;P2:114.0;P3:165.0;,02:22
A1D9ZWU1M46SAF,noEx,7,3,1568952681014,0,Removed cell 3-9-false,,P0:;P1:;P2:;P3:,3 2 2 2 5 2 1 5 1 3 2 1 4 ,,P0:65;P1:109.0;P2:114.0;P3:165.0;,02:22
A1D9ZWU1M46SAF,noEx,7,3,1568952681256,0,Removed cell 3-8-true,,P0:;P1:;P2:;P3:,3 2 2 2 5 2 1 5 1 3 2 1 4 4 ,,P0:70;P1:109.0;P2:114.0;P3:165.0;,02:22
A1D9ZWU1M46SAF,noEx,7,3,1568952681527,0,Removed cell 3-7-true,,P0:;P1:;P2:;P3:,3 2 2 2 5 2 1 5 1 3 2 1 4 4 4 ,,P0:75;P1:109.0;P2:114.0;P3:165.0;,02:21
A1D9ZWU1M46SAF,noEx,7,3,1568952683605,0,Motivation: Takes too many chips to get there without, better to do nothing,,P0:;P1:;P2:;P3:,3 2 2 2 5 2 1 5 1 3 2 1 4 4 4 ,,P0:75;P1:109.0;P2:114.0;P3:165.0;,02:19
A1D9ZWU1M46SAF,noEx,7,3,1568952683605,0,Ending game,,P0:;P1:;P2:;P3:,3 2 2 2 5 2 1 5 1 3 2 1 4 4 4 ,,P0:75;P1:109.0;P2:114.0;P3:165.0;,02:19
A1D9ZWU1M46SAF,noEx,9,4,1568952684862,0,Starting new game,,P0:;P1:;P2:;P3:,2 3 3 4,,P0:170;P1:124.0;P2:170.0;P3:175.0;,02:19

A1D9ZWU1M46SAF,noEx,9,4,1568952686948,0,Clear path,,P0:;P1:;P2:;P3:,5 4 3 3 5 4 5 4 3 2 2 1 5 2 2 ,,P0:75;P1:124.0;P2:170.0;P3:175.0;,02:59
A1D9ZWU1M46SAF,noEx,9,4,1568952694507,0,Clear path,,P0:;P1:;P2:;P3:,5 4 3 3 5 4 5 4 3 2 2 1 5 2 2 ,,P0:75;P1:124.0;P2:170.0;P3:175.0;,02:52
A1D9ZWU1M46SAF,noEx,9,4,1568952694723,0,Clear path,,P0:;P1:;P2:;P3:,5 4 3 3 5 4 5 4 3 2 2 1 5 2 2 ,,P0:75;P1:124.0;P2:170.0;P3:175.0;,02:52
A1D9ZWU1M46SAF,noEx,9,4,1568952697093,0,Added cell 8-8-true,,P0:;P1:;P2:;P3:,4 3 3 5 4 5 4 3 2 2 1 5 2 2 ,,P0:70;P1:124.0;P2:170.0;P3:175.0;,02:49
A1D9ZWU1M46SAF,noEx,9,4,1568952697461,0,Added cell 8-7-true,,P0:;P1:;P2:;P3:,3 3 5 4 5 4 3 2 2 1 5 2 2 ,,P0:65;P1:124.0;P2:170.0;P3:175.0;,02:49
A1D9ZWU1M46SAF,noEx,9,4,1568952697831,0,Added cell 8-6-true,,P0:;P1:;P2:;P3:,3 3 5 4 5 4 3 2 1 5 2 2 ,,P0:60;P1:124.0;P2:170.0;P3:175.0;,02:49
A1D9ZWU1M46SAF,noEx,9,4,1568952698778,0,Removed cell 8-6-true,,P0:;P1:;P2:;P3:,3 3 5 4 5 4 3 2 1 5 2 2 2 ,,P0:65;P1:124.0;P2:170.0;P3:175.0;,02:48
A1D9ZWU1M46SAF,noEx,9,4,1568952699343,0,Added cell 8-5-true,,P0:;P1:;P2:;P3:,3 3 5 4 5 4 3 1 5 2 2 2 ,,P0:60;P1:124.0;P2:170.0;P3:175.0;,02:47
A1D9ZWU1M46SAF,noEx,9,4,1568952699712,0,Added cell 8-6-true,,P0:;P1:;P2:;P3:,3 3 5 4 5 4 3 1 5 2 2 ,,P0:55;P1:124.0;P2:170.0;P3:175.0;,02:47
A1D9ZWU1M46SAF,noEx,9,4,1568952700459,0,Added cell 8-4-true,,P0:;P1:;P2:;P3:,3 3 5 5 4 3 1 5 2 2 ,,P0:50;P1:124.0;P2:170.0;P3:175.0;,02:46
A1D9ZWU1M46SAF,noEx,9,4,1568952701643,0,Added cell 8-3-true,,P0:;P1:;P2:;P3:,3 3 5 5 3 1 5 2 2 ,,P0:45;P1:124.0;P2:170.0;P3:175.0;,02:45
A1D9ZWU1M46SAF,noEx,9,4,1568952701906,0,Added cell 8-2-true,,P0:;P1:;P2:;P3:,3 3 5 5 3 5 2 2 ,,P0:40;P1:124.0;P2:170.0;P3:175.0;,02:44
A1D9ZWU1M46SAF,noEx,9,4,1568952702529,0,Added cell 8-1-true,,P0:;P1:;P2:;P3:,3 3 5 5 3 5 2 ,,P0:35;P1:124.0;P2:170.0;P3:175.0;,02:44
A1D9ZWU1M46SAF,noEx,9,4,1568952705731,0,Added cell 7-1-true,,P0:;P1:;P2:;P3:,3 5 5 3 5 2 ,,P0:30;P1:124.0;P2:170.0;P3:175.0;,02:41
A1D9ZWU1M46SAF,noEx,9,4,1568952706895,0,Removed cell 8-1-true,,P0:;P1:;P2:;P3:,3 5 5 3 5 2 2 ,,P0:35;P1:124.0;P2:170.0;P3:175.0;,02:39
A1D9ZWU1M46SAF,noEx,9,4,1568952707166,0,Removed cell 8-2-false,,P0:;P1:;P2:;P3:,3 5 5 3 5 2 2 1 ,,P0:40;P1:124.0;P2:170.0;P3:175.0;,02:39
A1D9ZWU1M46SAF,noEx,9,4,1568952707676,0,Added cell 7-3-true,,P0:;P1:;P2:;P3:,3 5 3 5 2 2 1 ,,P0:35;P1:124.0;P2:170.0;P3:175.0;,02:39
A1D9ZWU1M46SAF,noEx,9,4,1568952707972,0,Added cell 7-2-true,,P0:;P1:;P2:;P3:,3 3 5 2 2 1 ,,P0:30;P1:124.0;P2:170.0;P3:175.0;,02:38
A1D9ZWU1M46SAF,noEx,9,4,1568952708383,0,Added cell 6-1-true,,P0:;P1:;P2:;P3:,3 3 5 2 2 ,,P0:25;P1:124.0;P2:170.0;P3:175.0;,02:38
A1D9ZWU1M46SAF,noEx,9,4,1568952708757,0,Added cell 6-0-true,,P0:;P1:;P2:;P3:,3 3 5 2 ,,P0:170;P1:124.0;P2:170.0;P3:175.0;,02:38
A1D9ZWU1M46SAF,noEx,9,4,1568952715834,0,Restore suggested path,,P0:;P1:;P2:;P3:,2 3 3 4,,P0:170;P1:124.0;P2:170.0;P3:175.0;,02:31
A1D9ZWU1M46SAF,noEx,9,4,1568952745059,0,Motivation: Direct route with no requests, no risk of other players not having chips and better score than do nothing,,P0:;P1:;P2:;P3:,2 3 3 4,,P0:170;P1:124.0;P2:170.0;P3:175.0;,02:01
A1D9ZWU1M46SAF,noEx,9,4,1568952745060,0,Ending game,,P0:;P1:;P2:;P3:,2 3 3 4,,P0:170;P1:124.0;P2:170.0;P3:175.0;,02:01
A1D9ZWU1M46SAF,noEx,2,5,1568952746636,0,Starting new game,4,P0:;P1:4;;P2:;P3:,1 1 1 4 4 2 2 2 2,5,P0:119;P1:190.0;P2:195.0;P3:200.0;,02:01

A1D9ZWU1M46SAF,noEx,2,5,1568952758271,0,Clear path,,P0:;P1:;P2:;P3:,4 2 2 5 1 3 2 1 2 1 4 4 1 2 1 ,,P0:75;P1:190.0;P2:195.0;P3:200.0;,02:50
A1D9ZWU1M46SAF,noEx,2,5,1568952759032,0,Added cell 2-7-true,,P0:;P1:;P2:;P3:,4 2 2 5 1 2 1 2 1 4 4 1 2 1 ,,P0:70;P1:190.0;P2:195.0;P3:200.0;,02:49
A1D9ZWU1M46SAF,noEx,2,5,1568952759274,0,Denied adding cell 3-7-false,,P0:;P1:;P2:;P3:,4 2 2 5 1 2 1 2 1 4 4 1 2 1 ,,P0:70;P1:190.0;P2:195.0;P3:200.0;,02:49
A1D9ZWU1M46SAF,noEx,2,5,1568952761018,0,Added cell 2-6-true,,P0:;P1:;P2:;P3:,2 2 5 1 2 1 2 1 4 4 1 2 1 ,,P0:65;P1:190.0;P2:195.0;P3:200.0;,02:47
A1D9ZWU1M46SAF,noEx,2,5,1568952761325,0,Denied adding cell 3-6-false,,P0:;P1:;P2:;P3:,2 2 5 1 2 1 2 1 4 4 1 2 1 ,,P0:65;P1:190.0;P2:195.0;P3:200.0;,02:47
A1D9ZWU1M46SAF,noEx,2,5,1568952763590,0,Removed cell 2-7-false,,P0:;P1:;P2:;P3:,2 2 5 1 2 1 2 1 4 4 1 2 1 3 ,,P0:70;P1:190.0;P2:195.0;P3:200.0;,02:45
A1D9ZWU1M46SAF,noEx,2,5,1568952763914,0,Removed cell 2-6-true,,P0:;P1:;P2:;P3:,2 2 5 1 2 1 2 1 4 4 1 2 1 3 4 ,,P0:75;P1:190.0;P2:195.0;P3:200.0;,02:44
A1D9ZWU1M46SAF,noEx,2,5,1568952764671,0,Added cell 1-6-true,,P0:;P1:;P2:;P3:,2 2 1 2 1 2 1 4 4 1 2 1 3 4 ,,P0:70;P1:190.0;P2:195.0;P3:200.0;,02:43
A1D9ZWU1M46SAF,noEx,2,5,1568952767440,0,Added cell 2-6-true,,P0:;P1:;P2:;P3:,2 2 1 2 1 2 1 4 1 2 1 3 4 ,,P0:65;P1:190.0;P2:195.0;P3:200.0;,02:41
A1D9ZWU1M46SAF,noEx,2,5,1568952767879,0,Added cell 2-5-true,,P0:;P1:;P2:;P3:,2 2 1 2 1 2 1 4 1 2 1 4 ,,P0:60;P1:190.0;P2:195.0;P3:200.0;,02:40
A1D9ZWU1M46SAF,noEx,2,5,1568952768174,0,Denied adding cell 3-5-false,,P0:;P1:;P2:;P3:,2 2 1 2 1 2 1 4 1 2 1 4 ,,P0:60;P1:190.0;P2:195.0;P3:200.0;,02:40
A1D9ZWU1M46SAF,noEx,2,5,1568952769941,0,Denied adding cell 2-4-false,,P0:;P1:;P2:;P3:,2 2 1 2 1 2 1 4 1 2 1 4 ,,P0:60;P1:190.0;P2:195.0;P3:200.0;,02:38
A1D9ZWU1M46SAF,noEx,2,5,1568952772629,0,Restore suggested path,4,P0:;P1:4;;P2:;P3:,1 1 1 4 4 2 2 2 2,5,P0:119;P1:190.0;P2:195.0;P3:200.0;,02:36
A1D9ZWU1M46SAF,noEx,2,5,1568952802497,0,Clear path,,P0:;P1:;P2:;P3:,4 2 2 5 1 3 2 1 2 1 4 4 1 2 1 ,,P0:75;P1:190.0;P2:195.0;P3:200.0;,02:06
A1D9ZWU1M46SAF,noEx,2,5,1568952803397,0,Added cell 1-8-true,,P0:;P1:;P2:;P3:,4 2 5 1 3 2 1 2 1 4 4 1 2 1 ,,P0:70;P1:190.0;P2:195.0;P3:200.0;,02:05
A1D9ZWU1M46SAF,noEx,2,5,1568952803695,0,Added cell 2-8-true,,P0:;P1:;P2:;P3:,4 2 5 3 2 1 2 1 4 4 1 2 1 ,,P0:65;P1:190.0;P2:195.0;P3:200.0;,02:04
A1D9ZWU1M46SAF,noEx,2,5,1568952804123,0,Added cell 3-8-true,,P0:;P1:;P2:;P3:,2 5 3 2 1 2 1 4 4 1 2 1 ,,P0:60;P1:190.0;P2:195.0;P3:200.0;,02:04
A1D9ZWU1M46SAF,noEx,2,5,1568952804433,0,Added cell 4-8-true,,P0:;P1:;P2:;P3:,2 5 3 2 2 1 4 4 1 2 1 ,,P0:55;P1:190.0;P2:195.0;P3:200.0;,02:04
A1D9ZWU1M46SAF,noEx,2,5,1568952804829,0,Added cell 4-7-true,,P0:;P1:;P2:;P3:,2 5 3 2 2 4 4 1 2 1 ,,P0:50;P1:190.0;P2:195.0;P3:200.0;,02:03
A1D9ZWU1M46SAF,noEx,2,5,1568952808874,0,Added cell 5-7-true,,P0:;P1:;P2:;P3:,5 3 2 2 4 4 1 2 1 ,,P0:45;P1:190.0;P2:195.0;P3:200.0;,01:59
A1D9ZWU1M46SAF,noEx,2,5,1568952809254,0,Added cell 6-7-true,,P0:;P1:;P2:;P3:,5 3 2 2 4 4 2 1 ,,P0:40;P1:190.0;P2:195.0;P3:200.0;,01:59
A1D9ZWU1M46SAF,noEx,2,5,1568952809527,0,Added cell 6-6-true,,P0:;P1:;P2:;P3:,5 3 2 4 4 2 1 ,,P0:35;P1:190.0;P2:195.0;P3:200.0;,01:59
A1D9ZWU1M46SAF,noEx,2,5,1568952810096,0,Added cell 6-5-true,,P0:;P1:;P2:;P3:,5 3 4 4 2 1 ,,P0:30;P1:190.0;P2:195.0;P3:200.0;,01:58
A1D9ZWU1M46SAF,noEx,2,5,1568952810478,0,Added cell 6-4-true,,P0:;P1:;P2:;P3:,5 3 4 4 1 ,,P0:25;P1:190.0;P2:195.0;P3:200.0;,01:58
A1D9ZWU1M46SAF,noEx,2,5,1568952810881,0,Added cell 5-4-true,,P0:;P1:;P2:;P3:,5 3 4 4 ,,P0:170;P1:190.0;P2:195.0;P3:200.0;,01:57
A1D9ZWU1M46SAF,noEx,2,5,1568952832383,0,Motivation: direct route with no risk of not getting chip requests because only uses my starting chips, better score than do nothing,,P0:;P1:;P2:;P3:,5 3 4 4 ,,P0:170;P1:190.0;P2:195.0;P3:200.0;,01:36
A1D9ZWU1M46SAF,noEx,2,5,1568952832383,0,Ending game,,P0:;P1:;P2:;P3:,5 3 4 4 ,,P0:170;P1:190.0;P2:195.0;P3:200.0;,01:36
A1D9ZWU1M46SAF,noEx,4,6,1568952833889,0,Starting new game,,P0:;P1:;P2:;P3:,5 5 5,,P0:165;P1:170.0;P2:200.0;P3:195.0;,01:36

A1D9ZWU1M46SAF,noEx,4,6,1568952878651,0,Motivation: Direct route, no chip requests, better score than do nothing by far, minimizes risk, i like the CA's suggestion here,,P0:;P1:;P2:;P3:,5 5 5,,P0:165;P1:170.0;P2:200.0;P3:195.0;,02:17
A1D9ZWU1M46SAF,noEx,4,6,1568952878652,0,Ending game,,P0:;P1:;P2:;P3:,5 5 5,,P0:165;P1:170.0;P2:200.0;P3:195.0;,02:17
A1D9ZWU1M46SAF,noEx,6,7,1568952880036,0,Starting new game,2 1,P0:;P1:2;;P2:1;;P3:,4 4 4 4 5 5 5 5,3 2 ,P0:38;P1:139.0;P2:180.0;P3:165.0;,02:17

A1D9ZWU1M46SAF,noEx,6,7,1568952891261,0,Clear path,,P0:;P1:;P2:;P3:,2 5 5 4 5 1 5 4 4 3 4 4 4 5 4 ,,P0:75;P1:139.0;P2:180.0;P3:165.0;,02:50
A1D9ZWU1M46SAF,noEx,6,7,1568952902138,0,Clear path,,P0:;P1:;P2:;P3:,2 5 5 4 5 1 5 4 4 3 4 4 4 5 4 ,,P0:75;P1:139.0;P2:180.0;P3:165.0;,02:39
A1D9ZWU1M46SAF,noEx,6,7,1568952916639,0,Added cell 3-7-true,,P0:;P1:;P2:;P3:,2 5 5 4 5 1 5 4 4 4 4 4 5 4 ,,P0:70;P1:139.0;P2:180.0;P3:165.0;,02:25
A1D9ZWU1M46SAF,noEx,6,7,1568952917898,0,Added cell 4-8-true,,P0:;P1:;P2:;P3:,2 5 5 4 5 5 4 4 4 4 4 5 4 ,,P0:65;P1:139.0;P2:180.0;P3:165.0;,02:24
A1D9ZWU1M46SAF,noEx,6,7,1568952918411,0,Added cell 3-8-true,,P0:;P1:;P2:;P3:,2 5 4 5 5 4 4 4 4 4 5 4 ,,P0:60;P1:139.0;P2:180.0;P3:165.0;,02:23
A1D9ZWU1M46SAF,noEx,6,7,1568952918913,0,Added cell 5-8-true,,P0:;P1:;P2:;P3:,2 4 5 5 4 4 4 4 4 5 4 ,,P0:55;P1:139.0;P2:180.0;P3:165.0;,02:23
A1D9ZWU1M46SAF,noEx,6,7,1568952920146,0,Denied adding cell 6-8-false,,P0:;P1:;P2:;P3:,2 4 5 5 4 4 4 4 4 5 4 ,,P0:55;P1:139.0;P2:180.0;P3:165.0;,02:21
A1D9ZWU1M46SAF,noEx,6,7,1568952922323,0,Restore suggested path,2 1,P0:;P1:2;;P2:1;;P3:,4 4 4 4 5 5 5 5,3 2 ,P0:38;P1:139.0;P2:180.0;P3:165.0;,02:19
A1D9ZWU1M46SAF,noEx,6,7,1568952945842,0,Clear path,,P0:;P1:;P2:;P3:,2 5 5 4 5 1 5 4 4 3 4 4 4 5 4 ,,P0:75;P1:139.0;P2:180.0;P3:165.0;,01:56
A1D9ZWU1M46SAF,noEx,6,7,1568952975839,0,Motivation: too much risk in requesting chips from other players in 2 colors, and no way to get there without requests, playing it safe and doing nothing,,P0:;P1:;P2:;P3:,2 5 5 4 5 1 5 4 4 3 4 4 4 5 4 ,,P0:75;P1:139.0;P2:180.0;P3:165.0;,01:26
A1D9ZWU1M46SAF,noEx,6,7,1568952975839,0,Ending game,,P0:;P1:;P2:;P3:,2 5 5 4 5 1 5 4 4 3 4 4 4 5 4 ,,P0:75;P1:139.0;P2:180.0;P3:165.0;,01:26
A1D9ZWU1M46SAF,noEx,1,8,1568952977245,0,Starting new game,1,P0:;P1:;P2:;P3:1;,4 3 3 3 3 3 3,2,P0:109;P1:190.0;P2:104.0;P3:123.0;,01:26

A1D9ZWU1M46SAF,noEx,1,8,1568952982312,0,Removed cell 4-5-false,1,P0:;P1:;P2:;P3:1;,4 3 3 3 3 3 3 5 ,2,P0:-36;P1:190.0;P2:104.0;P3:123.0;,02:56
A1D9ZWU1M46SAF,noEx,1,8,1568952982596,0,Removed cell 3-5-false,1,P0:;P1:;P2:;P3:1;,4 3 3 3 3 3 3 5 2 ,2,P0:-31;P1:190.0;P2:104.0;P3:123.0;,02:56
A1D9ZWU1M46SAF,noEx,1,8,1568952983001,0,Denied adding cell 2-6-false,1,P0:;P1:;P2:;P3:1;,4 3 3 3 3 3 3 5 2 ,2,P0:-31;P1:190.0;P2:104.0;P3:123.0;,02:56
A1D9ZWU1M46SAF,noEx,1,8,1568952986423,0,Removed cell 5-6-false,1,P0:;P1:;P2:;P3:1;,4 3 3 3 3 3 3 5 2 1 ,2,P0:-26;P1:190.0;P2:104.0;P3:123.0;,02:52
A1D9ZWU1M46SAF,noEx,1,8,1568952987276,0,Added cell 4-7-true,1,P0:;P1:;P2:;P3:1;,4 3 3 3 3 3 3 5 2 ,2,P0:-31;P1:190.0;P2:104.0;P3:123.0;,02:51
A1D9ZWU1M46SAF,noEx,1,8,1568952988095,0,Removed cell 4-6-false,1,P0:;P1:;P2:;P3:1;,4 3 3 3 3 3 3 5 2 1 ,2,P0:-26;P1:190.0;P2:104.0;P3:123.0;,02:51
A1D9ZWU1M46SAF,noEx,1,8,1568952988377,0,Added cell 3-7-false,1,P0:;P1:;P2:;P3:1;,4 3 3 3 3 3 3 5 1 ,2,P0:-31;P1:190.0;P2:104.0;P3:123.0;,02:50
A1D9ZWU1M46SAF,noEx,1,8,1568952991159,0,Added cell 3-6-true,1,P0:;P1:;P2:;P3:1;,3 3 3 3 3 3 5 1 ,2,P0:-36;P1:190.0;P2:104.0;P3:123.0;,02:48
A1D9ZWU1M46SAF,noEx,1,8,1568952992075,0,Added cell 2-6-true,1,P0:;P1:;P2:;P3:1;,3 3 3 3 3 3 5 ,2,P0:109;P1:190.0;P2:104.0;P3:123.0;,02:47
A1D9ZWU1M46SAF,noEx,1,8,1568952997133,0,Removed cell 3-6-false,1,P0:;P1:;P2:;P3:1;,3 3 3 3 3 3 5 4 ,2,P0:-36;P1:190.0;P2:104.0;P3:123.0;,02:42
A1D9ZWU1M46SAF,noEx,1,8,1568952997499,0,Added cell 2-7-true,1,P0:;P1:;P2:;P3:1;,3 3 3 3 3 5 4 ,2,P0:109;P1:190.0;P2:104.0;P3:123.0;,02:41
A1D9ZWU1M46SAF,noEx,1,8,1568953007962,0,Removed cell 3-7-false,1,P0:;P1:;P2:;P3:1;,3 3 3 3 3 5 4 2 ,2,P0:-36;P1:190.0;P2:104.0;P3:123.0;,02:31
A1D9ZWU1M46SAF,noEx,1,8,1568953008603,0,Removed cell 4-7-false,1,P0:;P1:;P2:;P3:1;,3 3 3 3 3 5 4 2 1 ,2,P0:-31;P1:190.0;P2:104.0;P3:123.0;,02:30
A1D9ZWU1M46SAF,noEx,1,8,1568953008912,0,Removed cell 5-7-true,1,P0:;P1:;P2:;P3:1;,3 3 3 3 3 5 4 2 1 4 ,2,P0:-26;P1:190.0;P2:104.0;P3:123.0;,02:30
A1D9ZWU1M46SAF,noEx,1,8,1568953009245,0,Added cell 4-8-false,1,P0:;P1:;P2:;P3:1;,3 3 3 3 3 5 4 1 4 ,2,P0:-31;P1:190.0;P2:104.0;P3:123.0;,02:30
A1D9ZWU1M46SAF,noEx,1,8,1568953009549,0,Added cell 3-8-true,1,P0:;P1:;P2:;P3:1;,3 3 3 3 3 5 4 4 ,2,P0:-36;P1:190.0;P2:104.0;P3:123.0;,02:29
A1D9ZWU1M46SAF,noEx,1,8,1568953009971,0,Added cell 2-8-true,1,P0:;P1:;P2:;P3:1;,3 3 3 3 5 4 4 ,2,P0:109;P1:190.0;P2:104.0;P3:123.0;,02:29
A1D9ZWU1M46SAF,noEx,1,8,1568953048875,0,Clear path,,P0:;P1:;P2:;P3:,4 5 3 3 1 5 1 3 5 3 4 3 3 1 1 ,,P0:75;P1:190.0;P2:104.0;P3:123.0;,01:50
A1D9ZWU1M46SAF,noEx,1,8,1568953049830,0,Added cell 2-5-true,,P0:;P1:;P2:;P3:,4 5 3 3 5 1 3 5 3 4 3 3 1 1 ,,P0:70;P1:190.0;P2:104.0;P3:123.0;,01:49
A1D9ZWU1M46SAF,noEx,1,8,1568953050222,0,Added cell 2-6-true,,P0:;P1:;P2:;P3:,4 5 3 3 5 3 5 3 4 3 3 1 1 ,,P0:65;P1:190.0;P2:104.0;P3:123.0;,01:49
A1D9ZWU1M46SAF,noEx,1,8,1568953050525,0,Added cell 3-6-true,,P0:;P1:;P2:;P3:,5 3 3 5 3 5 3 4 3 3 1 1 ,,P0:60;P1:190.0;P2:104.0;P3:123.0;,01:48
A1D9ZWU1M46SAF,noEx,1,8,1568953050868,0,Added cell 4-6-true,,P0:;P1:;P2:;P3:,5 3 3 5 3 5 3 4 3 3 1 ,,P0:55;P1:190.0;P2:104.0;P3:123.0;,01:48
A1D9ZWU1M46SAF,noEx,1,8,1568953051509,0,Added cell 5-6-true,,P0:;P1:;P2:;P3:,5 3 3 5 3 5 3 4 3 3 ,,P0:50;P1:190.0;P2:104.0;P3:123.0;,01:47
A1D9ZWU1M46SAF,noEx,1,8,1568953051862,0,Added cell 5-5-true,,P0:;P1:;P2:;P3:,3 3 5 3 5 3 4 3 3 ,,P0:45;P1:190.0;P2:104.0;P3:123.0;,01:47
A1D9ZWU1M46SAF,noEx,1,8,1568953052240,0,Added cell 6-5-true,,P0:;P1:;P2:;P3:,3 3 5 3 5 3 3 3 ,,P0:40;P1:190.0;P2:104.0;P3:123.0;,01:47
A1D9ZWU1M46SAF,noEx,1,8,1568953052740,0,Added cell 7-5-true,,P0:;P1:;P2:;P3:,3 5 3 5 3 3 3 ,,P0:35;P1:190.0;P2:104.0;P3:123.0;,01:46
A1D9ZWU1M46SAF,noEx,1,8,1568953053291,0,Denied adding cell 7-6-false,,P0:;P1:;P2:;P3:,3 5 3 5 3 3 3 ,,P0:35;P1:190.0;P2:104.0;P3:123.0;,01:45
A1D9ZWU1M46SAF,noEx,1,8,1568953057021,0,Added cell 7-7-true,,P0:;P1:;P2:;P3:,3 3 5 3 3 3 ,,P0:30;P1:190.0;P2:104.0;P3:123.0;,01:42
A1D9ZWU1M46SAF,noEx,1,8,1568953057457,0,Added cell 7-8-true,,P0:;P1:;P2:;P3:,3 3 3 3 3 ,,P0:25;P1:190.0;P2:104.0;P3:123.0;,01:41
A1D9ZWU1M46SAF,noEx,1,8,1568953061782,0,Removed cell 5-6-false,,P0:;P1:;P2:;P3:,3 3 3 3 3 1 ,,P0:30;P1:190.0;P2:104.0;P3:123.0;,01:37
A1D9ZWU1M46SAF,noEx,1,8,1568953062102,0,Denied adding cell 4-5-false,,P0:;P1:;P2:;P3:,3 3 3 3 3 1 ,,P0:30;P1:190.0;P2:104.0;P3:123.0;,01:37
A1D9ZWU1M46SAF,noEx,1,8,1568953063842,0,Added cell 5-6-true,,P0:;P1:;P2:;P3:,3 3 3 3 3 ,,P0:25;P1:190.0;P2:104.0;P3:123.0;,01:35
A1D9ZWU1M46SAF,noEx,1,8,1568953084605,0,ChipRequest;From;1;Colour;4;ReqNrOfChips;1;Success;true,,P0:;P1:;P2:;P3:,3 3 3 3 3 ,,P0:25;P1:190.0;P2:104.0;P3:123.0;,01:14
A1D9ZWU1M46SAF,noEx,1,8,1568953086151,0,Added cell 7-6-false,3,P0:;P1:3;;P2:;P3:,3 3 3 3 3  , 4 ,P0:99;P1:190.0;P2:104.0;P3:123.0;,01:13
A1D9ZWU1M46SAF,noEx,1,8,1568953092361,0,Clear path,,P0:;P1:;P2:;P3:,4 5 3 3 1 5 1 3 5 3 4 3 3 1 1 ,,P0:75;P1:190.0;P2:104.0;P3:123.0;,01:06
A1D9ZWU1M46SAF,noEx,1,8,1568953130658,0,Motivation: Can't figure out a way to get there without risking a failed chip request, since I don't have any red, so going to nothing to guarantee a positive score,,P0:;P1:;P2:;P3:,4 5 3 3 1 5 1 3 5 3 4 3 3 1 1 ,,P0:75;P1:190.0;P2:104.0;P3:123.0;,00:28
A1D9ZWU1M46SAF,noEx,1,8,1568953130658,0,Ending game,,P0:;P1:;P2:;P3:,4 5 3 3 1 5 1 3 5 3 4 3 3 1 1 ,,P0:75;P1:190.0;P2:104.0;P3:123.0;,00:28
A1D9ZWU1M46SAF,noEx,8,9,1568953131908,0,Starting new game,2 2,P0:;P1:;P2:;P3:2;2;,1 1 1 1 1 1 4 4,3 3 ,P0:108;P1:205.0;P2:175.0;P3:119.0;,00:28

A1D9ZWU1M46SAF,noEx,8,9,1568953136976,0,Clear path,,P0:;P1:;P2:;P3:,2 1 4 5 4 4 1 2 3 1 1 1 1 1 5 ,,P0:75;P1:205.0;P2:175.0;P3:119.0;,02:56
A1D9ZWU1M46SAF,noEx,8,9,1568953138571,0,Added cell 1-1-true,,P0:;P1:;P2:;P3:,2 1 4 4 4 1 2 3 1 1 1 1 1 5 ,,P0:70;P1:205.0;P2:175.0;P3:119.0;,02:55
A1D9ZWU1M46SAF,noEx,8,9,1568953138834,0,Added cell 2-1-true,,P0:;P1:;P2:;P3:,2 1 4 4 1 2 3 1 1 1 1 1 5 ,,P0:65;P1:205.0;P2:175.0;P3:119.0;,02:55
A1D9ZWU1M46SAF,noEx,8,9,1568953139193,0,Added cell 3-1-true,,P0:;P1:;P2:;P3:,1 4 4 1 2 3 1 1 1 1 1 5 ,,P0:60;P1:205.0;P2:175.0;P3:119.0;,02:54
A1D9ZWU1M46SAF,noEx,8,9,1568953139460,0,Added cell 4-1-true,,P0:;P1:;P2:;P3:,1 4 4 1 2 3 1 1 1 1 1 ,,P0:55;P1:205.0;P2:175.0;P3:119.0;,02:54
A1D9ZWU1M46SAF,noEx,8,9,1568953139754,0,Denied adding cell 5-1-false,,P0:;P1:;P2:;P3:,1 4 4 1 2 3 1 1 1 1 1 ,,P0:55;P1:205.0;P2:175.0;P3:119.0;,02:54
A1D9ZWU1M46SAF,noEx,8,9,1568953141655,0,Added cell 4-2-true,,P0:;P1:;P2:;P3:,1 4 4 1 2 1 1 1 1 1 ,,P0:50;P1:205.0;P2:175.0;P3:119.0;,02:52
A1D9ZWU1M46SAF,noEx,8,9,1568953141908,0,Denied adding cell 5-2-false,,P0:;P1:;P2:;P3:,1 4 4 1 2 1 1 1 1 1 ,,P0:50;P1:205.0;P2:175.0;P3:119.0;,02:52
A1D9ZWU1M46SAF,noEx,8,9,1568953145746,0,Clear path,,P0:;P1:;P2:;P3:,2 1 4 5 4 4 1 2 3 1 1 1 1 1 5 ,,P0:75;P1:205.0;P2:175.0;P3:119.0;,02:48
A1D9ZWU1M46SAF,noEx,8,9,1568953149906,0,Added cell 1-1-true,,P0:;P1:;P2:;P3:,2 1 4 4 4 1 2 3 1 1 1 1 1 5 ,,P0:70;P1:205.0;P2:175.0;P3:119.0;,02:44
A1D9ZWU1M46SAF,noEx,8,9,1568953150318,0,Added cell 1-0-true,,P0:;P1:;P2:;P3:,2 4 4 4 1 2 3 1 1 1 1 1 5 ,,P0:65;P1:205.0;P2:175.0;P3:119.0;,02:43
A1D9ZWU1M46SAF,noEx,8,9,1568953150654,0,Added cell 2-0-true,,P0:;P1:;P2:;P3:,2 4 4 4 2 3 1 1 1 1 1 5 ,,P0:60;P1:205.0;P2:175.0;P3:119.0;,02:43
A1D9ZWU1M46SAF,noEx,8,9,1568953150990,0,Added cell 3-0-true,,P0:;P1:;P2:;P3:,4 4 4 2 3 1 1 1 1 1 5 ,,P0:55;P1:205.0;P2:175.0;P3:119.0;,02:42
A1D9ZWU1M46SAF,noEx,8,9,1568953151282,0,Added cell 4-0-true,,P0:;P1:;P2:;P3:,4 4 4 2 1 1 1 1 1 5 ,,P0:50;P1:205.0;P2:175.0;P3:119.0;,02:42
A1D9ZWU1M46SAF,noEx,8,9,1568953151603,0,Added cell 5-0-true,,P0:;P1:;P2:;P3:,4 4 4 2 1 1 1 1 5 ,,P0:45;P1:205.0;P2:175.0;P3:119.0;,02:42
A1D9ZWU1M46SAF,noEx,8,9,1568953152073,0,Added cell 6-0-true,,P0:;P1:;P2:;P3:,4 4 4 1 1 1 1 5 ,,P0:40;P1:205.0;P2:175.0;P3:119.0;,02:41
A1D9ZWU1M46SAF,noEx,8,9,1568953152494,0,Denied adding cell 6-1-false,,P0:;P1:;P2:;P3:,4 4 4 1 1 1 1 5 ,,P0:40;P1:205.0;P2:175.0;P3:119.0;,02:41
A1D9ZWU1M46SAF,noEx,8,9,1568953154590,0,Removed cell 6-0-false,,P0:;P1:;P2:;P3:,4 4 4 1 1 1 1 5 2 ,,P0:45;P1:205.0;P2:175.0;P3:119.0;,02:39
A1D9ZWU1M46SAF,noEx,8,9,1568953154869,0,Added cell 5-1-true,,P0:;P1:;P2:;P3:,4 4 4 1 1 1 1 2 ,,P0:40;P1:205.0;P2:175.0;P3:119.0;,02:39
A1D9ZWU1M46SAF,noEx,8,9,1568953155260,0,Denied adding cell 5-2-false,,P0:;P1:;P2:;P3:,4 4 4 1 1 1 1 2 ,,P0:40;P1:205.0;P2:175.0;P3:119.0;,02:38
A1D9ZWU1M46SAF,noEx,8,9,1568953163476,0,Added cell 6-2-true,,P0:;P1:;P2:;P3:,4 4 4 1 1 1 1 ,,P0:35;P1:205.0;P2:175.0;P3:119.0;,02:30
A1D9ZWU1M46SAF,noEx,8,9,1568953163898,0,Denied adding cell 5-2-false,,P0:;P1:;P2:;P3:,4 4 4 1 1 1 1 ,,P0:35;P1:205.0;P2:175.0;P3:119.0;,02:30
A1D9ZWU1M46SAF,noEx,8,9,1568953188411,0,ChipRequest;From;1;Colour;3;ReqNrOfChips;1;Success;true,,P0:;P1:;P2:;P3:,4 4 4 1 1 1 1 ,,P0:35;P1:205.0;P2:175.0;P3:119.0;,02:05
A1D9ZWU1M46SAF,noEx,8,9,1568953190070,0,Added cell 5-2-false,2,P0:;P1:2;;P2:;P3:,4 4 4 1 1 1 1  , 3 ,P0:-41;P1:205.0;P2:175.0;P3:119.0;,02:03
A1D9ZWU1M46SAF,noEx,8,9,1568953192650,0,Removed cell 5-2-false,2,P0:;P1:2;;P2:;P3:,4 4 4 1 1 1 1  3 , 3 ,P0:-36;P1:205.0;P2:175.0;P3:119.0;,02:01
A1D9ZWU1M46SAF,noEx,8,9,1568953193049,0,Removed cell 6-2-false,2,P0:;P1:2;;P2:;P3:,4 4 4 1 1 1 1 3 2 , 3 ,P0:-31;P1:205.0;P2:175.0;P3:119.0;,02:00
A1D9ZWU1M46SAF,noEx,8,9,1568953193524,0,Added cell 6-1-true,2,P0:;P1:2;;P2:;P3:,4 4 4 1 1 1 1 3 , 3 ,P0:-36;P1:205.0;P2:175.0;P3:119.0;,02:00
A1D9ZWU1M46SAF,noEx,8,9,1568953193935,0,Denied adding cell 7-1-false,2,P0:;P1:2;;P2:;P3:,4 4 4 1 1 1 1 3 , 3 ,P0:-36;P1:205.0;P2:175.0;P3:119.0;,01:59
A1D9ZWU1M46SAF,noEx,8,9,1568953197051,0,Removed cell 5-1-false,2,P0:;P1:2;;P2:;P3:,4 4 4 1 1 1 1 3 5 , 3 ,P0:-31;P1:205.0;P2:175.0;P3:119.0;,01:56
A1D9ZWU1M46SAF,noEx,8,9,1568953197426,0,Denied adding cell 6-0-false,2,P0:;P1:2;;P2:;P3:,4 4 4 1 1 1 1 3 5 , 3 ,P0:-31;P1:205.0;P2:175.0;P3:119.0;,01:56
A1D9ZWU1M46SAF,noEx,8,9,1568953200605,0,Restore suggested path,2 2,P0:;P1:;P2:;P3:2;2;,1 1 1 1 1 1 4 4,3 3 ,P0:108;P1:205.0;P2:175.0;P3:119.0;,01:53
A1D9ZWU1M46SAF,noEx,8,9,1568953205414,0,Clear path,,P0:;P1:;P2:;P3:,2 1 4 5 4 4 1 2 3 1 1 1 1 1 5 ,,P0:75;P1:205.0;P2:175.0;P3:119.0;,01:48
A1D9ZWU1M46SAF,noEx,8,9,1568953248734,0,Motivation: I don't think suggestion will work, white is too scarce for a chip request for 2 whites to work.  Better to do nothing since no way to safely arrive with starting chip distribution,,P0:;P1:;P2:;P3:,2 1 4 5 4 4 1 2 3 1 1 1 1 1 5 ,,P0:75;P1:205.0;P2:175.0;P3:119.0;,01:05
A1D9ZWU1M46SAF,noEx,8,9,1568953248735,0,Ending game,,P0:;P1:;P2:;P3:,2 1 4 5 4 4 1 2 3 1 1 1 1 1 5 ,,P0:75;P1:205.0;P2:175.0;P3:119.0;,01:05

