A1DKVUTOBPQH11,InstructionQuestions,1,1,1,1,1,1,1,1,1,0
A1DKVUTOBPQH11,InstructionQuestions,1,1,1,1,1,1,1,1,1,1

A1DKVUTOBPQH11,0,7,0,1568952147161,0,Read score file,,P0:;P1:;P2:;P3:;P4:;P5:,-,,,undefined:undefined
A1DKVUTOBPQH11,0,7,0,1568952352926,0,Read new file,,P0:;P1:;P2:;P3:;P4:;P5:,-,,,undefined:undefined
A1DKVUTOBPQH11,0,7,0,1568952353090,0,Starting new game,,P0:;P1:;P2:,1 1 3 3 2 1 2 3 3 2,,P0:50;P1:50;P2:50;,undefined:undefined
A1DKVUTOBPQH11,0,7,0,1568952368711,0,Added cell 1-2-true,,P0:;P1:;P2:,1 3 3 2 1 2 3 3 2 ,,P0:45;P1:50;P2:50;,03:46
A1DKVUTOBPQH11,0,7,0,1568952379536,0,Added cell 2-2-true,,P0:;P1:;P2:,1 3 2 1 2 3 3 2 ,,P0:40;P1:50;P2:50;,03:35
A1DKVUTOBPQH11,0,7,0,1568952392269,0,Added cell 3-2-true,,P0:;P1:;P2:,1 3 1 2 3 3 2 ,,P0:35;P1:50;P2:50;,03:22
A1DKVUTOBPQH11,0,7,0,1568952392679,0,Added cell 3-3-true,,P0:;P1:;P2:,1 1 2 3 3 2 ,,P0:30;P1:50;P2:50;,03:22
A1DKVUTOBPQH11,0,7,0,1568952394146,0,Added cell 3-4-true,,P0:;P1:;P2:,1 2 3 3 2 ,,P0:25;P1:50;P2:50;,03:20
A1DKVUTOBPQH11,0,7,0,1568952395101,0,Added cell 2-4-true,,P0:;P1:;P2:,2 3 3 2 ,,P0:170;P1:50;P2:50;,03:19
A1DKVUTOBPQH11,0,7,0,1568952477024,0,Motivation: My chip distribution was enough to meet the goal where I didn't have to borrow chips from any other player.,,P0:;P1:;P2:,2 3 3 2 ,,P0:170;P1:50;P2:50;,01:58
A1DKVUTOBPQH11,0,7,0,1568952477024,0,Ending game,,P0:;P1:;P2:,2 3 3 2 ,,P0:170;P1:50;P2:50;,01:58
A1DKVUTOBPQH11,0,5,1,1568952478836,0,Starting new game,,P0:;P1:;P2:,2 3 3 4 3 2 2 2 1 4,,P0:50;P1:50;P2:50;,01:58

A1DKVUTOBPQH11,0,5,1,1568952516525,0,Added cell 4-3-true,,P0:;P1:;P2:,2 3 3 3 2 2 2 1 4 ,,P0:45;P1:50;P2:50;,03:24
A1DKVUTOBPQH11,0,5,1,1568952517206,0,Added cell 3-3-true,,P0:;P1:;P2:,3 3 3 2 2 2 1 4 ,,P0:40;P1:50;P2:50;,03:23
A1DKVUTOBPQH11,0,5,1,1568952517671,0,Added cell 2-3-true,,P0:;P1:;P2:,3 3 3 2 2 1 4 ,,P0:35;P1:50;P2:50;,03:23
A1DKVUTOBPQH11,0,5,1,1568952522641,0,Added cell 1-3-true,,P0:;P1:;P2:,3 3 3 2 2 4 ,,P0:30;P1:50;P2:50;,03:18
A1DKVUTOBPQH11,0,5,1,1568952523933,0,Added cell 1-2-true,,P0:;P1:;P2:,3 3 3 2 2 4 ,,P0:30;P1:50;P2:50;,03:16
A1DKVUTOBPQH11,0,5,1,1568952524829,0,Added cell 1-2-true,,P0:;P1:;P2:,3 3 3 2 2 4 ,,P0:30;P1:50;P2:50;,03:16
A1DKVUTOBPQH11,0,5,1,1568952524995,0,Added cell 1-2-true,,P0:;P1:;P2:,3 3 3 2 2 4 ,,P0:30;P1:50;P2:50;,03:15
A1DKVUTOBPQH11,0,5,1,1568952525133,0,Added cell 1-2-true,,P0:;P1:;P2:,3 3 3 2 2 4 ,,P0:30;P1:50;P2:50;,03:15
A1DKVUTOBPQH11,0,5,1,1568952525287,0,Added cell 1-2-true,,P0:;P1:;P2:,3 3 3 2 2 4 ,,P0:30;P1:50;P2:50;,03:15
A1DKVUTOBPQH11,0,5,1,1568952525684,0,Removed cell 1-3-false,,P0:;P1:;P2:,3 3 3 2 2 4 1 ,,P0:35;P1:50;P2:50;,03:15
A1DKVUTOBPQH11,0,5,1,1568952527929,0,Added cell 1-2-true,,P0:;P1:;P2:,3 3 3 2 2 4 1 ,,P0:35;P1:50;P2:50;,03:12
A1DKVUTOBPQH11,0,5,1,1568952528137,0,Added cell 1-2-true,,P0:;P1:;P2:,3 3 3 2 2 4 1 ,,P0:35;P1:50;P2:50;,03:12
A1DKVUTOBPQH11,0,5,1,1568952528290,0,Added cell 1-2-true,,P0:;P1:;P2:,3 3 3 2 2 4 1 ,,P0:35;P1:50;P2:50;,03:12
A1DKVUTOBPQH11,0,5,1,1568952528922,0,Added cell 1-3-true,,P0:;P1:;P2:,3 3 3 2 2 4 ,,P0:30;P1:50;P2:50;,03:11
A1DKVUTOBPQH11,0,5,1,1568952529872,0,Denied adding cell 0-3-false,,P0:;P1:;P2:,3 3 3 2 2 4 ,,P0:30;P1:50;P2:50;,03:10
A1DKVUTOBPQH11,0,5,1,1568952532402,0,Removed cell 1-3-false,,P0:;P1:;P2:,3 3 3 2 2 4 1 ,,P0:35;P1:50;P2:50;,03:08
A1DKVUTOBPQH11,0,5,1,1568952534111,0,Added cell 2-2-true,,P0:;P1:;P2:,3 3 3 2 2 4 ,,P0:30;P1:50;P2:50;,03:06
A1DKVUTOBPQH11,0,5,1,1568952535764,0,Added cell 1-2-true,,P0:;P1:;P2:,3 3 3 2 2 4 ,,P0:30;P1:50;P2:50;,03:05
A1DKVUTOBPQH11,0,5,1,1568952537645,0,Clear path,,P0:;P1:;P2:,2 3 3 4 3 2 2 2 1 4,,P0:50;P1:50;P2:50;,03:03
A1DKVUTOBPQH11,0,5,1,1568952544263,0,Added cell 3-4-true,,P0:;P1:;P2:,2 3 4 3 2 2 2 1 4 ,,P0:45;P1:50;P2:50;,02:56
A1DKVUTOBPQH11,0,5,1,1568952545346,0,Added cell 3-3-true,,P0:;P1:;P2:,3 4 3 2 2 2 1 4 ,,P0:40;P1:50;P2:50;,02:55
A1DKVUTOBPQH11,0,5,1,1568952545705,0,Added cell 2-3-true,,P0:;P1:;P2:,3 4 3 2 2 1 4 ,,P0:35;P1:50;P2:50;,02:55
A1DKVUTOBPQH11,0,5,1,1568952547625,0,Added cell 1-3-true,,P0:;P1:;P2:,3 4 3 2 2 4 ,,P0:30;P1:50;P2:50;,02:53
A1DKVUTOBPQH11,0,5,1,1568952548030,0,Added cell 1-2-true,,P0:;P1:;P2:,3 3 2 2 4 ,,P0:25;P1:50;P2:50;,02:52
A1DKVUTOBPQH11,0,5,1,1568952549648,0,Added cell 0-2-true,,P0:;P1:;P2:,3 3 2 4 ,,P0:170;P1:50;P2:50;,02:51
A1DKVUTOBPQH11,0,5,1,1568952571321,0,Motivation: My chip distribution was enough to meet the goal where I didn't have to borrow chips from any other player.,,P0:;P1:;P2:,3 3 2 4 ,,P0:170;P1:50;P2:50;,02:29
A1DKVUTOBPQH11,0,5,1,1568952571321,0,Ending game,,P0:;P1:;P2:,3 3 2 4 ,,P0:170;P1:50;P2:50;,02:29
A1DKVUTOBPQH11,0,3,2,1568952572833,0,Starting new game,,P0:;P1:;P2:,3 2 2 2 4 4 2 3 2 4,,P0:50;P1:50;P2:50;,02:29

A1DKVUTOBPQH11,0,3,2,1568952589750,0,Added cell 1-2-true,,P0:;P1:;P2:,3 2 2 4 4 2 3 2 4 ,,P0:45;P1:50;P2:50;,03:45
A1DKVUTOBPQH11,0,3,2,1568952590423,0,Added cell 2-2-true,,P0:;P1:;P2:,3 2 4 4 2 3 2 4 ,,P0:40;P1:50;P2:50;,03:44
A1DKVUTOBPQH11,0,3,2,1568952590796,0,Added cell 2-1-true,,P0:;P1:;P2:,3 4 4 2 3 2 4 ,,P0:35;P1:50;P2:50;,03:44
A1DKVUTOBPQH11,0,3,2,1568952591698,0,Added cell 3-1-true,,P0:;P1:;P2:,3 4 4 3 2 4 ,,P0:30;P1:50;P2:50;,03:43
A1DKVUTOBPQH11,0,3,2,1568952596842,0,Added cell 4-1-true,,P0:;P1:;P2:,3 4 3 2 4 ,,P0:25;P1:50;P2:50;,03:37
A1DKVUTOBPQH11,0,3,2,1568952597246,0,Added cell 4-2-true,,P0:;P1:;P2:,3 4 3 4 ,,P0:20;P1:50;P2:50;,03:37
A1DKVUTOBPQH11,0,3,2,1568952597727,0,Added cell 4-3-true,,P0:;P1:;P2:,3 3 4 ,,P0:165;P1:50;P2:50;,03:37
A1DKVUTOBPQH11,0,3,2,1568952606916,0,Motivation: I had enough chips of my own.,,P0:;P1:;P2:,3 3 4 ,,P0:165;P1:50;P2:50;,03:27
A1DKVUTOBPQH11,0,3,2,1568952606916,0,Ending game,,P0:;P1:;P2:,3 3 4 ,,P0:165;P1:50;P2:50;,03:27
A1DKVUTOBPQH11,0,1,3,1568952608396,0,Starting new game,,P0:;P1:;P2:,3 3 3 3 3 3 3 3 3 3,,P0:50;P1:50;P2:50;,03:27

A1DKVUTOBPQH11,0,1,3,1568952620712,0,Added cell 1-0-true,,P0:;P1:;P2:,3 3 3 3 3 3 3 3 3 ,,P0:45;P1:50;P2:50;,03:49
A1DKVUTOBPQH11,0,1,3,1568952625614,0,ChipRequest;From;1;Colour;4;ReqNrOfChips;1;Success;true,,P0:;P1:;P2:,3 3 3 3 3 3 3 3 3 ,,P0:45;P1:50;P2:50;,03:44
A1DKVUTOBPQH11,0,1,3,1568952627704,0,Added cell 2-0-false,3,P0:;P1:3;;P2:,3 3 3 3 3 3 3 3 3  , 4 ,P0:-31;P1:50;P2:50;,03:42
A1DKVUTOBPQH11,0,1,3,1568952641214,0,ChipRequest;From;1;Colour;1;ReqNrOfChips;1;Success;true,3,P0:;P1:3;;P2:,3 3 3 3 3 3 3 3 3 , 4 ,P0:-31;P1:50;P2:50;,03:29
A1DKVUTOBPQH11,0,1,3,1568952642773,0,Added cell 3-0-false,0 3,P0:;P1:0;3;;P2:,3 3 3 3 3 3 3 3 3  , 4 1 ,P0:113;P1:50;P2:50;,03:27
A1DKVUTOBPQH11,0,1,3,1568952664412,0,Motivation: I had to borrow chips to meet the goal from Player 1.,0 3,P0:;P1:0;3;;P2:,3 3 3 3 3 3 3 3 3 , 4 1 ,P0:113;P1:50;P2:50;,03:05
A1DKVUTOBPQH11,0,1,3,1568952664412,0,Ending game,0 3,P0:;P1:0;3;;P2:,3 3 3 3 3 3 3 3 3 , 4 1 ,P0:113;P1:50;P2:50;,03:05
A1DKVUTOBPQH11,0,1,3,1568952664415,0,wrong answer told to try again,0 3,P0:;P1:0;3;;P2:,3 3 3 3 3 3 3 3 3 , 4 1 ,P0:113;P1:50;P2:50;,03:05
A1DKVUTOBPQH11,0,1,3,1568952683940,0,Clear path,,P0:;P1:;P2:,3 3 3 3 3 3 3 3 3 3,,P0:50;P1:50;P2:50;,02:46
A1DKVUTOBPQH11,0,1,3,1568952695608,0,Added cell 1-0-true,,P0:;P1:;P2:,3 3 3 3 3 3 3 3 3 ,,P0:45;P1:50;P2:50;,02:34
A1DKVUTOBPQH11,0,1,3,1568952703944,0,ChipRequest;From;2;Colour;1;ReqNrOfChips;1;Success;true,,P0:;P1:;P2:,3 3 3 3 3 3 3 3 3 ,,P0:45;P1:50;P2:50;,02:26
A1DKVUTOBPQH11,0,1,3,1568952709141,0,ChipRequest;From;2;Colour;4;ReqNrOfChips;1;Success;true,0,P0:;P1:;P2:0;,3 3 3 3 3 3 3 3 3 1 , 1 ,P0:-26;P1:50;P2:50;,02:21
A1DKVUTOBPQH11,0,1,3,1568952710676,0,Added cell 2-0-false,0 3,P0:;P1:;P2:0;3;,3 3 3 3 3 3 3 3 3 1  , 1 4 ,P0:-32;P1:50;P2:50;,02:19
A1DKVUTOBPQH11,0,1,3,1568952711098,0,Added cell 3-0-false,0 3,P0:;P1:;P2:0;3;,3 3 3 3 3 3 3 3 3  , 1 4 ,P0:113;P1:50;P2:50;,02:19
A1DKVUTOBPQH11,0,1,3,1568952721784,0,Motivation: I had to borrow chips to meet the goal.,0 3,P0:;P1:;P2:0;3;,3 3 3 3 3 3 3 3 3 , 1 4 ,P0:113;P1:50;P2:50;,02:08
A1DKVUTOBPQH11,0,1,3,1568952721784,0,Ending game,0 3,P0:;P1:;P2:0;3;,3 3 3 3 3 3 3 3 3 , 1 4 ,P0:113;P1:50;P2:50;,02:08
A1DKVUTOBPQH11,0,1,3,1568952721786,0,wrong answer told to try again,0 3,P0:;P1:;P2:0;3;,3 3 3 3 3 3 3 3 3 , 1 4 ,P0:113;P1:50;P2:50;,02:08
A1DKVUTOBPQH11,0,1,3,1568952727130,0,Clear path,,P0:;P1:;P2:,3 3 3 3 3 3 3 3 3 3,,P0:50;P1:50;P2:50;,02:03
A1DKVUTOBPQH11,0,1,3,1568952738458,0,Motivation: It was best for me to do nothing.,,P0:;P1:;P2:,3 3 3 3 3 3 3 3 3 3,,P0:50;P1:50;P2:50;,01:51
A1DKVUTOBPQH11,0,1,3,1568952738458,0,Ending game,,P0:;P1:;P2:,3 3 3 3 3 3 3 3 3 3,,P0:50;P1:50;P2:50;,01:51
A1DKVUTOBPQH11,0,6,4,1568952740049,0,Starting new game,,P0:;P1:;P2:,2 2 2 2 2 2 2 2 4 2,,P0:50;P1:50;P2:50;,01:51

A1DKVUTOBPQH11,0,6,4,1568952782428,0,ChipRequest;From;1;Colour;3;ReqNrOfChips;1;Success;true,,P0:;P1:;P2:,2 2 2 2 2 2 2 2 4 2,,P0:50;P1:50;P2:50;,03:19
A1DKVUTOBPQH11,0,6,4,1568952787730,0,Added cell 2-3-true,2,P0:;P1:2;;P2:,2 2 2 2 2 2 2 4 2 3 , 3 ,P0:-26;P1:50;P2:50;,03:14
A1DKVUTOBPQH11,0,6,4,1568952788355,0,Added cell 2-2-true,2,P0:;P1:2;;P2:,2 2 2 2 2 2 4 2 3 , 3 ,P0:-31;P1:50;P2:50;,03:13
A1DKVUTOBPQH11,0,6,4,1568952791154,0,Added cell 2-1-false,2,P0:;P1:2;;P2:,2 2 2 2 2 2 4 2 , 3 ,P0:-36;P1:50;P2:50;,03:10
A1DKVUTOBPQH11,0,6,4,1568952791548,0,Added cell 1-1-true,2,P0:;P1:2;;P2:,2 2 2 2 2 2 2 , 3 ,P0:-41;P1:50;P2:50;,03:10
A1DKVUTOBPQH11,0,6,4,1568952792113,0,Added cell 0-1-true,2,P0:;P1:2;;P2:,2 2 2 2 2 2 , 3 ,P0:104;P1:50;P2:50;,03:09
A1DKVUTOBPQH11,0,6,4,1568952806453,0,Motivation: I had to borrow from Player 1.,2,P0:;P1:2;;P2:,2 2 2 2 2 2 , 3 ,P0:104;P1:50;P2:50;,02:55
A1DKVUTOBPQH11,0,6,4,1568952806453,0,Ending game,2,P0:;P1:2;;P2:,2 2 2 2 2 2 , 3 ,P0:104;P1:50;P2:50;,02:55
A1DKVUTOBPQH11,0,6,4,1568952806456,0,wrong answer told to try again,2,P0:;P1:2;;P2:,2 2 2 2 2 2 , 3 ,P0:104;P1:50;P2:50;,02:55
A1DKVUTOBPQH11,0,6,4,1568952819930,0,Clear path,,P0:;P1:;P2:,2 2 2 2 2 2 2 2 4 2,,P0:50;P1:50;P2:50;,02:42
A1DKVUTOBPQH11,0,6,4,1568952842492,0,ChipRequest;From;1;Colour;4;ReqNrOfChips;1;Success;true,,P0:;P1:;P2:,2 2 2 2 2 2 2 2 4 2,,P0:50;P1:50;P2:50;,02:19
A1DKVUTOBPQH11,0,6,4,1568952857791,0,ChipRequest;From;1;Colour;4;ReqNrOfChips;2;Success;true,3,P0:;P1:3;;P2:,2 2 2 2 2 2 2 2 4 2 4 , 4 ,P0:-21;P1:50;P2:50;,02:04
A1DKVUTOBPQH11,0,6,4,1568952859322,0,Added cell 2-3-true,3 3,P0:;P1:3;3;;P2:,2 2 2 2 2 2 2 4 2 4 4 , 4 4 ,P0:-27;P1:50;P2:50;,02:02
A1DKVUTOBPQH11,0,6,4,1568952859618,0,Added cell 2-2-true,3 3,P0:;P1:3;3;;P2:,2 2 2 2 2 2 4 2 4 4 , 4 4 ,P0:-32;P1:50;P2:50;,02:02
A1DKVUTOBPQH11,0,6,4,1568952859936,0,Added cell 1-2-true,3 3,P0:;P1:3;3;;P2:,2 2 2 2 2 2 2 4 4 , 4 4 ,P0:-37;P1:50;P2:50;,02:02
A1DKVUTOBPQH11,0,6,4,1568952860397,0,Added cell 1-1-false,3 3,P0:;P1:3;3;;P2:,2 2 2 2 2 2 2 4 , 4 4 ,P0:-42;P1:50;P2:50;,02:01
A1DKVUTOBPQH11,0,6,4,1568952860769,0,Added cell 0-1-true,3 3,P0:;P1:3;3;;P2:,2 2 2 2 2 2 4 , 4 4 ,P0:103;P1:50;P2:50;,02:01
A1DKVUTOBPQH11,0,6,4,1568952870172,0,Motivation: I had to borrow chips.,3 3,P0:;P1:3;3;;P2:,2 2 2 2 2 2 4 , 4 4 ,P0:103;P1:50;P2:50;,01:51
A1DKVUTOBPQH11,0,6,4,1568952870172,0,Ending game,3 3,P0:;P1:3;3;;P2:,2 2 2 2 2 2 4 , 4 4 ,P0:103;P1:50;P2:50;,01:51
A1DKVUTOBPQH11,0,6,4,1568952870175,0,wrong answer told to try again,3 3,P0:;P1:3;3;;P2:,2 2 2 2 2 2 4 , 4 4 ,P0:103;P1:50;P2:50;,01:51
A1DKVUTOBPQH11,0,6,4,1568952878115,0,Clear path,,P0:;P1:;P2:,2 2 2 2 2 2 2 2 4 2,,P0:50;P1:50;P2:50;,01:43
A1DKVUTOBPQH11,0,6,4,1568952883608,0,Motivation: It was best to do nothing.,,P0:;P1:;P2:,2 2 2 2 2 2 2 2 4 2,,P0:50;P1:50;P2:50;,01:38
A1DKVUTOBPQH11,0,6,4,1568952883608,0,Ending game,,P0:;P1:;P2:,2 2 2 2 2 2 2 2 4 2,,P0:50;P1:50;P2:50;,01:38
A1DKVUTOBPQH11,0,4,5,1568952884935,0,Starting new game,,P0:;P1:;P2:,1 1 4 3 4 1 4 3 4 1,,P0:50;P1:50;P2:50;,01:38

A1DKVUTOBPQH11,0,4,5,1568952914406,0,Added cell 4-3-true,,P0:;P1:;P2:,1 4 3 4 1 4 3 4 1 ,,P0:45;P1:50;P2:50;,03:32
A1DKVUTOBPQH11,0,4,5,1568952914713,0,Added cell 4-2-true,,P0:;P1:;P2:,1 3 4 1 4 3 4 1 ,,P0:40;P1:50;P2:50;,03:32
A1DKVUTOBPQH11,0,4,5,1568952918988,0,ChipRequest;From;2;Colour;2;ReqNrOfChips;1;Success;true,,P0:;P1:;P2:,1 3 4 1 4 3 4 1 ,,P0:40;P1:50;P2:50;,03:27
A1DKVUTOBPQH11,0,4,5,1568952919701,0,Added cell 3-2-false,1,P0:;P1:;P2:1;,1 3 4 1 4 3 4 1  , 2 ,P0:114;P1:50;P2:50;,03:27
A1DKVUTOBPQH11,0,4,5,1568952930304,0,Motivation: It was best to borrow 1 chip.,1,P0:;P1:;P2:1;,1 3 4 1 4 3 4 1 , 2 ,P0:114;P1:50;P2:50;,03:16
A1DKVUTOBPQH11,0,4,5,1568952930304,0,Ending game,1,P0:;P1:;P2:1;,1 3 4 1 4 3 4 1 , 2 ,P0:114;P1:50;P2:50;,03:16
A1DKVUTOBPQH11,0,2,6,1568952932023,0,Starting new game,,P0:;P1:;P2:,2 4 1 4 3 2 2 2 2 1,,P0:50;P1:50;P2:50;,03:16

A1DKVUTOBPQH11,0,2,6,1568952957786,0,ChipRequest;From;2;Colour;3;ReqNrOfChips;1;Success;true,,P0:;P1:;P2:,2 4 1 4 3 2 2 2 2 1,,P0:50;P1:50;P2:50;,03:36
A1DKVUTOBPQH11,0,2,6,1568952966910,0,Added cell 2-3-true,2,P0:;P1:;P2:2;,2 1 4 3 2 2 2 2 1 3 , 3 ,P0:-26;P1:50;P2:50;,03:27
A1DKVUTOBPQH11,0,2,6,1568952968533,0,Added cell 1-3-true,2,P0:;P1:;P2:2;,2 1 4 2 2 2 2 1 3 , 3 ,P0:-31;P1:50;P2:50;,03:25
A1DKVUTOBPQH11,0,2,6,1568952968999,0,Added cell 1-2-true,2,P0:;P1:;P2:2;,2 1 2 2 2 2 1 3 , 3 ,P0:-36;P1:50;P2:50;,03:25
A1DKVUTOBPQH11,0,2,6,1568952972325,0,ChipRequest;From;2;Colour;3;ReqNrOfChips;2;Success;true,2,P0:;P1:;P2:2;,2 1 2 2 2 2 1 3 , 3 ,P0:-36;P1:50;P2:50;,03:21
A1DKVUTOBPQH11,0,2,6,1568952973070,0,Added cell 1-1-false,2 2,P0:;P1:;P2:2;2;,2 1 2 2 2 2 1 3 , 3 3 ,P0:108;P1:50;P2:50;,03:20
A1DKVUTOBPQH11,0,2,6,1568952982732,0,Motivation: I had to borrow a few chips to make it work.,2 2,P0:;P1:;P2:2;2;,2 1 2 2 2 2 1 3 , 3 3 ,P0:108;P1:50;P2:50;,03:11
A1DKVUTOBPQH11,0,2,6,1568952982732,0,Ending game,2 2,P0:;P1:;P2:2;2;,2 1 2 2 2 2 1 3 , 3 3 ,P0:108;P1:50;P2:50;,03:11
A1DKVUTOBPQH11,0,2,6,1568952982734,0,wrong answer told to try again,2 2,P0:;P1:;P2:2;2;,2 1 2 2 2 2 1 3 , 3 3 ,P0:108;P1:50;P2:50;,03:11
A1DKVUTOBPQH11,0,2,6,1568952990619,0,Clear path,,P0:;P1:;P2:,2 4 1 4 3 2 2 2 2 1,,P0:50;P1:50;P2:50;,03:03
A1DKVUTOBPQH11,0,2,6,1568953004545,0,ChipRequest;From;2;Colour;3;ReqNrOfChips;1;Success;true,,P0:;P1:;P2:,2 4 1 4 3 2 2 2 2 1,,P0:50;P1:50;P2:50;,02:49
A1DKVUTOBPQH11,0,2,6,1568953010016,1,Changed player,2,P0:;P1:;P2:,1 4 4 4 2 4 1 4 4 4,,P0:-21;P1:50;P2:50;,02:44
A1DKVUTOBPQH11,0,2,6,1568953010835,2,Changed player,2,P0:;P1:;P2:,2 4 3 2 3 4 3 4 4 2,,P0:-21;P1:50;P2:50;,02:43
A1DKVUTOBPQH11,0,2,6,1568953011765,0,Changed player,2,P0:;P1:;P2:,2 4 1 4 3 2 2 2 2 1 3 , 3 ,P0:-21;P1:50;P2:50;,02:42
A1DKVUTOBPQH11,0,2,6,1568953023484,0,Clear path,,P0:;P1:;P2:,2 4 1 4 3 2 2 2 2 1,,P0:50;P1:50;P2:50;,02:30
A1DKVUTOBPQH11,0,2,6,1568953031264,0,Motivation: It's best to do nothing in this scenario.,,P0:;P1:;P2:,2 4 1 4 3 2 2 2 2 1,,P0:50;P1:50;P2:50;,02:22
A1DKVUTOBPQH11,0,2,6,1568953031264,0,Ending game,,P0:;P1:;P2:,2 4 1 4 3 2 2 2 2 1,,P0:50;P1:50;P2:50;,02:22
A1DKVUTOBPQH11,0,8,7,1568953032595,0,Starting new game,,P0:;P1:;P2:,4 2 2 2 4 4 4 2 2 4,,P0:50;P1:50;P2:50;,02:22

A1DKVUTOBPQH11,0,8,7,1568953067601,0,Motivation: It's best to do nothing I think.,,P0:;P1:;P2:,4 2 2 2 4 4 4 2 2 4,,P0:50;P1:50;P2:50;,03:26
A1DKVUTOBPQH11,0,8,7,1568953067601,0,Ending game,,P0:;P1:;P2:,4 2 2 2 4 4 4 2 2 4,,P0:50;P1:50;P2:50;,03:26

END_TRAINING_START_GAME


A1DKVUTOBPQH11,noPathNoEx,5,0,1568953075295,0,Read score file,,P0:;P1:;P2:;P3:;P4:;P5:,-,,,undefined:undefined
A1DKVUTOBPQH11,noPathNoEx,5,0,1568953075333,0,Read new file,,P0:;P1:;P2:;P3:;P4:;P5:,-,,,undefined:undefined
A1DKVUTOBPQH11,noPathNoEx,5,0,1568953075409,0,Starting new game,,P0:;P1:;P2:;P3:,5 3 1 1 5 3 4 3 5 4 1 3 5 5 5 ,,P0:75;P1:75;P2:75;P3:75;,undefined:undefined
A1DKVUTOBPQH11,noPathNoEx,5,0,1568953099815,0,Added cell 1-9-true,,P0:;P1:;P2:;P3:,5 1 1 5 3 4 3 5 4 1 3 5 5 5 ,,P0:70;P1:75;P2:75;P3:75;,02:37
A1DKVUTOBPQH11,noPathNoEx,5,0,1568953100299,0,Added cell 2-9-true,,P0:;P1:;P2:;P3:,5 1 1 5 4 3 5 4 1 3 5 5 5 ,,P0:65;P1:75;P2:75;P3:75;,02:37
A1DKVUTOBPQH11,noPathNoEx,5,0,1568953101403,0,Added cell 2-8-true,,P0:;P1:;P2:;P3:,5 1 1 5 3 5 4 1 3 5 5 5 ,,P0:60;P1:75;P2:75;P3:75;,02:36
A1DKVUTOBPQH11,noPathNoEx,5,0,1568953102069,0,Added cell 2-7-true,,P0:;P1:;P2:;P3:,5 1 1 5 3 5 1 3 5 5 5 ,,P0:55;P1:75;P2:75;P3:75;,02:35
A1DKVUTOBPQH11,noPathNoEx,5,0,1568953108420,0,Added cell 3-7-true,,P0:;P1:;P2:;P3:,5 1 1 5 5 1 3 5 5 5 ,,P0:50;P1:75;P2:75;P3:75;,02:28
A1DKVUTOBPQH11,noPathNoEx,5,0,1568953111252,0,Added cell 4-7-true,,P0:;P1:;P2:;P3:,5 1 5 5 1 3 5 5 5 ,,P0:45;P1:75;P2:75;P3:75;,02:26
A1DKVUTOBPQH11,noPathNoEx,5,0,1568953112542,0,Added cell 4-6-true,,P0:;P1:;P2:;P3:,5 5 5 1 3 5 5 5 ,,P0:40;P1:75;P2:75;P3:75;,02:24
A1DKVUTOBPQH11,noPathNoEx,5,0,1568953122707,0,ChipRequest;From;2;Colour;1;ReqNrOfChips;1;Success;true,,P0:;P1:;P2:;P3:,5 5 5 1 3 5 5 5 ,,P0:40;P1:75;P2:75;P3:75;,02:14
A1DKVUTOBPQH11,noPathNoEx,5,0,1568953124067,0,Clear path,,P0:;P1:;P2:;P3:,5 3 1 1 5 3 4 3 5 4 1 3 5 5 5 ,,P0:75;P1:75;P2:75;P3:75;,02:13
A1DKVUTOBPQH11,noPathNoEx,5,0,1568953179283,0,Added cell 1-9-true,,P0:;P1:;P2:;P3:,5 1 1 5 3 4 3 5 4 1 3 5 5 5 ,,P0:70;P1:75;P2:75;P3:75;,01:18
A1DKVUTOBPQH11,noPathNoEx,5,0,1568953179670,0,Added cell 2-9-true,,P0:;P1:;P2:;P3:,5 1 1 5 4 3 5 4 1 3 5 5 5 ,,P0:65;P1:75;P2:75;P3:75;,01:17
A1DKVUTOBPQH11,noPathNoEx,5,0,1568953181342,0,Added cell 2-8-true,,P0:;P1:;P2:;P3:,5 1 1 5 3 5 4 1 3 5 5 5 ,,P0:60;P1:75;P2:75;P3:75;,01:16
A1DKVUTOBPQH11,noPathNoEx,5,0,1568953181757,0,Added cell 2-7-true,,P0:;P1:;P2:;P3:,5 1 1 5 3 5 1 3 5 5 5 ,,P0:55;P1:75;P2:75;P3:75;,01:15
A1DKVUTOBPQH11,noPathNoEx,5,0,1568953191414,0,Clear path,,P0:;P1:;P2:;P3:,5 3 1 1 5 3 4 3 5 4 1 3 5 5 5 ,,P0:75;P1:75;P2:75;P3:75;,01:05
A1DKVUTOBPQH11,noPathNoEx,5,0,1568953192506,0,Tried to add own cell 0-9,,P0:;P1:;P2:;P3:,5 3 1 1 5 3 4 3 5 4 1 3 5 5 5 ,,P0:75;P1:75;P2:75;P3:75;,01:04
A1DKVUTOBPQH11,noPathNoEx,5,0,1568953201952,0,Added cell 1-9-true,,P0:;P1:;P2:;P3:,5 1 1 5 3 4 3 5 4 1 3 5 5 5 ,,P0:70;P1:75;P2:75;P3:75;,00:55
A1DKVUTOBPQH11,noPathNoEx,5,0,1568953202409,0,Added cell 2-9-true,,P0:;P1:;P2:;P3:,5 1 1 5 4 3 5 4 1 3 5 5 5 ,,P0:65;P1:75;P2:75;P3:75;,00:55
A1DKVUTOBPQH11,noPathNoEx,5,0,1568953202758,0,Added cell 2-8-true,,P0:;P1:;P2:;P3:,5 1 1 5 3 5 4 1 3 5 5 5 ,,P0:60;P1:75;P2:75;P3:75;,00:54
A1DKVUTOBPQH11,noPathNoEx,5,0,1568953203629,0,Added cell 3-8-true,,P0:;P1:;P2:;P3:,5 1 1 5 5 4 1 3 5 5 5 ,,P0:55;P1:75;P2:75;P3:75;,00:53
A1DKVUTOBPQH11,noPathNoEx,5,0,1568953206157,0,Added cell 4-8-true,,P0:;P1:;P2:;P3:,5 1 1 5 5 4 1 5 5 5 ,,P0:50;P1:75;P2:75;P3:75;,00:51
A1DKVUTOBPQH11,noPathNoEx,5,0,1568953209848,0,Clear path,,P0:;P1:;P2:;P3:,5 3 1 1 5 3 4 3 5 4 1 3 5 5 5 ,,P0:75;P1:75;P2:75;P3:75;,00:47
A1DKVUTOBPQH11,noPathNoEx,5,0,1568953221959,1,Changed player,,P0:;P1:;P2:;P3:,1 5 1 2 5 2 5 2 5 4 3 3 2 3 4 ,,P0:75;P1:75;P2:75;P3:75;,00:35
A1DKVUTOBPQH11,noPathNoEx,5,0,1568953222374,2,Changed player,,P0:;P1:;P2:;P3:,1 4 3 2 1 1 1 4 1 1 4 3 1 2 3 ,,P0:75;P1:75;P2:75;P3:75;,00:35
A1DKVUTOBPQH11,noPathNoEx,5,0,1568953222778,3,Changed player,,P0:;P1:;P2:;P3:,1 1 3 5 2 2 2 3 2 5 5 5 1 1 1 ,,P0:75;P1:75;P2:75;P3:75;,00:34
A1DKVUTOBPQH11,noPathNoEx,5,0,1568953223480,0,Changed player,,P0:;P1:;P2:;P3:,5 3 1 1 5 3 4 3 5 4 1 3 5 5 5 ,,P0:75;P1:75;P2:75;P3:75;,00:33
A1DKVUTOBPQH11,noPathNoEx,5,0,1568953226900,0,Added cell 1-9-true,,P0:;P1:;P2:;P3:,5 1 1 5 3 4 3 5 4 1 3 5 5 5 ,,P0:70;P1:75;P2:75;P3:75;,00:30
A1DKVUTOBPQH11,noPathNoEx,5,0,1568953227230,0,Added cell 2-9-true,,P0:;P1:;P2:;P3:,5 1 1 5 4 3 5 4 1 3 5 5 5 ,,P0:65;P1:75;P2:75;P3:75;,00:30
A1DKVUTOBPQH11,noPathNoEx,5,0,1568953228329,0,Added cell 3-9-true,,P0:;P1:;P2:;P3:,5 1 5 4 3 5 4 1 3 5 5 5 ,,P0:60;P1:75;P2:75;P3:75;,00:29
A1DKVUTOBPQH11,noPathNoEx,5,0,1568953231249,0,Removed cell 2-9-true,,P0:;P1:;P2:;P3:,5 1 5 4 3 5 4 1 3 5 5 5 3 ,,P0:65;P1:75;P2:75;P3:75;,00:26
A1DKVUTOBPQH11,noPathNoEx,5,0,1568953231519,0,Removed cell 3-9-true,,P0:;P1:;P2:;P3:,5 1 5 4 3 5 4 1 3 5 5 5 3 1 ,,P0:70;P1:75;P2:75;P3:75;,00:25
A1DKVUTOBPQH11,noPathNoEx,5,0,1568953231906,0,Removed cell 1-9-true,,P0:;P1:;P2:;P3:,5 1 5 4 3 5 4 1 3 5 5 5 3 1 3 ,,P0:75;P1:75;P2:75;P3:75;,00:25
A1DKVUTOBPQH11,noPathNoEx,5,0,1568953244272,0,Motivation: It's best to do nothing.,,P0:;P1:;P2:;P3:,5 1 5 4 3 5 4 1 3 5 5 5 3 1 3 ,,P0:75;P1:75;P2:75;P3:75;,00:13
A1DKVUTOBPQH11,noPathNoEx,5,0,1568953244272,0,Ending game,,P0:;P1:;P2:;P3:,5 1 5 4 3 5 4 1 3 5 5 5 3 1 3 ,,P0:75;P1:75;P2:75;P3:75;,00:13
A1DKVUTOBPQH11,noPathNoEx,10,1,1568953245902,0,Starting new game,,P0:;P1:;P2:;P3:,1 5 2 5 4 1 2 2 2 1 4 5 1 5 5 ,,P0:75;P1:75;P2:75;P3:75;,00:13

A1DKVUTOBPQH11,noPathNoEx,10,1,1568953260525,0,Added cell 1-3-true,,P0:;P1:;P2:;P3:,1 2 5 4 1 2 2 2 1 4 5 1 5 5 ,,P0:70;P1:75;P2:75;P3:75;,02:47
A1DKVUTOBPQH11,noPathNoEx,10,1,1568953270331,0,ChipRequest;From;2;Colour;3;ReqNrOfChips;1;Success;true,,P0:;P1:;P2:;P3:,1 2 5 4 1 2 2 2 1 4 5 1 5 5 ,,P0:70;P1:75;P2:75;P3:75;,02:37
A1DKVUTOBPQH11,noPathNoEx,10,1,1568953272294,0,Added cell 2-3-false,2,P0:;P1:;P2:2;;P3:,1 2 5 4 1 2 2 2 1 4 5 1 5 5  , 3 ,P0:-6;P1:75;P2:75;P3:75;,02:35
A1DKVUTOBPQH11,noPathNoEx,10,1,1568953274590,0,Added cell 2-4-true,2,P0:;P1:;P2:2;;P3:,1 5 4 1 2 2 2 1 4 5 1 5 5  , 3 ,P0:-11;P1:75;P2:75;P3:75;,02:33
A1DKVUTOBPQH11,noPathNoEx,10,1,1568953274979,0,Added cell 2-5-true,2,P0:;P1:;P2:2;;P3:,1 4 1 2 2 2 1 4 5 1 5 5  , 3 ,P0:-16;P1:75;P2:75;P3:75;,02:32
A1DKVUTOBPQH11,noPathNoEx,10,1,1568953275400,0,Added cell 2-6-true,2,P0:;P1:;P2:2;;P3:,1 4 1 2 2 1 4 5 1 5 5  , 3 ,P0:-21;P1:75;P2:75;P3:75;,02:32
A1DKVUTOBPQH11,noPathNoEx,10,1,1568953277666,0,Added cell 3-6-true,2,P0:;P1:;P2:2;;P3:,1 1 2 2 1 4 5 1 5 5  , 3 ,P0:-26;P1:75;P2:75;P3:75;,02:30
A1DKVUTOBPQH11,noPathNoEx,10,1,1568953278732,0,Added cell 4-6-true,2,P0:;P1:;P2:2;;P3:,1 2 2 1 4 5 1 5 5  , 3 ,P0:-31;P1:75;P2:75;P3:75;,02:29
A1DKVUTOBPQH11,noPathNoEx,10,1,1568953281425,0,Added cell 4-7-true,2,P0:;P1:;P2:2;;P3:,1 2 2 1 5 1 5 5  , 3 ,P0:-36;P1:75;P2:75;P3:75;,02:26
A1DKVUTOBPQH11,noPathNoEx,10,1,1568953282287,0,Added cell 4-8-true,2,P0:;P1:;P2:2;;P3:,2 2 1 5 1 5 5  , 3 ,P0:-41;P1:75;P2:75;P3:75;,02:25
A1DKVUTOBPQH11,noPathNoEx,10,1,1568953283263,0,Added cell 4-9-true,2,P0:;P1:;P2:2;;P3:,2 2 5 1 5 5  , 3 ,P0:-46;P1:75;P2:75;P3:75;,02:24
A1DKVUTOBPQH11,noPathNoEx,10,1,1568953295530,0,ChipRequest;From;2;Colour;3;ReqNrOfChips;2;Success;true,2,P0:;P1:;P2:2;;P3:,2 2 5 1 5 5 , 3 ,P0:-46;P1:75;P2:75;P3:75;,02:12
A1DKVUTOBPQH11,noPathNoEx,10,1,1568953297872,0,Added cell 5-9-false,2 2,P0:;P1:;P2:2;2;;P3:,2 2 5 1 5 5  , 3 3 ,P0:98;P1:75;P2:75;P3:75;,02:10
A1DKVUTOBPQH11,noPathNoEx,10,1,1568953328342,0,Removed cell 5-9-false,2 2,P0:;P1:;P2:2;2;;P3:,2 2 5 1 5 5  3 , 3 3 ,P0:-47;P1:75;P2:75;P3:75;,01:39
A1DKVUTOBPQH11,noPathNoEx,10,1,1568953328779,0,Removed cell 4-9-true,2 2,P0:;P1:;P2:2;2;;P3:,2 2 5 1 5 5 3 1 , 3 3 ,P0:-42;P1:75;P2:75;P3:75;,01:39
A1DKVUTOBPQH11,noPathNoEx,10,1,1568953329600,0,Added cell 5-8-true,2 2,P0:;P1:;P2:2;2;;P3:,2 5 1 5 5 3 1 , 3 3 ,P0:-47;P1:75;P2:75;P3:75;,01:38
A1DKVUTOBPQH11,noPathNoEx,10,1,1568953330045,0,Added cell 5-9-false,2 2,P0:;P1:;P2:2;2;;P3:,2 5 1 5 5 1 , 3 3 ,P0:98;P1:75;P2:75;P3:75;,01:37
A1DKVUTOBPQH11,noPathNoEx,10,1,1568953333583,0,ChipRequest min:;From;2;Colour;2;ReqNrOfChips;1;Success;0,2 2,P0:;P1:;P2:2;2;;P3:,2 5 1 5 5 1 , 3 3 ,P0:98;P1:75;P2:75;P3:75;,01:34
A1DKVUTOBPQH11,noPathNoEx,10,1,1568953343183,0,Removed cell 5-9-false,2 2,P0:;P1:;P2:2;2;;P3:,2 5 1 5 5 1 3 , 3 3 ,P0:-47;P1:75;P2:75;P3:75;,01:24
A1DKVUTOBPQH11,noPathNoEx,10,1,1568953343883,0,Removed cell 5-8-true,2 2,P0:;P1:;P2:2;2;;P3:,2 5 1 5 5 1 3 2 , 3 3 ,P0:-42;P1:75;P2:75;P3:75;,01:24
A1DKVUTOBPQH11,noPathNoEx,10,1,1568953344410,0,Removed cell 4-8-true,2 2,P0:;P1:;P2:2;2;;P3:,2 5 1 5 5 1 3 2 1 , 3 3 ,P0:-37;P1:75;P2:75;P3:75;,01:23
A1DKVUTOBPQH11,noPathNoEx,10,1,1568953346408,0,ChipRequest min:;From;2;Colour;2;ReqNrOfChips;1;Success;1,2 2,P0:;P1:;P2:2;2;;P3:,2 5 1 5 5 1 2 1 , 3 ,P0:-37;P1:75;P2:75;P3:75;,01:21
A1DKVUTOBPQH11,noPathNoEx,10,1,1568953347056,0,ChipRequest min:;From;2;Colour;2;ReqNrOfChips;0;Success;0,2,P0:;P1:;P2:2;;P3:,2 5 1 5 5 1 2 1 , 3 ,P0:-36;P1:75;P2:75;P3:75;,01:20
A1DKVUTOBPQH11,noPathNoEx,10,1,1568953351164,0,Added cell 4-8-true,2,P0:;P1:;P2:2;;P3:,2 5 5 5 1 2 1 , 3 ,P0:-41;P1:75;P2:75;P3:75;,01:16
A1DKVUTOBPQH11,noPathNoEx,10,1,1568953352223,0,Added cell 5-8-true,2,P0:;P1:;P2:2;;P3:,5 5 5 1 2 1 , 3 ,P0:-46;P1:75;P2:75;P3:75;,01:15
A1DKVUTOBPQH11,noPathNoEx,10,1,1568953353380,0,Denied adding cell 5-9-false,2,P0:;P1:;P2:2;;P3:,5 5 5 1 2 1 , 3 ,P0:-46;P1:75;P2:75;P3:75;,01:14
A1DKVUTOBPQH11,noPathNoEx,10,1,1568953356316,0,ChipRequest;From;2;Colour;3;ReqNrOfChips;2;Success;true,2,P0:;P1:;P2:2;;P3:,5 5 5 1 2 1 , 3 ,P0:-46;P1:75;P2:75;P3:75;,01:11
A1DKVUTOBPQH11,noPathNoEx,10,1,1568953357061,0,Added cell 5-9-false,2 2,P0:;P1:;P2:2;2;;P3:,5 5 5 1 2 1  , 3 3 ,P0:98;P1:75;P2:75;P3:75;,01:10
A1DKVUTOBPQH11,noPathNoEx,10,1,1568953372047,0,Motivation: I had to borrow some chips or it wouldn't be possible.,2 2,P0:;P1:;P2:2;2;;P3:,5 5 5 1 2 1 , 3 3 ,P0:98;P1:75;P2:75;P3:75;,00:55
A1DKVUTOBPQH11,noPathNoEx,10,1,1568953372047,0,Ending game,2 2,P0:;P1:;P2:2;2;;P3:,5 5 5 1 2 1 , 3 3 ,P0:98;P1:75;P2:75;P3:75;,00:55
A1DKVUTOBPQH11,noPathNoEx,7,2,1568953373489,0,Starting new game,,P0:;P1:;P2:;P3:,3 4 1 2 4 2 2 5 2 1 4 5 1 3 2 ,,P0:75;P1:75;P2:75;P3:75;,00:55

A1DKVUTOBPQH11,noPathNoEx,7,2,1568953391607,0,Added cell 1-8-true,,P0:;P1:;P2:;P3:,3 4 1 2 4 2 2 2 1 4 5 1 3 2 ,,P0:70;P1:75;P2:75;P3:75;,02:43
A1DKVUTOBPQH11,noPathNoEx,7,2,1568953393956,0,Added cell 2-8-true,,P0:;P1:;P2:;P3:,3 4 2 4 2 2 2 1 4 5 1 3 2 ,,P0:65;P1:75;P2:75;P3:75;,02:41
A1DKVUTOBPQH11,noPathNoEx,7,2,1568953395327,0,Added cell 2-7-true,,P0:;P1:;P2:;P3:,3 4 2 4 2 2 2 1 4 1 3 2 ,,P0:60;P1:75;P2:75;P3:75;,02:40
A1DKVUTOBPQH11,noPathNoEx,7,2,1568953395912,0,Added cell 3-7-true,,P0:;P1:;P2:;P3:,3 2 4 2 2 2 1 4 1 3 2 ,,P0:55;P1:75;P2:75;P3:75;,02:39
A1DKVUTOBPQH11,noPathNoEx,7,2,1568953396272,0,Added cell 4-7-true,,P0:;P1:;P2:;P3:,3 2 2 2 2 1 4 1 3 2 ,,P0:50;P1:75;P2:75;P3:75;,02:39
A1DKVUTOBPQH11,noPathNoEx,7,2,1568953397390,0,Added cell 5-7-true,,P0:;P1:;P2:;P3:,3 2 2 2 1 4 1 3 2 ,,P0:45;P1:75;P2:75;P3:75;,02:38
A1DKVUTOBPQH11,noPathNoEx,7,2,1568953399605,0,Added cell 6-7-true,,P0:;P1:;P2:;P3:,3 2 2 2 4 1 3 2 ,,P0:40;P1:75;P2:75;P3:75;,02:35
A1DKVUTOBPQH11,noPathNoEx,7,2,1568953402940,0,Added cell 6-6-true,,P0:;P1:;P2:;P3:,2 2 2 4 1 3 2 ,,P0:35;P1:75;P2:75;P3:75;,02:32
A1DKVUTOBPQH11,noPathNoEx,7,2,1568953408778,0,Added cell 6-5-true,,P0:;P1:;P2:;P3:,2 2 2 1 3 2 ,,P0:30;P1:75;P2:75;P3:75;,02:26
A1DKVUTOBPQH11,noPathNoEx,7,2,1568953409533,0,Added cell 6-4-true,,P0:;P1:;P2:;P3:,2 2 2 1 2 ,,P0:25;P1:75;P2:75;P3:75;,02:25
A1DKVUTOBPQH11,noPathNoEx,7,2,1568953411277,0,Denied adding cell 7-4-false,,P0:;P1:;P2:;P3:,2 2 2 1 2 ,,P0:25;P1:75;P2:75;P3:75;,02:24
A1DKVUTOBPQH11,noPathNoEx,7,2,1568953418524,0,Clear path,,P0:;P1:;P2:;P3:,3 4 1 2 4 2 2 5 2 1 4 5 1 3 2 ,,P0:75;P1:75;P2:75;P3:75;,02:16
A1DKVUTOBPQH11,noPathNoEx,7,2,1568953419744,0,Clear path,,P0:;P1:;P2:;P3:,3 4 1 2 4 2 2 5 2 1 4 5 1 3 2 ,,P0:75;P1:75;P2:75;P3:75;,02:15
A1DKVUTOBPQH11,noPathNoEx,7,2,1568953452192,0,Motivation: The distance to the goal is just too far and would require me to borrow too many chips.,,P0:;P1:;P2:;P3:,3 4 1 2 4 2 2 5 2 1 4 5 1 3 2 ,,P0:75;P1:75;P2:75;P3:75;,01:43
A1DKVUTOBPQH11,noPathNoEx,7,2,1568953452192,0,Ending game,,P0:;P1:;P2:;P3:,3 4 1 2 4 2 2 5 2 1 4 5 1 3 2 ,,P0:75;P1:75;P2:75;P3:75;,01:43
A1DKVUTOBPQH11,noPathNoEx,9,3,1568953453746,0,Starting new game,,P0:;P1:;P2:;P3:,5 4 3 3 5 4 5 4 3 2 2 1 5 2 2 ,,P0:75;P1:75;P2:75;P3:75;,01:43

A1DKVUTOBPQH11,noPathNoEx,9,3,1568953465267,0,Added cell 8-8-true,,P0:;P1:;P2:;P3:,4 3 3 5 4 5 4 3 2 2 1 5 2 2 ,,P0:70;P1:75;P2:75;P3:75;,02:50
A1DKVUTOBPQH11,noPathNoEx,9,3,1568953465827,0,Added cell 8-7-true,,P0:;P1:;P2:;P3:,3 3 5 4 5 4 3 2 2 1 5 2 2 ,,P0:65;P1:75;P2:75;P3:75;,02:49
A1DKVUTOBPQH11,noPathNoEx,9,3,1568953466245,0,Added cell 8-6-true,,P0:;P1:;P2:;P3:,3 3 5 4 5 4 3 2 1 5 2 2 ,,P0:60;P1:75;P2:75;P3:75;,02:49
A1DKVUTOBPQH11,noPathNoEx,9,3,1568953466645,0,Added cell 8-5-true,,P0:;P1:;P2:;P3:,3 3 5 4 5 4 3 1 5 2 2 ,,P0:55;P1:75;P2:75;P3:75;,02:49
A1DKVUTOBPQH11,noPathNoEx,9,3,1568953467571,0,Added cell 8-4-true,,P0:;P1:;P2:;P3:,3 3 5 5 4 3 1 5 2 2 ,,P0:50;P1:75;P2:75;P3:75;,02:48
A1DKVUTOBPQH11,noPathNoEx,9,3,1568953469751,0,Added cell 8-3-true,,P0:;P1:;P2:;P3:,3 3 5 5 3 1 5 2 2 ,,P0:45;P1:75;P2:75;P3:75;,02:46
A1DKVUTOBPQH11,noPathNoEx,9,3,1568953470171,0,Added cell 7-3-true,,P0:;P1:;P2:;P3:,3 3 5 3 1 5 2 2 ,,P0:40;P1:75;P2:75;P3:75;,02:45
A1DKVUTOBPQH11,noPathNoEx,9,3,1568953470784,0,Added cell 7-2-true,,P0:;P1:;P2:;P3:,3 3 3 1 5 2 2 ,,P0:35;P1:75;P2:75;P3:75;,02:44
A1DKVUTOBPQH11,noPathNoEx,9,3,1568953474243,0,Added cell 7-1-true,,P0:;P1:;P2:;P3:,3 3 1 5 2 2 ,,P0:30;P1:75;P2:75;P3:75;,02:41
A1DKVUTOBPQH11,noPathNoEx,9,3,1568953477393,0,Added cell 6-1-true,,P0:;P1:;P2:;P3:,3 3 5 2 2 ,,P0:25;P1:75;P2:75;P3:75;,02:38
A1DKVUTOBPQH11,noPathNoEx,9,3,1568953477848,0,Added cell 6-0-true,,P0:;P1:;P2:;P3:,3 3 5 2 ,,P0:170;P1:75;P2:75;P3:75;,02:37
A1DKVUTOBPQH11,noPathNoEx,9,3,1568953503955,0,Motivation: I was able to reach the goal without borrowing any chips.,,P0:;P1:;P2:;P3:,3 3 5 2 ,,P0:170;P1:75;P2:75;P3:75;,02:11
A1DKVUTOBPQH11,noPathNoEx,9,3,1568953503956,0,Ending game,,P0:;P1:;P2:;P3:,3 3 5 2 ,,P0:170;P1:75;P2:75;P3:75;,02:11
A1DKVUTOBPQH11,noPathNoEx,1,4,1568953505481,0,Starting new game,,P0:;P1:;P2:;P3:,4 5 3 3 1 5 1 3 5 3 4 3 3 1 1 ,,P0:75;P1:75;P2:75;P3:75;,02:11

A1DKVUTOBPQH11,noPathNoEx,1,4,1568953517636,0,Added cell 2-5-true,,P0:;P1:;P2:;P3:,4 5 3 3 5 1 3 5 3 4 3 3 1 1 ,,P0:70;P1:75;P2:75;P3:75;,02:49
A1DKVUTOBPQH11,noPathNoEx,1,4,1568953517987,0,Added cell 2-6-true,,P0:;P1:;P2:;P3:,4 5 3 3 5 3 5 3 4 3 3 1 1 ,,P0:65;P1:75;P2:75;P3:75;,02:49
A1DKVUTOBPQH11,noPathNoEx,1,4,1568953519177,0,Added cell 2-7-true,,P0:;P1:;P2:;P3:,4 5 3 5 3 5 3 4 3 3 1 1 ,,P0:60;P1:75;P2:75;P3:75;,02:48
A1DKVUTOBPQH11,noPathNoEx,1,4,1568953519482,0,Added cell 2-8-true,,P0:;P1:;P2:;P3:,4 5 5 3 5 3 4 3 3 1 1 ,,P0:55;P1:75;P2:75;P3:75;,02:48
A1DKVUTOBPQH11,noPathNoEx,1,4,1568953523964,0,Removed cell 2-8-true,,P0:;P1:;P2:;P3:,4 5 5 3 5 3 4 3 3 1 1 3 ,,P0:60;P1:75;P2:75;P3:75;,02:43
A1DKVUTOBPQH11,noPathNoEx,1,4,1568953524586,0,Removed cell 2-7-true,,P0:;P1:;P2:;P3:,4 5 5 3 5 3 4 3 3 1 1 3 3 ,,P0:65;P1:75;P2:75;P3:75;,02:42
A1DKVUTOBPQH11,noPathNoEx,1,4,1568953525685,0,Added cell 3-6-true,,P0:;P1:;P2:;P3:,5 5 3 5 3 4 3 3 1 1 3 3 ,,P0:60;P1:75;P2:75;P3:75;,02:41
A1DKVUTOBPQH11,noPathNoEx,1,4,1568953526847,0,Added cell 4-6-true,,P0:;P1:;P2:;P3:,5 5 3 5 3 4 3 3 1 3 3 ,,P0:55;P1:75;P2:75;P3:75;,02:40
A1DKVUTOBPQH11,noPathNoEx,1,4,1568953527616,0,Added cell 4-7-true,,P0:;P1:;P2:;P3:,5 5 3 5 3 4 3 3 3 3 ,,P0:50;P1:75;P2:75;P3:75;,02:39
A1DKVUTOBPQH11,noPathNoEx,1,4,1568953529499,0,Added cell 5-7-true,,P0:;P1:;P2:;P3:,5 5 3 5 3 3 3 3 3 ,,P0:45;P1:75;P2:75;P3:75;,02:37
A1DKVUTOBPQH11,noPathNoEx,1,4,1568953530195,0,Added cell 5-8-true,,P0:;P1:;P2:;P3:,5 3 5 3 3 3 3 3 ,,P0:40;P1:75;P2:75;P3:75;,02:37
A1DKVUTOBPQH11,noPathNoEx,1,4,1568953537681,0,Clear path,,P0:;P1:;P2:;P3:,4 5 3 3 1 5 1 3 5 3 4 3 3 1 1 ,,P0:75;P1:75;P2:75;P3:75;,02:29
A1DKVUTOBPQH11,noPathNoEx,1,4,1568953549527,0,Tried to add own cell 2-4,,P0:;P1:;P2:;P3:,4 5 3 3 1 5 1 3 5 3 4 3 3 1 1 ,,P0:75;P1:75;P2:75;P3:75;,02:17
A1DKVUTOBPQH11,noPathNoEx,1,4,1568953551442,0,Added cell 2-3-true,,P0:;P1:;P2:;P3:,5 3 3 1 5 1 3 5 3 4 3 3 1 1 ,,P0:70;P1:75;P2:75;P3:75;,02:16
A1DKVUTOBPQH11,noPathNoEx,1,4,1568953551840,0,Added cell 2-2-true,,P0:;P1:;P2:;P3:,5 3 3 1 5 1 3 5 3 3 3 1 1 ,,P0:65;P1:75;P2:75;P3:75;,02:15
A1DKVUTOBPQH11,noPathNoEx,1,4,1568953552195,0,Added cell 3-2-true,,P0:;P1:;P2:;P3:,5 3 3 5 1 3 5 3 3 3 1 1 ,,P0:60;P1:75;P2:75;P3:75;,02:15
A1DKVUTOBPQH11,noPathNoEx,1,4,1568953552498,0,Denied adding cell 4-2-false,,P0:;P1:;P2:;P3:,5 3 3 5 1 3 5 3 3 3 1 1 ,,P0:60;P1:75;P2:75;P3:75;,02:14
A1DKVUTOBPQH11,noPathNoEx,1,4,1568953555932,0,Removed cell 3-2-true,,P0:;P1:;P2:;P3:,5 3 3 5 1 3 5 3 3 3 1 1 1 ,,P0:65;P1:75;P2:75;P3:75;,02:11
A1DKVUTOBPQH11,noPathNoEx,1,4,1568953556257,0,Removed cell 2-2-false,,P0:;P1:;P2:;P3:,5 3 3 5 1 3 5 3 3 3 1 1 1 4 ,,P0:70;P1:75;P2:75;P3:75;,02:11
A1DKVUTOBPQH11,noPathNoEx,1,4,1568953556711,0,Removed cell 2-3-true,,P0:;P1:;P2:;P3:,5 3 3 5 1 3 5 3 3 3 1 1 1 4 4 ,,P0:75;P1:75;P2:75;P3:75;,02:10
A1DKVUTOBPQH11,noPathNoEx,1,4,1568953556938,0,Tried to add own cell 2-4,,P0:;P1:;P2:;P3:,5 3 3 5 1 3 5 3 3 3 1 1 1 4 4 ,,P0:75;P1:75;P2:75;P3:75;,02:10
A1DKVUTOBPQH11,noPathNoEx,1,4,1568953564930,0,Added cell 2-5-true,,P0:;P1:;P2:;P3:,5 3 3 5 3 5 3 3 3 1 1 1 4 4 ,,P0:70;P1:75;P2:75;P3:75;,02:02
A1DKVUTOBPQH11,noPathNoEx,1,4,1568953565294,0,Added cell 2-6-true,,P0:;P1:;P2:;P3:,5 3 3 5 3 5 3 3 3 1 1 4 4 ,,P0:65;P1:75;P2:75;P3:75;,02:02
A1DKVUTOBPQH11,noPathNoEx,1,4,1568953566758,0,Added cell 3-6-true,,P0:;P1:;P2:;P3:,5 3 3 5 3 5 3 3 3 1 1 4 ,,P0:60;P1:75;P2:75;P3:75;,02:00
A1DKVUTOBPQH11,noPathNoEx,1,4,1568953571527,0,Added cell 4-6-true,,P0:;P1:;P2:;P3:,5 3 3 5 3 5 3 3 3 1 4 ,,P0:55;P1:75;P2:75;P3:75;,01:55
A1DKVUTOBPQH11,noPathNoEx,1,4,1568953571913,0,Added cell 5-6-true,,P0:;P1:;P2:;P3:,5 3 3 5 3 5 3 3 3 4 ,,P0:50;P1:75;P2:75;P3:75;,01:55
A1DKVUTOBPQH11,noPathNoEx,1,4,1568953573196,0,Added cell 5-5-true,,P0:;P1:;P2:;P3:,3 3 5 3 5 3 3 3 4 ,,P0:45;P1:75;P2:75;P3:75;,01:54
A1DKVUTOBPQH11,noPathNoEx,1,4,1568953573944,0,Added cell 6-5-true,,P0:;P1:;P2:;P3:,3 3 5 3 5 3 3 3 ,,P0:40;P1:75;P2:75;P3:75;,01:53
A1DKVUTOBPQH11,noPathNoEx,1,4,1568953576926,0,Added cell 7-5-true,,P0:;P1:;P2:;P3:,3 5 3 5 3 3 3 ,,P0:35;P1:75;P2:75;P3:75;,01:50
A1DKVUTOBPQH11,noPathNoEx,1,4,1568953592317,0,Denied adding cell 7-6-false,,P0:;P1:;P2:;P3:,3 5 3 5 3 3 3 ,,P0:35;P1:75;P2:75;P3:75;,01:35
A1DKVUTOBPQH11,noPathNoEx,1,4,1568953605177,0,ChipRequest;From;2;Colour;4;ReqNrOfChips;1;Success;true,,P0:;P1:;P2:;P3:,3 5 3 5 3 3 3 ,,P0:35;P1:75;P2:75;P3:75;,01:22
A1DKVUTOBPQH11,noPathNoEx,1,4,1568953606934,0,Added cell 7-6-false,3,P0:;P1:;P2:3;;P3:,3 5 3 5 3 3 3  , 4 ,P0:-41;P1:75;P2:75;P3:75;,01:20
A1DKVUTOBPQH11,noPathNoEx,1,4,1568953607335,0,Added cell 7-7-true,3,P0:;P1:;P2:3;;P3:,3 3 5 3 3 3  , 4 ,P0:-46;P1:75;P2:75;P3:75;,01:20
A1DKVUTOBPQH11,noPathNoEx,1,4,1568953608297,0,Added cell 7-8-true,3,P0:;P1:;P2:3;;P3:,3 3 3 3 3  , 4 ,P0:99;P1:75;P2:75;P3:75;,01:19
A1DKVUTOBPQH11,noPathNoEx,1,4,1568953635584,0,Motivation: I had to borrow at least one chip to make it to the goal.,3,P0:;P1:;P2:3;;P3:,3 3 3 3 3 , 4 ,P0:99;P1:75;P2:75;P3:75;,00:51
A1DKVUTOBPQH11,noPathNoEx,1,4,1568953635584,0,Ending game,3,P0:;P1:;P2:3;;P3:,3 3 3 3 3 , 4 ,P0:99;P1:75;P2:75;P3:75;,00:51
A1DKVUTOBPQH11,noPathNoEx,2,5,1568953637186,0,Starting new game,,P0:;P1:;P2:;P3:,4 2 2 5 1 3 2 1 2 1 4 4 1 2 1 ,,P0:75;P1:75;P2:75;P3:75;,00:51

A1DKVUTOBPQH11,noPathNoEx,2,5,1568953649082,0,Added cell 1-6-true,,P0:;P1:;P2:;P3:,4 2 2 1 3 2 1 2 1 4 4 1 2 1 ,,P0:70;P1:75;P2:75;P3:75;,02:50
A1DKVUTOBPQH11,noPathNoEx,2,5,1568953649506,0,Added cell 2-6-true,,P0:;P1:;P2:;P3:,2 2 1 3 2 1 2 1 4 4 1 2 1 ,,P0:65;P1:75;P2:75;P3:75;,02:49
A1DKVUTOBPQH11,noPathNoEx,2,5,1568953657377,0,Added cell 3-6-true,,P0:;P1:;P2:;P3:,2 2 1 2 1 2 1 4 4 1 2 1 ,,P0:60;P1:75;P2:75;P3:75;,02:41
A1DKVUTOBPQH11,noPathNoEx,2,5,1568953661486,0,Clear path,,P0:;P1:;P2:;P3:,4 2 2 5 1 3 2 1 2 1 4 4 1 2 1 ,,P0:75;P1:75;P2:75;P3:75;,02:37
A1DKVUTOBPQH11,noPathNoEx,2,5,1568953667816,0,Added cell 1-6-true,,P0:;P1:;P2:;P3:,4 2 2 1 3 2 1 2 1 4 4 1 2 1 ,,P0:70;P1:75;P2:75;P3:75;,02:31
A1DKVUTOBPQH11,noPathNoEx,2,5,1568953668194,0,Added cell 1-5-true,,P0:;P1:;P2:;P3:,4 2 1 3 2 1 2 1 4 4 1 2 1 ,,P0:65;P1:75;P2:75;P3:75;,02:30
A1DKVUTOBPQH11,noPathNoEx,2,5,1568953669198,0,Added cell 1-4-true,,P0:;P1:;P2:;P3:,2 1 3 2 1 2 1 4 4 1 2 1 ,,P0:60;P1:75;P2:75;P3:75;,02:29
A1DKVUTOBPQH11,noPathNoEx,2,5,1568953672965,0,Added cell 1-3-true,,P0:;P1:;P2:;P3:,2 1 2 1 2 1 4 4 1 2 1 ,,P0:55;P1:75;P2:75;P3:75;,02:26
A1DKVUTOBPQH11,noPathNoEx,2,5,1568953673369,0,Added cell 2-3-true,,P0:;P1:;P2:;P3:,1 2 1 2 1 4 4 1 2 1 ,,P0:50;P1:75;P2:75;P3:75;,02:25
A1DKVUTOBPQH11,noPathNoEx,2,5,1568953673695,0,Added cell 3-3-true,,P0:;P1:;P2:;P3:,1 1 2 1 4 4 1 2 1 ,,P0:45;P1:75;P2:75;P3:75;,02:25
A1DKVUTOBPQH11,noPathNoEx,2,5,1568953681018,0,Added cell 1-2-true,,P0:;P1:;P2:;P3:,1 2 1 4 4 1 2 1 ,,P0:40;P1:75;P2:75;P3:75;,02:18
A1DKVUTOBPQH11,noPathNoEx,2,5,1568953681390,0,Removed cell 1-3-false,,P0:;P1:;P2:;P3:,1 2 1 4 4 1 2 1 3 ,,P0:45;P1:75;P2:75;P3:75;,02:17
A1DKVUTOBPQH11,noPathNoEx,2,5,1568953681865,0,Removed cell 1-2-true,,P0:;P1:;P2:;P3:,1 2 1 4 4 1 2 1 3 1 ,,P0:50;P1:75;P2:75;P3:75;,02:17
A1DKVUTOBPQH11,noPathNoEx,2,5,1568953682214,0,Removed cell 2-3-true,,P0:;P1:;P2:;P3:,1 2 1 4 4 1 2 1 3 1 2 ,,P0:55;P1:75;P2:75;P3:75;,02:16
A1DKVUTOBPQH11,noPathNoEx,2,5,1568953682455,0,Removed cell 3-3-true,,P0:;P1:;P2:;P3:,1 2 1 4 4 1 2 1 3 1 2 2 ,,P0:60;P1:75;P2:75;P3:75;,02:16
A1DKVUTOBPQH11,noPathNoEx,2,5,1568953682984,0,Added cell 2-4-true,,P0:;P1:;P2:;P3:,1 2 1 4 4 1 2 1 1 2 2 ,,P0:55;P1:75;P2:75;P3:75;,02:16
A1DKVUTOBPQH11,noPathNoEx,2,5,1568953683383,0,Added cell 3-4-true,,P0:;P1:;P2:;P3:,2 1 4 4 1 2 1 1 2 2 ,,P0:50;P1:75;P2:75;P3:75;,02:15
A1DKVUTOBPQH11,noPathNoEx,2,5,1568953688072,0,Removed cell 3-4-true,,P0:;P1:;P2:;P3:,2 1 4 4 1 2 1 1 2 2 1 ,,P0:55;P1:75;P2:75;P3:75;,02:11
A1DKVUTOBPQH11,noPathNoEx,2,5,1568953688316,0,Removed cell 2-4-false,,P0:;P1:;P2:;P3:,2 1 4 4 1 2 1 1 2 2 1 3 ,,P0:60;P1:75;P2:75;P3:75;,02:10
A1DKVUTOBPQH11,noPathNoEx,2,5,1568953689006,0,Added cell 1-3-true,,P0:;P1:;P2:;P3:,2 1 4 4 1 2 1 1 2 2 1 ,,P0:55;P1:75;P2:75;P3:75;,02:10
A1DKVUTOBPQH11,noPathNoEx,2,5,1568953689316,0,Added cell 2-3-true,,P0:;P1:;P2:;P3:,1 4 4 1 2 1 1 2 2 1 ,,P0:50;P1:75;P2:75;P3:75;,02:09
A1DKVUTOBPQH11,noPathNoEx,2,5,1568953689590,0,Added cell 3-3-true,,P0:;P1:;P2:;P3:,1 4 4 1 1 1 2 2 1 ,,P0:45;P1:75;P2:75;P3:75;,02:09
A1DKVUTOBPQH11,noPathNoEx,2,5,1568953690594,0,Denied adding cell 4-3-false,,P0:;P1:;P2:;P3:,1 4 4 1 1 1 2 2 1 ,,P0:45;P1:75;P2:75;P3:75;,02:08
A1DKVUTOBPQH11,noPathNoEx,2,5,1568953693310,0,Added cell 3-4-true,,P0:;P1:;P2:;P3:,4 4 1 1 1 2 2 1 ,,P0:40;P1:75;P2:75;P3:75;,02:05
A1DKVUTOBPQH11,noPathNoEx,2,5,1568953694319,0,Removed cell 3-4-true,,P0:;P1:;P2:;P3:,4 4 1 1 1 2 2 1 1 ,,P0:45;P1:75;P2:75;P3:75;,02:04
A1DKVUTOBPQH11,noPathNoEx,2,5,1568953698301,0,ChipRequest;From;1;Colour;3;ReqNrOfChips;1;Success;true,,P0:;P1:;P2:;P3:,4 4 1 1 1 2 2 1 1 ,,P0:45;P1:75;P2:75;P3:75;,02:00
A1DKVUTOBPQH11,noPathNoEx,2,5,1568953699354,0,Added cell 4-3-false,2,P0:;P1:2;;P2:;P3:,4 4 1 1 1 2 2 1 1  , 3 ,P0:-31;P1:75;P2:75;P3:75;,01:59
A1DKVUTOBPQH11,noPathNoEx,2,5,1568953699702,0,Added cell 5-3-true,2,P0:;P1:2;;P2:;P3:,4 4 1 1 2 2 1 1  , 3 ,P0:-36;P1:75;P2:75;P3:75;,01:59
A1DKVUTOBPQH11,noPathNoEx,2,5,1568953699983,0,Added cell 5-4-true,2,P0:;P1:2;;P2:;P3:,4 4 1 2 2 1 1  , 3 ,P0:109;P1:75;P2:75;P3:75;,01:59
A1DKVUTOBPQH11,noPathNoEx,2,5,1568953726616,0,Motivation: I think that it was best to borrow the one chip to hit the goal.,2,P0:;P1:2;;P2:;P3:,4 4 1 2 2 1 1 , 3 ,P0:109;P1:75;P2:75;P3:75;,01:32
A1DKVUTOBPQH11,noPathNoEx,2,5,1568953726617,0,Ending game,2,P0:;P1:2;;P2:;P3:,4 4 1 2 2 1 1 , 3 ,P0:109;P1:75;P2:75;P3:75;,01:32
A1DKVUTOBPQH11,noPathNoEx,3,6,1568953728315,0,Starting new game,,P0:;P1:;P2:;P3:,3 1 2 3 4 3 2 1 2 4 1 1 3 4 4 ,,P0:75;P1:75;P2:75;P3:75;,01:32

A1DKVUTOBPQH11,noPathNoEx,3,6,1568953741089,0,Added cell 0-1-true,,P0:;P1:;P2:;P3:,3 1 3 4 3 2 1 2 4 1 1 3 4 4 ,,P0:70;P1:75;P2:75;P3:75;,02:49
A1DKVUTOBPQH11,noPathNoEx,3,6,1568953741650,0,Added cell 0-2-true,,P0:;P1:;P2:;P3:,3 1 3 3 2 1 2 4 1 1 3 4 4 ,,P0:65;P1:75;P2:75;P3:75;,02:48
A1DKVUTOBPQH11,noPathNoEx,3,6,1568953741946,0,Added cell 1-2-true,,P0:;P1:;P2:;P3:,3 3 3 2 1 2 4 1 1 3 4 4 ,,P0:60;P1:75;P2:75;P3:75;,02:48
A1DKVUTOBPQH11,noPathNoEx,3,6,1568953744896,0,Removed cell 0-1-true,,P0:;P1:;P2:;P3:,3 3 3 2 1 2 4 1 1 3 4 4 2 ,,P0:65;P1:75;P2:75;P3:75;,02:45
A1DKVUTOBPQH11,noPathNoEx,3,6,1568953745242,0,Removed cell 0-2-true,,P0:;P1:;P2:;P3:,3 3 3 2 1 2 4 1 1 3 4 4 2 4 ,,P0:70;P1:75;P2:75;P3:75;,02:45
A1DKVUTOBPQH11,noPathNoEx,3,6,1568953745526,0,Removed cell 1-2-true,,P0:;P1:;P2:;P3:,3 3 3 2 1 2 4 1 1 3 4 4 2 4 1 ,,P0:75;P1:75;P2:75;P3:75;,02:44
A1DKVUTOBPQH11,noPathNoEx,3,6,1568953748836,0,Tried to add own cell 0-0,,P0:;P1:;P2:;P3:,3 3 3 2 1 2 4 1 1 3 4 4 2 4 1 ,,P0:75;P1:75;P2:75;P3:75;,02:41
A1DKVUTOBPQH11,noPathNoEx,3,6,1568953756656,0,Added cell 0-1-true,,P0:;P1:;P2:;P3:,3 3 3 1 2 4 1 1 3 4 4 2 4 1 ,,P0:70;P1:75;P2:75;P3:75;,02:33
A1DKVUTOBPQH11,noPathNoEx,3,6,1568953757117,0,Added cell 0-2-true,,P0:;P1:;P2:;P3:,3 3 3 1 2 1 1 3 4 4 2 4 1 ,,P0:65;P1:75;P2:75;P3:75;,02:33
A1DKVUTOBPQH11,noPathNoEx,3,6,1568953758010,0,Added cell 1-2-true,,P0:;P1:;P2:;P3:,3 3 3 2 1 1 3 4 4 2 4 1 ,,P0:60;P1:75;P2:75;P3:75;,02:32
A1DKVUTOBPQH11,noPathNoEx,3,6,1568953759790,0,Removed cell 1-2-true,,P0:;P1:;P2:;P3:,3 3 3 2 1 1 3 4 4 2 4 1 1 ,,P0:65;P1:75;P2:75;P3:75;,02:30
A1DKVUTOBPQH11,noPathNoEx,3,6,1568953762469,0,Added cell 0-3-true,,P0:;P1:;P2:;P3:,3 3 3 2 1 3 4 4 2 4 1 1 ,,P0:60;P1:75;P2:75;P3:75;,02:27
A1DKVUTOBPQH11,noPathNoEx,3,6,1568953764600,0,Removed cell 0-3-true,,P0:;P1:;P2:;P3:,3 3 3 2 1 3 4 4 2 4 1 1 1 ,,P0:65;P1:75;P2:75;P3:75;,02:25
A1DKVUTOBPQH11,noPathNoEx,3,6,1568953764943,0,Removed cell 0-2-true,,P0:;P1:;P2:;P3:,3 3 3 2 1 3 4 4 2 4 1 1 1 4 ,,P0:70;P1:75;P2:75;P3:75;,02:25
A1DKVUTOBPQH11,noPathNoEx,3,6,1568953765267,0,Removed cell 0-1-true,,P0:;P1:;P2:;P3:,3 3 3 2 1 3 4 4 2 4 1 1 1 4 2 ,,P0:75;P1:75;P2:75;P3:75;,02:25
A1DKVUTOBPQH11,noPathNoEx,3,6,1568953811035,0,Motivation: Doing nothing seemed like the best course of action as I'd have to borrow way too many chips.,,P0:;P1:;P2:;P3:,3 3 3 2 1 3 4 4 2 4 1 1 1 4 2 ,,P0:75;P1:75;P2:75;P3:75;,01:39
A1DKVUTOBPQH11,noPathNoEx,3,6,1568953811035,0,Ending game,,P0:;P1:;P2:;P3:,3 3 3 2 1 3 4 4 2 4 1 1 1 4 2 ,,P0:75;P1:75;P2:75;P3:75;,01:39
A1DKVUTOBPQH11,noPathNoEx,8,7,1568953812216,0,Starting new game,,P0:;P1:;P2:;P3:,2 1 4 5 4 4 1 2 3 1 1 1 1 1 5 ,,P0:75;P1:75;P2:75;P3:75;,01:39

A1DKVUTOBPQH11,noPathNoEx,8,7,1568953822414,0,Added cell 1-1-true,,P0:;P1:;P2:;P3:,2 1 4 4 4 1 2 3 1 1 1 1 1 5 ,,P0:70;P1:75;P2:75;P3:75;,02:51
A1DKVUTOBPQH11,noPathNoEx,8,7,1568953822805,0,Added cell 2-1-true,,P0:;P1:;P2:;P3:,2 1 4 4 1 2 3 1 1 1 1 1 5 ,,P0:65;P1:75;P2:75;P3:75;,02:51
A1DKVUTOBPQH11,noPathNoEx,8,7,1568953824066,0,Added cell 3-1-true,,P0:;P1:;P2:;P3:,1 4 4 1 2 3 1 1 1 1 1 5 ,,P0:60;P1:75;P2:75;P3:75;,02:50
A1DKVUTOBPQH11,noPathNoEx,8,7,1568953826565,0,Added cell 4-1-true,,P0:;P1:;P2:;P3:,1 4 4 1 2 3 1 1 1 1 1 ,,P0:55;P1:75;P2:75;P3:75;,02:47
A1DKVUTOBPQH11,noPathNoEx,8,7,1568953827177,0,Added cell 4-0-true,,P0:;P1:;P2:;P3:,1 4 4 1 2 1 1 1 1 1 ,,P0:50;P1:75;P2:75;P3:75;,02:47
A1DKVUTOBPQH11,noPathNoEx,8,7,1568953828318,0,Added cell 5-0-true,,P0:;P1:;P2:;P3:,4 4 1 2 1 1 1 1 1 ,,P0:45;P1:75;P2:75;P3:75;,02:45
A1DKVUTOBPQH11,noPathNoEx,8,7,1568953832665,0,Added cell 6-0-true,,P0:;P1:;P2:;P3:,4 4 1 1 1 1 1 1 ,,P0:40;P1:75;P2:75;P3:75;,02:41
A1DKVUTOBPQH11,noPathNoEx,8,7,1568953836368,0,Removed cell 6-0-false,,P0:;P1:;P2:;P3:,4 4 1 1 1 1 1 1 2 ,,P0:45;P1:75;P2:75;P3:75;,02:37
A1DKVUTOBPQH11,noPathNoEx,8,7,1568953836654,0,Removed cell 5-0-true,,P0:;P1:;P2:;P3:,4 4 1 1 1 1 1 1 2 1 ,,P0:50;P1:75;P2:75;P3:75;,02:37
A1DKVUTOBPQH11,noPathNoEx,8,7,1568953836966,0,Removed cell 4-0-false,,P0:;P1:;P2:;P3:,4 4 1 1 1 1 1 1 2 1 3 ,,P0:55;P1:75;P2:75;P3:75;,02:37
A1DKVUTOBPQH11,noPathNoEx,8,7,1568953837298,0,Removed cell 4-1-false,,P0:;P1:;P2:;P3:,4 4 1 1 1 1 1 1 2 1 3 5 ,,P0:60;P1:75;P2:75;P3:75;,02:36
A1DKVUTOBPQH11,noPathNoEx,8,7,1568953838065,0,Removed cell 2-1-true,,P0:;P1:;P2:;P3:,4 4 1 1 1 1 1 1 2 1 3 5 4 ,,P0:65;P1:75;P2:75;P3:75;,02:36
A1DKVUTOBPQH11,noPathNoEx,8,7,1568953838440,0,Removed cell 1-1-true,,P0:;P1:;P2:;P3:,4 4 1 1 1 1 1 1 2 1 3 5 4 5 ,,P0:70;P1:75;P2:75;P3:75;,02:35
A1DKVUTOBPQH11,noPathNoEx,8,7,1568953841370,0,Added cell 1-3-true,,P0:;P1:;P2:;P3:,4 4 1 1 1 1 1 1 2 1 5 4 5 ,,P0:65;P1:75;P2:75;P3:75;,02:32
A1DKVUTOBPQH11,noPathNoEx,8,7,1568953842197,0,Removed cell 1-3-false,,P0:;P1:;P2:;P3:,4 4 1 1 1 1 1 1 2 1 5 4 5 3 ,,P0:70;P1:75;P2:75;P3:75;,02:32
A1DKVUTOBPQH11,noPathNoEx,8,7,1568953887025,0,Motivation: The target is too far away and I'd have to borrow too many chips and so doing nothing seemed best.,,P0:;P1:;P2:;P3:,4 4 1 1 1 1 1 1 2 1 5 4 5 3 ,,P0:70;P1:75;P2:75;P3:75;,01:47
A1DKVUTOBPQH11,noPathNoEx,8,7,1568953887025,0,Ending game,,P0:;P1:;P2:;P3:,4 4 1 1 1 1 1 1 2 1 5 4 5 3 ,,P0:70;P1:75;P2:75;P3:75;,01:47
A1DKVUTOBPQH11,noPathNoEx,4,8,1568953888253,0,Starting new game,,P0:;P1:;P2:;P3:,4 5 5 5 2 5 5 2 3 1 4 2 3 2 1 ,,P0:75;P1:75;P2:75;P3:75;,01:47

A1DKVUTOBPQH11,noPathNoEx,4,8,1568953906820,0,Added cell 9-7-true,,P0:;P1:;P2:;P3:,4 5 5 5 5 5 2 3 1 4 2 3 2 1 ,,P0:70;P1:75;P2:75;P3:75;,02:43
A1DKVUTOBPQH11,noPathNoEx,4,8,1568953907600,0,Added cell 9-6-true,,P0:;P1:;P2:;P3:,4 5 5 5 5 5 2 3 4 2 3 2 1 ,,P0:65;P1:75;P2:75;P3:75;,02:42
A1DKVUTOBPQH11,noPathNoEx,4,8,1568953908385,0,Added cell 8-6-true,,P0:;P1:;P2:;P3:,5 5 5 5 5 2 3 4 2 3 2 1 ,,P0:60;P1:75;P2:75;P3:75;,02:41
A1DKVUTOBPQH11,noPathNoEx,4,8,1568953909188,0,Added cell 8-5-true,,P0:;P1:;P2:;P3:,5 5 5 5 2 3 4 2 3 2 1 ,,P0:55;P1:75;P2:75;P3:75;,02:41
A1DKVUTOBPQH11,noPathNoEx,4,8,1568953915883,0,Removed cell 8-5-true,,P0:;P1:;P2:;P3:,5 5 5 5 2 3 4 2 3 2 1 5 ,,P0:60;P1:75;P2:75;P3:75;,02:34
A1DKVUTOBPQH11,noPathNoEx,4,8,1568953916822,0,Added cell 7-6-true,,P0:;P1:;P2:;P3:,5 5 5 2 3 4 2 3 2 1 5 ,,P0:55;P1:75;P2:75;P3:75;,02:33
A1DKVUTOBPQH11,noPathNoEx,4,8,1568953920300,0,Added cell 6-6-true,,P0:;P1:;P2:;P3:,5 5 5 2 3 4 2 3 2 5 ,,P0:50;P1:75;P2:75;P3:75;,02:29
A1DKVUTOBPQH11,noPathNoEx,4,8,1568953921063,0,Added cell 6-5-true,,P0:;P1:;P2:;P3:,5 5 2 3 4 2 3 2 5 ,,P0:45;P1:75;P2:75;P3:75;,02:29
A1DKVUTOBPQH11,noPathNoEx,4,8,1568953921386,0,Added cell 5-5-true,,P0:;P1:;P2:;P3:,5 2 3 4 2 3 2 5 ,,P0:40;P1:75;P2:75;P3:75;,02:28
A1DKVUTOBPQH11,noPathNoEx,4,8,1568953921751,0,Added cell 4-5-true,,P0:;P1:;P2:;P3:,2 3 4 2 3 2 5 ,,P0:35;P1:75;P2:75;P3:75;,02:28
A1DKVUTOBPQH11,noPathNoEx,4,8,1568953924294,0,Added cell 3-5-true,,P0:;P1:;P2:;P3:,2 3 2 3 2 5 ,,P0:30;P1:75;P2:75;P3:75;,02:25
A1DKVUTOBPQH11,noPathNoEx,4,8,1568953928245,0,Added cell 3-4-true,,P0:;P1:;P2:;P3:,2 3 2 3 2 ,,P0:25;P1:75;P2:75;P3:75;,02:22
A1DKVUTOBPQH11,noPathNoEx,4,8,1568953932560,0,ChipRequest;From;3;Colour;1;ReqNrOfChips;1;Success;true,,P0:;P1:;P2:;P3:,2 3 2 3 2 ,,P0:25;P1:75;P2:75;P3:75;,02:17
A1DKVUTOBPQH11,noPathNoEx,4,8,1568953934489,0,Added cell 2-4-false,0,P0:;P1:;P2:;P3:0;,2 3 2 3 2  , 1 ,P0:-51;P1:75;P2:75;P3:75;,02:15
A1DKVUTOBPQH11,noPathNoEx,4,8,1568953934877,0,Added cell 1-4-true,0,P0:;P1:;P2:;P3:0;,2 2 3 2  , 1 ,P0:94;P1:75;P2:75;P3:75;,02:15
A1DKVUTOBPQH11,noPathNoEx,4,8,1568953963716,0,Motivation: I only had to borrow one chip and that player had quite a few of them.,0,P0:;P1:;P2:;P3:0;,2 2 3 2 , 1 ,P0:94;P1:75;P2:75;P3:75;,01:46
A1DKVUTOBPQH11,noPathNoEx,4,8,1568953963716,0,Ending game,0,P0:;P1:;P2:;P3:0;,2 2 3 2 , 1 ,P0:94;P1:75;P2:75;P3:75;,01:46
A1DKVUTOBPQH11,noPathNoEx,6,9,1568953965586,0,Starting new game,,P0:;P1:;P2:;P3:,2 5 5 4 5 1 5 4 4 3 4 4 4 5 4 ,,P0:75;P1:75;P2:75;P3:75;,01:46

A1DKVUTOBPQH11,noPathNoEx,6,9,1568953989140,0,Added cell 4-6-true,,P0:;P1:;P2:;P3:,2 5 5 4 5 1 5 4 4 4 4 4 5 4 ,,P0:70;P1:75;P2:75;P3:75;,02:38
A1DKVUTOBPQH11,noPathNoEx,6,9,1568953990443,0,Added cell 5-6-true,,P0:;P1:;P2:;P3:,2 5 5 5 1 5 4 4 4 4 4 5 4 ,,P0:65;P1:75;P2:75;P3:75;,02:37
A1DKVUTOBPQH11,noPathNoEx,6,9,1568953992096,0,Added cell 6-6-true,,P0:;P1:;P2:;P3:,5 5 5 1 5 4 4 4 4 4 5 4 ,,P0:60;P1:75;P2:75;P3:75;,02:35
A1DKVUTOBPQH11,noPathNoEx,6,9,1568953992499,0,Added cell 6-7-true,,P0:;P1:;P2:;P3:,5 5 5 1 5 4 4 4 4 5 4 ,,P0:55;P1:75;P2:75;P3:75;,02:35
A1DKVUTOBPQH11,noPathNoEx,6,9,1568953994124,0,Added cell 7-7-true,,P0:;P1:;P2:;P3:,5 5 5 5 4 4 4 4 5 4 ,,P0:50;P1:75;P2:75;P3:75;,02:33
A1DKVUTOBPQH11,noPathNoEx,6,9,1568953995024,0,Added cell 7-8-true,,P0:;P1:;P2:;P3:,5 5 5 5 4 4 4 5 4 ,,P0:45;P1:75;P2:75;P3:75;,02:32
A1DKVUTOBPQH11,noPathNoEx,6,9,1568954005562,0,Removed cell 7-8-true,,P0:;P1:;P2:;P3:,5 5 5 5 4 4 4 5 4 4 ,,P0:50;P1:75;P2:75;P3:75;,02:22
A1DKVUTOBPQH11,noPathNoEx,6,9,1568954006004,0,Removed cell 7-7-false,,P0:;P1:;P2:;P3:,5 5 5 5 4 4 4 5 4 4 1 ,,P0:55;P1:75;P2:75;P3:75;,02:21
A1DKVUTOBPQH11,noPathNoEx,6,9,1568954006997,0,Clear path,,P0:;P1:;P2:;P3:,2 5 5 4 5 1 5 4 4 3 4 4 4 5 4 ,,P0:75;P1:75;P2:75;P3:75;,02:20
A1DKVUTOBPQH11,noPathNoEx,6,9,1568954038554,0,Added cell 4-6-true,,P0:;P1:;P2:;P3:,2 5 5 4 5 1 5 4 4 4 4 4 5 4 ,,P0:70;P1:75;P2:75;P3:75;,01:49
A1DKVUTOBPQH11,noPathNoEx,6,9,1568954040721,0,Added cell 5-6-true,,P0:;P1:;P2:;P3:,2 5 5 5 1 5 4 4 4 4 4 5 4 ,,P0:65;P1:75;P2:75;P3:75;,01:46
A1DKVUTOBPQH11,noPathNoEx,6,9,1568954042655,0,Added cell 6-6-true,,P0:;P1:;P2:;P3:,5 5 5 1 5 4 4 4 4 4 5 4 ,,P0:60;P1:75;P2:75;P3:75;,01:44
A1DKVUTOBPQH11,noPathNoEx,6,9,1568954042949,0,Added cell 6-7-true,,P0:;P1:;P2:;P3:,5 5 5 1 5 4 4 4 4 5 4 ,,P0:55;P1:75;P2:75;P3:75;,01:44
A1DKVUTOBPQH11,noPathNoEx,6,9,1568954044627,0,Added cell 7-7-true,,P0:;P1:;P2:;P3:,5 5 5 5 4 4 4 4 5 4 ,,P0:50;P1:75;P2:75;P3:75;,01:42
A1DKVUTOBPQH11,noPathNoEx,6,9,1568954044944,0,Added cell 7-8-true,,P0:;P1:;P2:;P3:,5 5 5 5 4 4 4 5 4 ,,P0:45;P1:75;P2:75;P3:75;,01:42
A1DKVUTOBPQH11,noPathNoEx,6,9,1568954064738,0,Clear path,,P0:;P1:;P2:;P3:,2 5 5 4 5 1 5 4 4 3 4 4 4 5 4 ,,P0:75;P1:75;P2:75;P3:75;,01:22
A1DKVUTOBPQH11,noPathNoEx,6,9,1568954066696,0,Motivation: I did nothing because I'd have to borrow far too many chips to make it worth it.,,P0:;P1:;P2:;P3:,2 5 5 4 5 1 5 4 4 3 4 4 4 5 4 ,,P0:75;P1:75;P2:75;P3:75;,01:20
A1DKVUTOBPQH11,noPathNoEx,6,9,1568954066696,0,Ending game,,P0:;P1:;P2:;P3:,2 5 5 4 5 1 5 4 4 3 4 4 4 5 4 ,,P0:75;P1:75;P2:75;P3:75;,01:20

