A1ICWR931J4062,InstructionQuestions,1,1,1,1,1,1,1,1,1,1

A1ICWR931J4062,2,3,0,1568954509039,0,Read score file,,P0:;P1:;P2:;P3:;P4:;P5:,-,,,undefined:undefined
A1ICWR931J4062,2,3,0,1568955045142,0,Read new file,,P0:;P1:;P2:;P3:;P4:;P5:,-,,,undefined:undefined
A1ICWR931J4062,2,3,0,1568955045815,0,Starting new game,0,P0:;P1:0;;P2:,3 3 2 2 4 4,1,P0:104;P1:185.0;P2:190.0;,undefined:undefined
A1ICWR931J4062,2,3,0,1568955111003,0,Changed player,0,P0:;P1:0;;P2:,3 3 2 2 4 4,1,P0:104;P1:185.0;P2:190.0;,02:56
A1ICWR931J4062,2,3,0,1568955146116,0,Changed player,0,P0:;P1:0;;P2:,3 3 2 2 4 4,1,P0:104;P1:185.0;P2:190.0;,02:21
A1ICWR931J4062,2,3,0,1568955166770,0,Tried to add own cell 0-2,0,P0:;P1:0;;P2:,3 3 2 2 4 4,1,P0:104;P1:185.0;P2:190.0;,02:01
A1ICWR931J4062,2,3,0,1568955170987,0,Removed cell 1-2-true,0,P0:;P1:0;;P2:,3 3 2 2 4 4 2 ,1,P0:-41;P1:185.0;P2:190.0;,01:56
A1ICWR931J4062,2,3,0,1568955172574,0,Removed cell 2-2-true,0,P0:;P1:0;;P2:,3 3 2 2 4 4 2 2 ,1,P0:-36;P1:185.0;P2:190.0;,01:55
A1ICWR931J4062,2,3,0,1568955176663,0,Removed cell 3-2-false,0,P0:;P1:0;;P2:,3 3 2 2 4 4 2 2 1 ,1,P0:-31;P1:185.0;P2:190.0;,01:51
A1ICWR931J4062,2,3,0,1568955179161,0,Removed cell 4-2-true,0,P0:;P1:0;;P2:,3 3 2 2 4 4 2 2 1 2 ,1,P0:-26;P1:185.0;P2:190.0;,01:48
A1ICWR931J4062,2,3,0,1568955180517,0,Removed cell 4-3-true,0,P0:;P1:0;;P2:,3 3 2 2 4 4 2 2 1 2 4 ,1,P0:-21;P1:185.0;P2:190.0;,01:47
A1ICWR931J4062,2,3,0,1568955185369,0,Added cell 4-2-true,0,P0:;P1:0;;P2:,3 3 2 4 4 2 2 1 2 4 ,1,P0:-26;P1:185.0;P2:190.0;,01:42
A1ICWR931J4062,2,3,0,1568955186675,0,Added cell 3-2-false,0,P0:;P1:0;;P2:,3 3 2 4 4 2 2 2 4 ,1,P0:-31;P1:185.0;P2:190.0;,01:41
A1ICWR931J4062,2,3,0,1568955188053,0,Added cell 2-2-true,0,P0:;P1:0;;P2:,3 3 4 4 2 2 2 4 ,1,P0:-36;P1:185.0;P2:190.0;,01:39
A1ICWR931J4062,2,3,0,1568955189295,0,Added cell 1-2-true,0,P0:;P1:0;;P2:,3 3 4 4 2 2 4 ,1,P0:-41;P1:185.0;P2:190.0;,01:38
A1ICWR931J4062,2,3,0,1568955191073,0,Tried to add own cell 0-2,0,P0:;P1:0;;P2:,3 3 4 4 2 2 4 ,1,P0:-41;P1:185.0;P2:190.0;,01:36
A1ICWR931J4062,2,3,0,1568955194299,0,Tried to add own cell 0-2,0,P0:;P1:0;;P2:,3 3 4 4 2 2 4 ,1,P0:-41;P1:185.0;P2:190.0;,01:33
A1ICWR931J4062,2,3,0,1568955197053,0,Removed cell 1-2-true,0,P0:;P1:0;;P2:,3 3 4 4 2 2 4 2 ,1,P0:-36;P1:185.0;P2:190.0;,01:30
A1ICWR931J4062,2,3,0,1568955200687,0,Removed cell 2-2-true,0,P0:;P1:0;;P2:,3 3 4 4 2 2 4 2 2 ,1,P0:-31;P1:185.0;P2:190.0;,01:27
A1ICWR931J4062,2,3,0,1568955202349,0,Removed cell 3-2-false,0,P0:;P1:0;;P2:,3 3 4 4 2 2 4 2 2 1 ,1,P0:-26;P1:185.0;P2:190.0;,01:25
A1ICWR931J4062,2,3,0,1568955203322,0,Removed cell 4-2-true,0,P0:;P1:0;;P2:,3 3 4 4 2 2 4 2 2 1 2 ,1,P0:-21;P1:185.0;P2:190.0;,01:24
A1ICWR931J4062,2,3,0,1568955204137,0,Added cell 4-3-true,0,P0:;P1:0;;P2:,3 3 4 2 2 4 2 2 1 2 ,1,P0:-26;P1:185.0;P2:190.0;,01:23
A1ICWR931J4062,2,3,0,1568955206952,0,Motivation: I accept the suggestion,0,P0:;P1:0;;P2:,3 3 4 2 2 4 2 2 1 2 ,1,P0:-26;P1:185.0;P2:190.0;,01:20
A1ICWR931J4062,2,3,0,1568955206953,0,Ending game,0,P0:;P1:0;;P2:,3 3 4 2 2 4 2 2 1 2 ,1,P0:-26;P1:185.0;P2:190.0;,01:20
A1ICWR931J4062,2,3,0,1568955206961,0,wrong answer told to try again,0,P0:;P1:0;;P2:,3 3 4 2 2 4 2 2 1 2 ,1,P0:-26;P1:185.0;P2:190.0;,01:20
A1ICWR931J4062,2,3,0,1568955217866,0,Added cell 4-2-true,0,P0:;P1:0;;P2:,3 3 4 2 4 2 2 1 2 ,1,P0:-31;P1:185.0;P2:190.0;,01:09
A1ICWR931J4062,2,3,0,1568955218754,0,Added cell 3-2-false,0,P0:;P1:0;;P2:,3 3 4 2 4 2 2 2 ,1,P0:-36;P1:185.0;P2:190.0;,01:09
A1ICWR931J4062,2,3,0,1568955219442,0,Added cell 2-2-true,0,P0:;P1:0;;P2:,3 3 4 4 2 2 2 ,1,P0:-41;P1:185.0;P2:190.0;,01:08
A1ICWR931J4062,2,3,0,1568955219997,0,Added cell 1-2-true,0,P0:;P1:0;;P2:,3 3 4 4 2 2 ,1,P0:104;P1:185.0;P2:190.0;,01:07
A1ICWR931J4062,2,3,0,1568955221184,0,Tried to add own cell 0-2,0,P0:;P1:0;;P2:,3 3 4 4 2 2 ,1,P0:104;P1:185.0;P2:190.0;,01:06
A1ICWR931J4062,2,3,0,1568955225511,0,Restore suggested path,0,P0:;P1:0;;P2:,3 3 2 2 4 4,1,P0:104;P1:185.0;P2:190.0;,01:02
A1ICWR931J4062,2,3,0,1568955227572,0,Clear path,,P0:;P1:;P2:,3 2 2 2 4 4 2 3 2 4,,P0:50;P1:185.0;P2:190.0;,01:00
A1ICWR931J4062,2,3,0,1568955231353,0,Clear path,,P0:;P1:;P2:,3 2 2 2 4 4 2 3 2 4,,P0:50;P1:185.0;P2:190.0;,00:56
A1ICWR931J4062,2,3,0,1568955256580,0,Motivation: I will not pursue my goal,,P0:;P1:;P2:,3 2 2 2 4 4 2 3 2 4,,P0:50;P1:185.0;P2:190.0;,00:31
A1ICWR931J4062,2,3,0,1568955256580,0,Ending game,,P0:;P1:;P2:,3 2 2 2 4 4 2 3 2 4,,P0:50;P1:185.0;P2:190.0;,00:31
A1ICWR931J4062,2,3,0,1568955256589,0,wrong answer told to try again,,P0:;P1:;P2:,3 2 2 2 4 4 2 3 2 4,,P0:50;P1:185.0;P2:190.0;,00:31
A1ICWR931J4062,2,3,0,1568955272672,0,Tried to add own cell 0-2,,P0:;P1:;P2:,3 2 2 2 4 4 2 3 2 4,,P0:50;P1:185.0;P2:190.0;,00:15
A1ICWR931J4062,2,3,0,1568955282127,0,Added cell 0-3-true,,P0:;P1:;P2:,3 2 2 4 4 2 3 2 4 ,,P0:45;P1:185.0;P2:190.0;,00:05
A1ICWR931J4062,2,3,0,1568955283101,0,Removed cell 0-3-true,,P0:;P1:;P2:,3 2 2 4 4 2 3 2 4 2 ,,P0:50;P1:185.0;P2:190.0;,00:04
A1ICWR931J4062,2,3,0,1568955284357,0,Added cell 0-3-true,,P0:;P1:;P2:,3 2 4 4 2 3 2 4 2 ,,P0:45;P1:185.0;P2:190.0;,00:03
A1ICWR931J4062,2,3,0,1568955285185,0,Removed cell 0-3-true,,P0:;P1:;P2:,3 2 4 4 2 3 2 4 2 2 ,,P0:50;P1:185.0;P2:190.0;,00:02
A1ICWR931J4062,2,3,0,1568955286815,0,Time is up!,,P0:;P1:;P2:,3 2 4 4 2 3 2 4 2 2 ,,P0:50;P1:185.0;P2:190.0;,00:00
A1ICWR931J4062,2,3,0,1568955286818,0,Ending game,,P0:;P1:;P2:,3 2 4 4 2 3 2 4 2 2 ,,P0:50;P1:185.0;P2:190.0;,00:00
A1ICWR931J4062,2,3,0,1568955286835,0,timed out,,P0:;P1:;P2:,3 2 4 4 2 3 2 4 2 2 ,,P0:50;P1:185.0;P2:190.0;,00:00
A1ICWR931J4062,2,7,1,1568955291566,0,Starting new game,3,P0:;P1:3;;P2:,1 3 3 3 2 2 2,4,P0:109;P1:185.0;P2:109.0;,00:00

A1ICWR931J4062,2,7,1,1568955310655,0,Added cell 0-3-true,3,P0:;P1:3;;P2:,1 3 3 3 2 2 ,4,P0:104;P1:185.0;P2:109.0;,03:42
A1ICWR931J4062,2,7,1,1568955312035,0,Added cell 0-4-true,3,P0:;P1:3;;P2:,1 3 3 2 2 ,4,P0:-51;P1:185.0;P2:109.0;,03:41
A1ICWR931J4062,2,7,1,1568955313418,0,Denied adding cell 1-4-false,3,P0:;P1:3;;P2:,1 3 3 2 2 ,4,P0:-51;P1:185.0;P2:109.0;,03:40
A1ICWR931J4062,2,7,1,1568955331966,0,Denied adding cell 1-4-false,3,P0:;P1:3;;P2:,1 3 3 2 2 ,4,P0:-51;P1:185.0;P2:109.0;,03:21
A1ICWR931J4062,2,7,1,1568955338288,0,Denied adding cell 4-2-false,3,P0:;P1:3;;P2:,1 3 3 2 2 ,4,P0:-51;P1:185.0;P2:109.0;,03:15
A1ICWR931J4062,2,7,1,1568955361946,1,Changed player,3,P0:;P1:;P2:,2 2 2 3 3 4 4,,P0:-51;P1:185.0;P2:109.0;,02:51
A1ICWR931J4062,2,7,1,1568955367008,0,Changed player,3,P0:;P1:3;;P2:,1 3 3 2 2 ,4,P0:-51;P1:185.0;P2:109.0;,02:46
A1ICWR931J4062,2,7,1,1568955391618,0,Denied adding cell 1-4-false,3,P0:;P1:3;;P2:,1 3 3 2 2 ,4,P0:-51;P1:185.0;P2:109.0;,02:21
A1ICWR931J4062,2,7,1,1568955411165,0,Changed player,3,P0:;P1:3;;P2:,1 3 3 2 2 ,4,P0:-51;P1:185.0;P2:109.0;,02:02
A1ICWR931J4062,2,7,1,1568955412989,0,Denied adding cell 1-4-false,3,P0:;P1:3;;P2:,1 3 3 2 2 ,4,P0:-51;P1:185.0;P2:109.0;,02:00
A1ICWR931J4062,2,7,1,1568955433744,0,Restore suggested path,3,P0:;P1:3;;P2:,1 3 3 3 2 2 2,4,P0:109;P1:185.0;P2:109.0;,01:39
A1ICWR931J4062,2,7,1,1568955437061,0,Added cell 0-3-true,3,P0:;P1:3;;P2:,1 3 3 3 2 2 ,4,P0:104;P1:185.0;P2:109.0;,01:36
A1ICWR931J4062,2,7,1,1568955442960,0,Added cell 0-4-true,3,P0:;P1:3;;P2:,1 3 3 2 2 ,4,P0:-51;P1:185.0;P2:109.0;,01:30
A1ICWR931J4062,2,7,1,1568955454201,0,ChipRequest;From;1;Colour;4;ReqNrOfChips;2;Success;true,3,P0:;P1:3;;P2:,1 3 3 2 2 ,4,P0:-51;P1:185.0;P2:109.0;,01:19
A1ICWR931J4062,2,7,1,1568955457504,0,Added cell 1-4-false,3 3,P0:;P1:3;3;;P2:,1 3 3 2 2  ,4 4 ,P0:93;P1:185.0;P2:109.0;,01:16
A1ICWR931J4062,2,7,1,1568955459426,0,Removed cell 2-4-true,3 3,P0:;P1:3;3;;P2:,1 3 3 2 2  1 ,4 4 ,P0:-52;P1:185.0;P2:109.0;,01:14
A1ICWR931J4062,2,7,1,1568955477359,0,Added cell 2-4-true,3 3,P0:;P1:3;3;;P2:,3 3 2 2 1 ,4 4 ,P0:93;P1:185.0;P2:109.0;,00:56
A1ICWR931J4062,2,7,1,1568955481079,0,Removed cell 2-4-true,3 3,P0:;P1:3;3;;P2:,3 3 2 2 1 1 ,4 4 ,P0:-52;P1:185.0;P2:109.0;,00:52
A1ICWR931J4062,2,7,1,1568955481793,0,Added cell 2-4-true,3 3,P0:;P1:3;3;;P2:,3 3 2 2 1 ,4 4 ,P0:93;P1:185.0;P2:109.0;,00:51
A1ICWR931J4062,2,7,1,1568955511238,0,Motivation: I requested a chip so as to reach my goal,3 3,P0:;P1:3;3;;P2:,3 3 2 2 1 ,4 4 ,P0:93;P1:185.0;P2:109.0;,00:22
A1ICWR931J4062,2,7,1,1568955511239,0,Ending game,3 3,P0:;P1:3;3;;P2:,3 3 2 2 1 ,4 4 ,P0:93;P1:185.0;P2:109.0;,00:22
A1ICWR931J4062,2,7,1,1568955511248,0,wrong answer told to try again,3 3,P0:;P1:3;3;;P2:,3 3 2 2 1 ,4 4 ,P0:93;P1:185.0;P2:109.0;,00:22
A1ICWR931J4062,2,7,1,1568955532568,0,Time is up!,3 3,P0:;P1:3;3;;P2:,3 3 2 2 1 ,4 4 ,P0:93;P1:185.0;P2:109.0;,00:00
A1ICWR931J4062,2,7,1,1568955532569,0,Ending game,3 3,P0:;P1:3;3;;P2:,3 3 2 2 1 ,4 4 ,P0:93;P1:185.0;P2:109.0;,00:00
A1ICWR931J4062,2,7,1,1568955532596,0,timed out,3 3,P0:;P1:3;3;;P2:,3 3 2 2 1 ,4 4 ,P0:93;P1:185.0;P2:109.0;,00:00
A1ICWR931J4062,2,4,2,1568955535800,0,Starting new game,1,P0:;P1:;P2:1;,4 4 4 1 1 1 3 3,2,P0:114;P1:190.0;P2:185.0;,00:00

A1ICWR931J4062,2,4,2,1568955553469,0,Removed cell 4-3-true,1,P0:;P1:;P2:1;,4 4 4 1 1 1 3 3 1 ,2,P0:-31;P1:190.0;P2:185.0;,03:44
A1ICWR931J4062,2,4,2,1568955556870,0,Removed cell 4-2-true,1,P0:;P1:;P2:1;,4 4 4 1 1 1 3 3 1 4 ,2,P0:-26;P1:190.0;P2:185.0;,03:40
A1ICWR931J4062,2,4,2,1568955563940,0,Removed cell 3-2-false,1,P0:;P1:;P2:1;,4 4 4 1 1 1 3 3 1 4 2 ,2,P0:-21;P1:190.0;P2:185.0;,03:33
A1ICWR931J4062,2,4,2,1568955569519,0,Added cell 3-2-false,1,P0:;P1:;P2:1;,4 4 4 1 1 1 3 3 1 4 ,2,P0:-26;P1:190.0;P2:185.0;,03:28
A1ICWR931J4062,2,4,2,1568955570863,0,Added cell 4-2-true,1,P0:;P1:;P2:1;,4 4 1 1 1 3 3 1 4 ,2,P0:-31;P1:190.0;P2:185.0;,03:26
A1ICWR931J4062,2,4,2,1568955572343,0,Added cell 4-3-true,1,P0:;P1:;P2:1;,4 4 1 1 3 3 1 4 ,2,P0:114;P1:190.0;P2:185.0;,03:25
A1ICWR931J4062,2,4,2,1568955573688,0,Tried to add own cell 4-4,1,P0:;P1:;P2:1;,4 4 1 1 3 3 1 4 ,2,P0:114;P1:190.0;P2:185.0;,03:24
A1ICWR931J4062,2,4,2,1568955644905,0,Removed cell 4-3-true,1,P0:;P1:;P2:1;,4 4 1 1 3 3 1 4 1 ,2,P0:-31;P1:190.0;P2:185.0;,02:12
A1ICWR931J4062,2,4,2,1568955646580,0,Removed cell 4-2-true,1,P0:;P1:;P2:1;,4 4 1 1 3 3 1 4 1 4 ,2,P0:-26;P1:190.0;P2:185.0;,02:11
A1ICWR931J4062,2,4,2,1568955648706,0,ChipRequest;From;2;Colour;2;ReqNrOfChips;2;Success;true,1,P0:;P1:;P2:1;,4 4 1 1 3 3 1 4 1 4 ,2,P0:-26;P1:190.0;P2:185.0;,02:09
A1ICWR931J4062,2,4,2,1568955650572,0,Removed cell 3-2-true,1 1,P0:;P1:;P2:1;1;,4 4 1 1 3 3 1 4 1 4 2 2 ,2 2 ,P0:-22;P1:190.0;P2:185.0;,02:07
A1ICWR931J4062,2,4,2,1568955662154,0,Added cell 2-2-true,1 1,P0:;P1:;P2:1;1;,4 1 1 3 3 1 4 1 4 2 2 ,2 2 ,P0:-27;P1:190.0;P2:185.0;,01:55
A1ICWR931J4062,2,4,2,1568955667452,0,Removed cell 2-2-true,1 1,P0:;P1:;P2:1;1;,4 1 1 3 3 1 4 1 4 2 2 4 ,2 2 ,P0:-22;P1:190.0;P2:185.0;,01:50
A1ICWR931J4062,2,4,2,1568955677615,0,Added cell 2-2-true,1 1,P0:;P1:;P2:1;1;,1 1 3 3 1 4 1 4 2 2 4 ,2 2 ,P0:-27;P1:190.0;P2:185.0;,01:40
A1ICWR931J4062,2,4,2,1568955678847,0,Added cell 1-2-true,1 1,P0:;P1:;P2:1;1;,1 3 3 1 4 1 4 2 2 4 ,2 2 ,P0:-32;P1:190.0;P2:185.0;,01:38
A1ICWR931J4062,2,4,2,1568955680411,0,Added cell 0-2-true,1 1,P0:;P1:;P2:1;1;,1 3 1 4 1 4 2 2 4 ,2 2 ,P0:-37;P1:190.0;P2:185.0;,01:37
A1ICWR931J4062,2,4,2,1568955681287,0,Removed cell 0-2-true,1 1,P0:;P1:;P2:1;1;,1 3 1 4 1 4 2 2 4 3 ,2 2 ,P0:-32;P1:190.0;P2:185.0;,01:36
A1ICWR931J4062,2,4,2,1568955681816,0,Removed cell 1-2-true,1 1,P0:;P1:;P2:1;1;,1 3 1 4 1 4 2 2 4 3 1 ,2 2 ,P0:-27;P1:190.0;P2:185.0;,01:35
A1ICWR931J4062,2,4,2,1568955682634,0,Removed cell 2-2-true,1 1,P0:;P1:;P2:1;1;,1 3 1 4 1 4 2 2 4 3 1 4 ,2 2 ,P0:-22;P1:190.0;P2:185.0;,01:35
A1ICWR931J4062,2,4,2,1568955686051,0,Added cell 2-1-false,1 1,P0:;P1:;P2:1;1;,1 3 1 4 1 4 2 4 3 1 4 ,2 2 ,P0:-27;P1:190.0;P2:185.0;,01:31
A1ICWR931J4062,2,4,2,1568955686977,0,Removed cell 2-1-true,1 1,P0:;P1:;P2:1;1;,1 3 1 4 1 4 2 4 3 1 4 2 ,2 2 ,P0:-22;P1:190.0;P2:185.0;,01:30
A1ICWR931J4062,2,4,2,1568955699042,0,Motivation: Goal reached,1 1,P0:;P1:;P2:1;1;,1 3 1 4 1 4 2 4 3 1 4 2 ,2 2 ,P0:-22;P1:190.0;P2:185.0;,01:18
A1ICWR931J4062,2,4,2,1568955699042,0,Ending game,1 1,P0:;P1:;P2:1;1;,1 3 1 4 1 4 2 4 3 1 4 2 ,2 2 ,P0:-22;P1:190.0;P2:185.0;,01:18
A1ICWR931J4062,2,4,2,1568955699050,0,wrong answer told to try again,1 1,P0:;P1:;P2:1;1;,1 3 1 4 1 4 2 4 3 1 4 2 ,2 2 ,P0:-22;P1:190.0;P2:185.0;,01:18
A1ICWR931J4062,2,4,2,1568955746087,0,Tried to add own cell 4-4,1 1,P0:;P1:;P2:1;1;,1 3 1 4 1 4 2 4 3 1 4 2 ,2 2 ,P0:-22;P1:190.0;P2:185.0;,00:31
A1ICWR931J4062,2,4,2,1568955752759,0,Added cell 3-2-false,1 1,P0:;P1:;P2:1;1;,1 3 1 4 1 4 4 3 1 4 2 ,2 2 ,P0:-27;P1:190.0;P2:185.0;,00:25
A1ICWR931J4062,2,4,2,1568955754125,0,Removed cell 3-2-true,1 1,P0:;P1:;P2:1;1;,1 3 1 4 1 4 4 3 1 4 2 2 ,2 2 ,P0:-22;P1:190.0;P2:185.0;,00:23
A1ICWR931J4062,2,4,2,1568955754582,0,Added cell 3-2-false,1 1,P0:;P1:;P2:1;1;,1 3 1 4 1 4 4 3 1 4 2 ,2 2 ,P0:-27;P1:190.0;P2:185.0;,00:23
A1ICWR931J4062,2,4,2,1568955755444,0,Added cell 4-2-true,1 1,P0:;P1:;P2:1;1;,1 3 1 1 4 4 3 1 4 2 ,2 2 ,P0:-32;P1:190.0;P2:185.0;,00:22
A1ICWR931J4062,2,4,2,1568955756084,0,Added cell 4-3-true,1 1,P0:;P1:;P2:1;1;,3 1 1 4 4 3 1 4 2 ,2 2 ,P0:113;P1:190.0;P2:185.0;,00:21
A1ICWR931J4062,2,4,2,1568955756680,0,Tried to add own cell 4-4,1 1,P0:;P1:;P2:1;1;,3 1 1 4 4 3 1 4 2 ,2 2 ,P0:113;P1:190.0;P2:185.0;,00:21
A1ICWR931J4062,2,4,2,1568955760578,0,Removed cell 4-3-true,1 1,P0:;P1:;P2:1;1;,3 1 1 4 4 3 1 4 2 1 ,2 2 ,P0:-32;P1:190.0;P2:185.0;,00:17
A1ICWR931J4062,2,4,2,1568955762316,0,Added cell 4-3-true,1 1,P0:;P1:;P2:1;1;,3 1 4 4 3 1 4 2 1 ,2 2 ,P0:113;P1:190.0;P2:185.0;,00:15
A1ICWR931J4062,2,4,2,1568955765289,0,Tried to add own cell 4-4,1 1,P0:;P1:;P2:1;1;,3 1 4 4 3 1 4 2 1 ,2 2 ,P0:113;P1:190.0;P2:185.0;,00:12
A1ICWR931J4062,2,4,2,1568955776800,0,Time is up!,1 1,P0:;P1:;P2:1;1;,3 1 4 4 3 1 4 2 1 ,2 2 ,P0:113;P1:190.0;P2:185.0;,00:00
A1ICWR931J4062,2,4,2,1568955776800,0,Ending game,1 1,P0:;P1:;P2:1;1;,3 1 4 4 3 1 4 2 1 ,2 2 ,P0:113;P1:190.0;P2:185.0;,00:00
A1ICWR931J4062,2,4,2,1568955776813,0,timed out,1 1,P0:;P1:;P2:1;1;,3 1 4 4 3 1 4 2 1 ,2 2 ,P0:113;P1:190.0;P2:185.0;,00:00
A1ICWR931J4062,2,2,3,1568955777822,0,Starting new game,2,P0:;P1:;P2:2;,2 2 2 2 2 1 1,3,P0:109;P1:119.0;P2:114.0;,00:00

A1ICWR931J4062,2,2,3,1568955841897,0,Changed player,2,P0:;P1:;P2:2;,2 2 2 2 2 1 1,3,P0:109;P1:119.0;P2:114.0;,02:57
A1ICWR931J4062,2,2,3,1568955846096,0,Changed player,2,P0:;P1:;P2:2;,2 2 2 2 2 1 1,3,P0:109;P1:119.0;P2:114.0;,02:53
A1ICWR931J4062,2,2,3,1568955846796,0,Changed player,2,P0:;P1:;P2:2;,2 2 2 2 2 1 1,3,P0:109;P1:119.0;P2:114.0;,02:53
A1ICWR931J4062,2,2,3,1568955847018,0,Changed player,2,P0:;P1:;P2:2;,2 2 2 2 2 1 1,3,P0:109;P1:119.0;P2:114.0;,02:52
A1ICWR931J4062,2,2,3,1568955847190,0,Changed player,2,P0:;P1:;P2:2;,2 2 2 2 2 1 1,3,P0:109;P1:119.0;P2:114.0;,02:52
A1ICWR931J4062,2,2,3,1568955847832,0,Changed player,2,P0:;P1:;P2:2;,2 2 2 2 2 1 1,3,P0:109;P1:119.0;P2:114.0;,02:51
A1ICWR931J4062,2,2,3,1568955855782,0,Motivation: The AI is right,2,P0:;P1:;P2:2;,2 2 2 2 2 1 1,3,P0:109;P1:119.0;P2:114.0;,02:44
A1ICWR931J4062,2,2,3,1568955855783,0,Ending game,2,P0:;P1:;P2:2;,2 2 2 2 2 1 1,3,P0:109;P1:119.0;P2:114.0;,02:44
A1ICWR931J4062,2,2,3,1568955855796,0,wrong answer told to try again,2,P0:;P1:;P2:2;,2 2 2 2 2 1 1,3,P0:109;P1:119.0;P2:114.0;,02:44
A1ICWR931J4062,2,2,3,1568955880838,0,Tried to add own cell 3-3,2,P0:;P1:;P2:2;,2 2 2 2 2 1 1,3,P0:109;P1:119.0;P2:114.0;,02:18
A1ICWR931J4062,2,2,3,1568955884311,0,Removed cell 2-3-false,2,P0:;P1:;P2:2;,2 2 2 2 2 1 1 4 ,3,P0:-36;P1:119.0;P2:114.0;,02:15
A1ICWR931J4062,2,2,3,1568955885680,0,Removed cell 1-3-false,2,P0:;P1:;P2:2;,2 2 2 2 2 1 1 4 3 ,3,P0:-31;P1:119.0;P2:114.0;,02:14
A1ICWR931J4062,2,2,3,1568955888436,0,Removed cell 1-2-true,2,P0:;P1:;P2:2;,2 2 2 2 2 1 1 4 3 4 ,3,P0:-26;P1:119.0;P2:114.0;,02:11
A1ICWR931J4062,2,2,3,1568955889954,0,Removed cell 1-1-true,2,P0:;P1:;P2:2;,2 2 2 2 2 1 1 4 3 4 3 ,3,P0:-21;P1:119.0;P2:114.0;,02:09
A1ICWR931J4062,2,2,3,1568955905120,0,Motivation: I choose to do nothing,2,P0:;P1:;P2:2;,2 2 2 2 2 1 1 4 3 4 3 ,3,P0:-21;P1:119.0;P2:114.0;,01:54
A1ICWR931J4062,2,2,3,1568955905121,0,Ending game,2,P0:;P1:;P2:2;,2 2 2 2 2 1 1 4 3 4 3 ,3,P0:-21;P1:119.0;P2:114.0;,01:54
A1ICWR931J4062,2,2,3,1568955905130,0,wrong answer told to try again,2,P0:;P1:;P2:2;,2 2 2 2 2 1 1 4 3 4 3 ,3,P0:-21;P1:119.0;P2:114.0;,01:54
A1ICWR931J4062,2,2,3,1568955909082,0,Tried to add own cell 3-3,2,P0:;P1:;P2:2;,2 2 2 2 2 1 1 4 3 4 3 ,3,P0:-21;P1:119.0;P2:114.0;,01:50
A1ICWR931J4062,2,2,3,1568955911656,0,Added cell 1-1-true,2,P0:;P1:;P2:2;,2 2 2 2 2 1 1 4 4 3 ,3,P0:-26;P1:119.0;P2:114.0;,01:48
A1ICWR931J4062,2,2,3,1568955912417,0,Added cell 1-2-true,2,P0:;P1:;P2:2;,2 2 2 2 2 1 1 4 3 ,3,P0:-31;P1:119.0;P2:114.0;,01:47
A1ICWR931J4062,2,2,3,1568955913231,0,Added cell 1-3-false,2,P0:;P1:;P2:2;,2 2 2 2 2 1 1 4 ,3,P0:-36;P1:119.0;P2:114.0;,01:46
A1ICWR931J4062,2,2,3,1568955914057,0,Added cell 2-3-true,2,P0:;P1:;P2:2;,2 2 2 2 2 1 1 ,3,P0:109;P1:119.0;P2:114.0;,01:45
A1ICWR931J4062,2,2,3,1568955922005,0,Denied adding cell 4-2-false,2,P0:;P1:;P2:2;,2 2 2 2 2 1 1 ,3,P0:109;P1:119.0;P2:114.0;,01:37
A1ICWR931J4062,2,2,3,1568955970470,0,Removed cell 1-1-false,2,P0:;P1:;P2:2;,2 2 2 2 2 1 1 3 ,3,P0:-36;P1:119.0;P2:114.0;,00:49
A1ICWR931J4062,2,2,3,1568955971518,0,Added cell 1-1-true,2,P0:;P1:;P2:2;,2 2 2 2 2 1 1 ,3,P0:109;P1:119.0;P2:114.0;,00:48
A1ICWR931J4062,2,2,3,1568955972317,0,Removed cell 1-1-false,2,P0:;P1:;P2:2;,2 2 2 2 2 1 1 3 ,3,P0:-36;P1:119.0;P2:114.0;,00:47
A1ICWR931J4062,2,2,3,1568955972797,0,Added cell 1-1-true,2,P0:;P1:;P2:2;,2 2 2 2 2 1 1 ,3,P0:109;P1:119.0;P2:114.0;,00:47
A1ICWR931J4062,2,2,3,1568955976406,0,Added cell 0-2-true,2,P0:;P1:;P2:2;,2 2 2 2 2 1 ,3,P0:-46;P1:119.0;P2:114.0;,00:43
A1ICWR931J4062,2,2,3,1568955977331,0,Removed cell 0-2-true,2,P0:;P1:;P2:2;,2 2 2 2 2 1 1 ,3,P0:109;P1:119.0;P2:114.0;,00:42
A1ICWR931J4062,2,2,3,1568955978217,0,Added cell 0-2-true,2,P0:;P1:;P2:2;,2 2 2 2 2 1 ,3,P0:-46;P1:119.0;P2:114.0;,00:41
A1ICWR931J4062,2,2,3,1568955979069,0,Removed cell 0-2-true,2,P0:;P1:;P2:2;,2 2 2 2 2 1 1 ,3,P0:109;P1:119.0;P2:114.0;,00:40
A1ICWR931J4062,2,2,3,1568956002902,1,Changed player,2,P0:;P1:;P2:2;,2 1 1 4 4 4 4 4 4,3,P0:109;P1:119.0;P2:114.0;,00:16
A1ICWR931J4062,2,2,3,1568956005317,0,Changed player,2,P0:;P1:;P2:2;,2 2 2 2 2 1 1 ,3,P0:109;P1:119.0;P2:114.0;,00:14
A1ICWR931J4062,2,2,3,1568956007412,2,Changed player,2,P0:;P1:0;;P2:,3 2 2 2 4 4 4 4,1,P0:109;P1:119.0;P2:114.0;,00:12
A1ICWR931J4062,2,2,3,1568956009480,0,Changed player,2,P0:;P1:;P2:2;,2 2 2 2 2 1 1 ,3,P0:109;P1:119.0;P2:114.0;,00:10
A1ICWR931J4062,2,2,3,1568956018822,0,Time is up!,2,P0:;P1:;P2:2;,2 2 2 2 2 1 1 ,3,P0:109;P1:119.0;P2:114.0;,00:00
A1ICWR931J4062,2,2,3,1568956018823,0,Ending game,2,P0:;P1:;P2:2;,2 2 2 2 2 1 1 ,3,P0:109;P1:119.0;P2:114.0;,00:00
A1ICWR931J4062,2,2,3,1568956018844,0,timed out,2,P0:;P1:;P2:2;,2 2 2 2 2 1 1 ,3,P0:109;P1:119.0;P2:114.0;,00:00
A1ICWR931J4062,2,6,4,1568956022045,0,Starting new game,2,P0:;P1:2;;P2:,2 2 2 2 2 2,3,P0:104;P1:99.0;P2:195.0;,00:00

A1ICWR931J4062,2,6,4,1568956113597,0,Removed cell 2-3-true,2,P0:;P1:2;;P2:,2 2 2 2 2 2 2 ,3,P0:-41;P1:99.0;P2:195.0;,02:30
A1ICWR931J4062,2,6,4,1568956119755,0,Removed cell 2-2-true,2,P0:;P1:2;;P2:,2 2 2 2 2 2 2 2 ,3,P0:-36;P1:99.0;P2:195.0;,02:24
A1ICWR931J4062,2,6,4,1568956122689,0,Removed cell 1-2-false,2,P0:;P1:2;;P2:,2 2 2 2 2 2 2 2 4 ,3,P0:-31;P1:99.0;P2:195.0;,02:21
A1ICWR931J4062,2,6,4,1568956136446,0,Removed cell 0-2-false,2,P0:;P1:2;;P2:,2 2 2 2 2 2 2 2 4 3 ,3,P0:-26;P1:99.0;P2:195.0;,02:07
A1ICWR931J4062,2,6,4,1568956142555,0,Removed cell 0-1-true,2,P0:;P1:2;;P2:,2 2 2 2 2 2 2 2 4 3 2 ,3,P0:-21;P1:99.0;P2:195.0;,02:01
A1ICWR931J4062,2,6,4,1568956148122,0,Added cell 0-1-true,2,P0:;P1:2;;P2:,2 2 2 2 2 2 2 4 3 2 ,3,P0:-26;P1:99.0;P2:195.0;,01:55
A1ICWR931J4062,2,6,4,1568956149253,0,Added cell 0-2-false,2,P0:;P1:2;;P2:,2 2 2 2 2 2 2 4 2 ,3,P0:-31;P1:99.0;P2:195.0;,01:54
A1ICWR931J4062,2,6,4,1568956150437,0,Added cell 1-2-true,2,P0:;P1:2;;P2:,2 2 2 2 2 2 2 2 ,3,P0:-36;P1:99.0;P2:195.0;,01:53
A1ICWR931J4062,2,6,4,1568956151870,0,Added cell 2-2-true,2,P0:;P1:2;;P2:,2 2 2 2 2 2 2 ,3,P0:-41;P1:99.0;P2:195.0;,01:52
A1ICWR931J4062,2,6,4,1568956153123,0,Added cell 2-3-true,2,P0:;P1:2;;P2:,2 2 2 2 2 2 ,3,P0:104;P1:99.0;P2:195.0;,01:50
A1ICWR931J4062,2,6,4,1568956154243,0,Tried to add own cell 3-3,2,P0:;P1:2;;P2:,2 2 2 2 2 2 ,3,P0:104;P1:99.0;P2:195.0;,01:49
A1ICWR931J4062,2,6,4,1568956174397,0,Motivation: I will nothing so as to gain maximum points,2,P0:;P1:2;;P2:,2 2 2 2 2 2 ,3,P0:104;P1:99.0;P2:195.0;,01:29
A1ICWR931J4062,2,6,4,1568956174400,0,Ending game,2,P0:;P1:2;;P2:,2 2 2 2 2 2 ,3,P0:104;P1:99.0;P2:195.0;,01:29
A1ICWR931J4062,2,6,4,1568956174410,0,wrong answer told to try again,2,P0:;P1:2;;P2:,2 2 2 2 2 2 ,3,P0:104;P1:99.0;P2:195.0;,01:29
A1ICWR931J4062,2,6,4,1568956186512,0,Removed cell 2-3-true,2,P0:;P1:2;;P2:,2 2 2 2 2 2 2 ,3,P0:-41;P1:99.0;P2:195.0;,01:17
A1ICWR931J4062,2,6,4,1568956190959,0,Added cell 2-3-true,2,P0:;P1:2;;P2:,2 2 2 2 2 2 ,3,P0:104;P1:99.0;P2:195.0;,01:13
A1ICWR931J4062,2,6,4,1568956193842,0,Clear path,,P0:;P1:;P2:,2 2 2 2 2 2 2 2 4 2,,P0:50;P1:99.0;P2:195.0;,01:10
A1ICWR931J4062,2,6,4,1568956218662,0,Motivation: I will do nothing so as to gain maximum points,,P0:;P1:;P2:,2 2 2 2 2 2 2 2 4 2,,P0:50;P1:99.0;P2:195.0;,00:45
A1ICWR931J4062,2,6,4,1568956218662,0,Ending game,,P0:;P1:;P2:,2 2 2 2 2 2 2 2 4 2,,P0:50;P1:99.0;P2:195.0;,00:45
A1ICWR931J4062,2,1,5,1568956222763,0,Starting new game,3 0,P0:;P1:3;;P2:0;,3 3 3 3 3 3 3 3 3,1 4 ,P0:43;P1:180.0;P2:180.0;,00:45

A1ICWR931J4062,2,1,5,1568956260693,0,Clear path,,P0:;P1:;P2:,3 3 3 3 3 3 3 3 3 3,,P0:50;P1:180.0;P2:180.0;,03:24
A1ICWR931J4062,2,1,5,1568956262001,0,Added cell 1-0-true,,P0:;P1:;P2:,3 3 3 3 3 3 3 3 3 ,,P0:45;P1:180.0;P2:180.0;,03:22
A1ICWR931J4062,2,1,5,1568956265518,0,Denied adding cell 2-0-false,,P0:;P1:;P2:,3 3 3 3 3 3 3 3 3 ,,P0:45;P1:180.0;P2:180.0;,03:19
A1ICWR931J4062,2,1,5,1568956282209,0,Removed cell 1-0-true,,P0:;P1:;P2:,3 3 3 3 3 3 3 3 3 3 ,,P0:50;P1:180.0;P2:180.0;,03:02
A1ICWR931J4062,2,1,5,1568956286730,0,Restore suggested path,3 0,P0:;P1:3;;P2:0;,3 3 3 3 3 3 3 3 3,1 4 ,P0:43;P1:180.0;P2:180.0;,02:58
A1ICWR931J4062,2,1,5,1568956301179,0,Clear path,,P0:;P1:;P2:,3 3 3 3 3 3 3 3 3 3,,P0:50;P1:180.0;P2:180.0;,02:43
A1ICWR931J4062,2,1,5,1568956317448,0,Motivation: I will do nothing so as to gain maximum points,,P0:;P1:;P2:,3 3 3 3 3 3 3 3 3 3,,P0:50;P1:180.0;P2:180.0;,02:27
A1ICWR931J4062,2,1,5,1568956317448,0,Ending game,,P0:;P1:;P2:,3 3 3 3 3 3 3 3 3 3,,P0:50;P1:180.0;P2:180.0;,02:27
A1ICWR931J4062,2,5,6,1568956320325,0,Starting new game,,P0:;P1:;P2:,2 3 3 4,,P0:170;P1:190.0;P2:195.0;,02:27

A1ICWR931J4062,2,5,6,1568956346610,0,Clear path,,P0:;P1:;P2:,2 3 3 4 3 2 2 2 1 4,,P0:50;P1:190.0;P2:195.0;,03:35
A1ICWR931J4062,2,5,6,1568956351604,0,Added cell 3-4-true,,P0:;P1:;P2:,2 3 4 3 2 2 2 1 4 ,,P0:45;P1:190.0;P2:195.0;,03:30
A1ICWR931J4062,2,5,6,1568956354436,0,Added cell 3-3-true,,P0:;P1:;P2:,3 4 3 2 2 2 1 4 ,,P0:40;P1:190.0;P2:195.0;,03:27
A1ICWR931J4062,2,5,6,1568956360325,0,Added cell 2-3-true,,P0:;P1:;P2:,3 4 3 2 2 1 4 ,,P0:35;P1:190.0;P2:195.0;,03:22
A1ICWR931J4062,2,5,6,1568956362129,0,Added cell 1-3-true,,P0:;P1:;P2:,3 4 3 2 2 4 ,,P0:30;P1:190.0;P2:195.0;,03:20
A1ICWR931J4062,2,5,6,1568956364182,0,Added cell 1-2-true,,P0:;P1:;P2:,3 3 2 2 4 ,,P0:25;P1:190.0;P2:195.0;,03:18
A1ICWR931J4062,2,5,6,1568956365609,0,Added cell 0-2-true,,P0:;P1:;P2:,3 3 2 4 ,,P0:170;P1:190.0;P2:195.0;,03:16
A1ICWR931J4062,2,5,6,1568956406134,0,Motivation: The best path for me to gain maximum points,,P0:;P1:;P2:,3 3 2 4 ,,P0:170;P1:190.0;P2:195.0;,02:36
A1ICWR931J4062,2,5,6,1568956406135,0,Ending game,,P0:;P1:;P2:,3 3 2 4 ,,P0:170;P1:190.0;P2:195.0;,02:36
A1ICWR931J4062,2,8,7,1568956408843,0,Starting new game,0 2,P0:;P1:0;;P2:2;,2 2 2 2 2 4 4 4 4 4,1 3 ,P0:48;P1:195.0;P2:180.0;,02:36

A1ICWR931J4062,2,8,7,1568956476807,0,Clear path,,P0:;P1:;P2:,4 2 2 2 4 4 4 2 2 4,,P0:50;P1:195.0;P2:180.0;,02:54
A1ICWR931J4062,2,8,7,1568956500296,0,Motivation: I will do nothing so as to gain maximum points,,P0:;P1:;P2:,4 2 2 2 4 4 4 2 2 4,,P0:50;P1:195.0;P2:180.0;,02:30
A1ICWR931J4062,2,8,7,1568956500297,0,Ending game,,P0:;P1:;P2:,4 2 2 2 4 4 4 2 2 4,,P0:50;P1:195.0;P2:180.0;,02:30

END_TRAINING_START_GAME


A1ICWR931J4062,localGlobalEx,7,0,1568956513262,0,Read score file,,P0:;P1:;P2:;P3:;P4:;P5:,-,,,undefined:undefined
A1ICWR931J4062,localGlobalEx,7,0,1568956528887,0,Read new file,,P0:;P1:;P2:;P3:;P4:;P5:,-,,,undefined:undefined
A1ICWR931J4062,localGlobalEx,7,0,1568956529604,0,Starting new game,0,P0:;P1:0;;P2:;P3:,2,1,P0:79;P1:109.0;P2:114.0;P3:165.0;,undefined:undefined
A1ICWR931J4062,localGlobalEx,7,0,1568956597888,0,Clear path,,P0:;P1:;P2:;P3:,3 4 1 2 4 2 2 5 2 1 4 5 1 3 2 ,,P0:75;P1:109.0;P2:114.0;P3:165.0;,01:53
A1ICWR931J4062,localGlobalEx,7,0,1568956600560,0,Added cell 2-9-true,,P0:;P1:;P2:;P3:,3 4 2 4 2 2 5 2 1 4 5 1 3 2 ,,P0:70;P1:109.0;P2:114.0;P3:165.0;,01:51
A1ICWR931J4062,localGlobalEx,7,0,1568956601223,0,Added cell 2-8-true,,P0:;P1:;P2:;P3:,3 4 2 4 2 2 5 2 4 5 1 3 2 ,,P0:65;P1:109.0;P2:114.0;P3:165.0;,01:50
A1ICWR931J4062,localGlobalEx,7,0,1568956601802,0,Added cell 2-7-true,,P0:;P1:;P2:;P3:,3 4 2 4 2 2 2 4 5 1 3 2 ,,P0:60;P1:109.0;P2:114.0;P3:165.0;,01:49
A1ICWR931J4062,localGlobalEx,7,0,1568956603415,0,Added cell 2-6-true,,P0:;P1:;P2:;P3:,3 4 4 2 2 2 4 5 1 3 2 ,,P0:55;P1:109.0;P2:114.0;P3:165.0;,01:48
A1ICWR931J4062,localGlobalEx,7,0,1568956604684,0,Added cell 2-5-true,,P0:;P1:;P2:;P3:,3 4 2 2 2 4 5 1 3 2 ,,P0:50;P1:109.0;P2:114.0;P3:165.0;,01:46
A1ICWR931J4062,localGlobalEx,7,0,1568956605915,0,Added cell 3-5-true,,P0:;P1:;P2:;P3:,3 4 2 2 4 5 1 3 2 ,,P0:45;P1:109.0;P2:114.0;P3:165.0;,01:45
A1ICWR931J4062,localGlobalEx,7,0,1568956607839,0,Added cell 4-5-true,,P0:;P1:;P2:;P3:,3 4 2 2 4 5 3 2 ,,P0:40;P1:109.0;P2:114.0;P3:165.0;,01:43
A1ICWR931J4062,localGlobalEx,7,0,1568956616373,0,Added cell 5-5-true,,P0:;P1:;P2:;P3:,4 2 2 4 5 3 2 ,,P0:35;P1:109.0;P2:114.0;P3:165.0;,01:35
A1ICWR931J4062,localGlobalEx,7,0,1568956628172,0,Added cell 6-5-true,,P0:;P1:;P2:;P3:,2 2 4 5 3 2 ,,P0:30;P1:109.0;P2:114.0;P3:165.0;,01:23
A1ICWR931J4062,localGlobalEx,7,0,1568956647053,0,Added cell 7-5-true,,P0:;P1:;P2:;P3:,2 2 4 3 2 ,,P0:25;P1:109.0;P2:114.0;P3:165.0;,01:04
A1ICWR931J4062,localGlobalEx,7,0,1568956647881,0,Added cell 7-4-true,,P0:;P1:;P2:;P3:,2 2 4 2 ,,P0:20;P1:109.0;P2:114.0;P3:165.0;,01:03
A1ICWR931J4062,localGlobalEx,7,0,1568956648705,0,Added cell 7-3-true,,P0:;P1:;P2:;P3:,2 4 2 ,,P0:15;P1:109.0;P2:114.0;P3:165.0;,01:02
A1ICWR931J4062,localGlobalEx,7,0,1568956649814,0,Added cell 7-2-true,,P0:;P1:;P2:;P3:,4 2 ,,P0:10;P1:109.0;P2:114.0;P3:165.0;,01:01
A1ICWR931J4062,localGlobalEx,7,0,1568956651984,0,Denied adding cell 7-1-false,,P0:;P1:;P2:;P3:,4 2 ,,P0:10;P1:109.0;P2:114.0;P3:165.0;,00:59
A1ICWR931J4062,localGlobalEx,7,0,1568956656107,0,Added cell 8-2-true,,P0:;P1:;P2:;P3:,2 ,,P0:5;P1:109.0;P2:114.0;P3:165.0;,00:55
A1ICWR931J4062,localGlobalEx,7,0,1568956657599,0,Denied adding cell 8-1-false,,P0:;P1:;P2:;P3:,2 ,,P0:5;P1:109.0;P2:114.0;P3:165.0;,00:54
A1ICWR931J4062,localGlobalEx,7,0,1568956666912,0,Clear path,,P0:;P1:;P2:;P3:,3 4 1 2 4 2 2 5 2 1 4 5 1 3 2 ,,P0:75;P1:109.0;P2:114.0;P3:165.0;,00:44
A1ICWR931J4062,localGlobalEx,7,0,1568956710608,0,Time is up!,,P0:;P1:;P2:;P3:,3 4 1 2 4 2 2 5 2 1 4 5 1 3 2 ,,P0:75;P1:109.0;P2:114.0;P3:165.0;,00:00
A1ICWR931J4062,localGlobalEx,7,0,1568956800789,0,Ending game,,P0:;P1:;P2:;P3:,3 4 1 2 4 2 2 5 2 1 4 5 1 3 2 ,,P0:75;P1:109.0;P2:114.0;P3:165.0;,00:00
A1ICWR931J4062,localGlobalEx,4,1,1568956804015,0,Starting new game,,P0:;P1:;P2:;P3:,5 5 5,,P0:165;P1:170.0;P2:200.0;P3:195.0;,00:00

A1ICWR931J4062,localGlobalEx,4,1,1568956849692,0,Clear path,,P0:;P1:;P2:;P3:,4 5 5 5 2 5 5 2 3 1 4 2 3 2 1 ,,P0:75;P1:170.0;P2:200.0;P3:195.0;,02:16
A1ICWR931J4062,localGlobalEx,4,1,1568956851578,0,Added cell 8-8-true,,P0:;P1:;P2:;P3:,5 5 5 2 5 5 2 3 1 4 2 3 2 1 ,,P0:70;P1:170.0;P2:200.0;P3:195.0;,02:14
A1ICWR931J4062,localGlobalEx,4,1,1568956852536,0,Added cell 7-8-true,,P0:;P1:;P2:;P3:,5 5 5 2 5 5 2 3 4 2 3 2 1 ,,P0:65;P1:170.0;P2:200.0;P3:195.0;,02:13
A1ICWR931J4062,localGlobalEx,4,1,1568956853189,0,Added cell 6-8-true,,P0:;P1:;P2:;P3:,5 5 5 2 5 5 2 3 2 3 2 1 ,,P0:60;P1:170.0;P2:200.0;P3:195.0;,02:12
A1ICWR931J4062,localGlobalEx,4,1,1568956854446,0,Added cell 6-7-true,,P0:;P1:;P2:;P3:,5 5 2 5 5 2 3 2 3 2 1 ,,P0:55;P1:170.0;P2:200.0;P3:195.0;,02:11
A1ICWR931J4062,localGlobalEx,4,1,1568956855855,0,Added cell 5-7-true,,P0:;P1:;P2:;P3:,5 5 5 5 2 3 2 3 2 1 ,,P0:50;P1:170.0;P2:200.0;P3:195.0;,02:10
A1ICWR931J4062,localGlobalEx,4,1,1568956856603,0,Added cell 4-7-true,,P0:;P1:;P2:;P3:,5 5 5 5 3 2 3 2 1 ,,P0:45;P1:170.0;P2:200.0;P3:195.0;,02:09
A1ICWR931J4062,localGlobalEx,4,1,1568956857279,0,Added cell 3-7-true,,P0:;P1:;P2:;P3:,5 5 5 3 2 3 2 1 ,,P0:40;P1:170.0;P2:200.0;P3:195.0;,02:08
A1ICWR931J4062,localGlobalEx,4,1,1568956858180,0,Added cell 2-7-true,,P0:;P1:;P2:;P3:,5 5 5 2 3 2 1 ,,P0:35;P1:170.0;P2:200.0;P3:195.0;,02:07
A1ICWR931J4062,localGlobalEx,4,1,1568956858968,0,Added cell 2-6-true,,P0:;P1:;P2:;P3:,5 5 5 3 2 1 ,,P0:30;P1:170.0;P2:200.0;P3:195.0;,02:07
A1ICWR931J4062,localGlobalEx,4,1,1568956859780,0,Added cell 2-5-true,,P0:;P1:;P2:;P3:,5 5 5 3 1 ,,P0:25;P1:170.0;P2:200.0;P3:195.0;,02:06
A1ICWR931J4062,localGlobalEx,4,1,1568956860508,0,Added cell 1-5-true,,P0:;P1:;P2:;P3:,5 5 5 3 ,,P0:20;P1:170.0;P2:200.0;P3:195.0;,02:05
A1ICWR931J4062,localGlobalEx,4,1,1568956861184,0,Added cell 1-4-true,,P0:;P1:;P2:;P3:,5 5 5 ,,P0:165;P1:170.0;P2:200.0;P3:195.0;,02:04
A1ICWR931J4062,localGlobalEx,4,1,1568956882849,0,Motivation: the best path for the best score,,P0:;P1:;P2:;P3:,5 5 5 ,,P0:165;P1:170.0;P2:200.0;P3:195.0;,01:43
A1ICWR931J4062,localGlobalEx,4,1,1568956882850,0,Ending game,,P0:;P1:;P2:;P3:,5 5 5 ,,P0:165;P1:170.0;P2:200.0;P3:195.0;,01:43
A1ICWR931J4062,localGlobalEx,5,2,1568956885965,0,Starting new game,1,P0:;P1:1;;P2:;P3:,3 4 5 5 5 5 5,2,P0:109;P1:195.0;P2:134.0;P3:118.0;,01:43

A1ICWR931J4062,localGlobalEx,5,2,1568956926169,0,Clear path,,P0:;P1:;P2:;P3:,5 3 1 1 5 3 4 3 5 4 1 3 5 5 5 ,,P0:75;P1:195.0;P2:134.0;P3:118.0;,02:21
A1ICWR931J4062,localGlobalEx,5,2,1568956929541,0,Added cell 1-9-true,,P0:;P1:;P2:;P3:,5 1 1 5 3 4 3 5 4 1 3 5 5 5 ,,P0:70;P1:195.0;P2:134.0;P3:118.0;,02:18
A1ICWR931J4062,localGlobalEx,5,2,1568956930182,0,Added cell 2-9-true,,P0:;P1:;P2:;P3:,5 1 1 5 4 3 5 4 1 3 5 5 5 ,,P0:65;P1:195.0;P2:134.0;P3:118.0;,02:17
A1ICWR931J4062,localGlobalEx,5,2,1568956930702,0,Added cell 3-9-true,,P0:;P1:;P2:;P3:,5 1 5 4 3 5 4 1 3 5 5 5 ,,P0:60;P1:195.0;P2:134.0;P3:118.0;,02:17
A1ICWR931J4062,localGlobalEx,5,2,1568956931266,0,Added cell 4-9-true,,P0:;P1:;P2:;P3:,1 5 4 3 5 4 1 3 5 5 5 ,,P0:55;P1:195.0;P2:134.0;P3:118.0;,02:16
A1ICWR931J4062,localGlobalEx,5,2,1568956931908,0,Added cell 4-8-true,,P0:;P1:;P2:;P3:,1 5 4 5 4 1 3 5 5 5 ,,P0:50;P1:195.0;P2:134.0;P3:118.0;,02:16
A1ICWR931J4062,localGlobalEx,5,2,1568956932473,0,Added cell 4-7-true,,P0:;P1:;P2:;P3:,5 4 5 4 1 3 5 5 5 ,,P0:45;P1:195.0;P2:134.0;P3:118.0;,02:15
A1ICWR931J4062,localGlobalEx,5,2,1568956933151,0,Added cell 4-6-true,,P0:;P1:;P2:;P3:,5 4 5 4 3 5 5 5 ,,P0:40;P1:195.0;P2:134.0;P3:118.0;,02:14
A1ICWR931J4062,localGlobalEx,5,2,1568956933761,0,Denied adding cell 5-6-false,,P0:;P1:;P2:;P3:,5 4 5 4 3 5 5 5 ,,P0:40;P1:195.0;P2:134.0;P3:118.0;,02:14
A1ICWR931J4062,localGlobalEx,5,2,1568956947282,0,Clear path,,P0:;P1:;P2:;P3:,5 3 1 1 5 3 4 3 5 4 1 3 5 5 5 ,,P0:75;P1:195.0;P2:134.0;P3:118.0;,02:00
A1ICWR931J4062,localGlobalEx,5,2,1568956990264,0,Motivation: No  player had extra chips to give, the goal cannot be reached,,P0:;P1:;P2:;P3:,5 3 1 1 5 3 4 3 5 4 1 3 5 5 5 ,,P0:75;P1:195.0;P2:134.0;P3:118.0;,01:17
A1ICWR931J4062,localGlobalEx,5,2,1568956990265,0,Ending game,,P0:;P1:;P2:;P3:,5 3 1 1 5 3 4 3 5 4 1 3 5 5 5 ,,P0:75;P1:195.0;P2:134.0;P3:118.0;,01:17
A1ICWR931J4062,localGlobalEx,1,3,1568956993167,0,Starting new game,1,P0:;P1:;P2:;P3:1;,4 3 3 3 3 3 3,2,P0:109;P1:190.0;P2:104.0;P3:123.0;,01:17

A1ICWR931J4062,localGlobalEx,1,3,1568957030573,0,Clear path,,P0:;P1:;P2:;P3:,4 5 3 3 1 5 1 3 5 3 4 3 3 1 1 ,,P0:75;P1:190.0;P2:104.0;P3:123.0;,02:24
A1ICWR931J4062,localGlobalEx,1,3,1568957031590,0,Added cell 2-5-true,,P0:;P1:;P2:;P3:,4 5 3 3 5 1 3 5 3 4 3 3 1 1 ,,P0:70;P1:190.0;P2:104.0;P3:123.0;,02:23
A1ICWR931J4062,localGlobalEx,1,3,1568957032183,0,Denied adding cell 3-5-false,,P0:;P1:;P2:;P3:,4 5 3 3 5 1 3 5 3 4 3 3 1 1 ,,P0:70;P1:190.0;P2:104.0;P3:123.0;,02:22
A1ICWR931J4062,localGlobalEx,1,3,1568957047152,0,Clear path,,P0:;P1:;P2:;P3:,4 5 3 3 1 5 1 3 5 3 4 3 3 1 1 ,,P0:75;P1:190.0;P2:104.0;P3:123.0;,02:08
A1ICWR931J4062,localGlobalEx,1,3,1568957076224,0,Motivation: None of the players had the chip I needed to reach my goal,,P0:;P1:;P2:;P3:,4 5 3 3 1 5 1 3 5 3 4 3 3 1 1 ,,P0:75;P1:190.0;P2:104.0;P3:123.0;,01:38
A1ICWR931J4062,localGlobalEx,1,3,1568957076225,0,Ending game,,P0:;P1:;P2:;P3:,4 5 3 3 1 5 1 3 5 3 4 3 3 1 1 ,,P0:75;P1:190.0;P2:104.0;P3:123.0;,01:38
A1ICWR931J4062,localGlobalEx,8,4,1568957078494,0,Starting new game,2 2,P0:;P1:;P2:;P3:2;2;,1 1 1 1 1 1 4 4,3 3 ,P0:108;P1:205.0;P2:175.0;P3:119.0;,01:38

A1ICWR931J4062,localGlobalEx,8,4,1568957094945,0,Clear path,,P0:;P1:;P2:;P3:,2 1 4 5 4 4 1 2 3 1 1 1 1 1 5 ,,P0:75;P1:205.0;P2:175.0;P3:119.0;,02:45
A1ICWR931J4062,localGlobalEx,8,4,1568957125493,0,Motivation: None of the players had the chips I needed to reach the goal,,P0:;P1:;P2:;P3:,2 1 4 5 4 4 1 2 3 1 1 1 1 1 5 ,,P0:75;P1:205.0;P2:175.0;P3:119.0;,02:15
A1ICWR931J4062,localGlobalEx,8,4,1568957125494,0,Ending game,,P0:;P1:;P2:;P3:,2 1 4 5 4 4 1 2 3 1 1 1 1 1 5 ,,P0:75;P1:205.0;P2:175.0;P3:119.0;,02:15
A1ICWR931J4062,localGlobalEx,6,5,1568957128180,0,Starting new game,2 1,P0:;P1:2;;P2:1;;P3:,4 4 4 4 5 5 5 5,3 2 ,P0:38;P1:139.0;P2:180.0;P3:165.0;,02:15

A1ICWR931J4062,localGlobalEx,6,5,1568957168056,0,Clear path,,P0:;P1:;P2:;P3:,2 5 5 4 5 1 5 4 4 3 4 4 4 5 4 ,,P0:75;P1:139.0;P2:180.0;P3:165.0;,02:22
A1ICWR931J4062,localGlobalEx,6,5,1568957169269,0,Added cell 4-6-true,,P0:;P1:;P2:;P3:,2 5 5 4 5 1 5 4 4 4 4 4 5 4 ,,P0:70;P1:139.0;P2:180.0;P3:165.0;,02:20
A1ICWR931J4062,localGlobalEx,6,5,1568957169842,0,Added cell 5-6-true,,P0:;P1:;P2:;P3:,2 5 5 5 1 5 4 4 4 4 4 5 4 ,,P0:65;P1:139.0;P2:180.0;P3:165.0;,02:20
A1ICWR931J4062,localGlobalEx,6,5,1568957170384,0,Added cell 6-6-true,,P0:;P1:;P2:;P3:,5 5 5 1 5 4 4 4 4 4 5 4 ,,P0:60;P1:139.0;P2:180.0;P3:165.0;,02:19
A1ICWR931J4062,localGlobalEx,6,5,1568957171556,0,Added cell 6-7-true,,P0:;P1:;P2:;P3:,5 5 5 1 5 4 4 4 4 5 4 ,,P0:55;P1:139.0;P2:180.0;P3:165.0;,02:18
A1ICWR931J4062,localGlobalEx,6,5,1568957172664,0,Added cell 7-7-true,,P0:;P1:;P2:;P3:,5 5 5 5 4 4 4 4 5 4 ,,P0:50;P1:139.0;P2:180.0;P3:165.0;,02:17
A1ICWR931J4062,localGlobalEx,6,5,1568957174389,0,Added cell 7-8-true,,P0:;P1:;P2:;P3:,5 5 5 5 4 4 4 5 4 ,,P0:45;P1:139.0;P2:180.0;P3:165.0;,02:15
A1ICWR931J4062,localGlobalEx,6,5,1568957175714,0,Denied adding cell 8-8-false,,P0:;P1:;P2:;P3:,5 5 5 5 4 4 4 5 4 ,,P0:45;P1:139.0;P2:180.0;P3:165.0;,02:14
A1ICWR931J4062,localGlobalEx,6,5,1568957183569,0,Restore suggested path,2 1,P0:;P1:2;;P2:1;;P3:,4 4 4 4 5 5 5 5,3 2 ,P0:38;P1:139.0;P2:180.0;P3:165.0;,02:06
A1ICWR931J4062,localGlobalEx,6,5,1568957184545,0,Clear path,,P0:;P1:;P2:;P3:,2 5 5 4 5 1 5 4 4 3 4 4 4 5 4 ,,P0:75;P1:139.0;P2:180.0;P3:165.0;,02:05
A1ICWR931J4062,localGlobalEx,6,5,1568957220294,0,Motivation: Everyone was using the chips I needed to reach the target,,P0:;P1:;P2:;P3:,2 5 5 4 5 1 5 4 4 3 4 4 4 5 4 ,,P0:75;P1:139.0;P2:180.0;P3:165.0;,01:29
A1ICWR931J4062,localGlobalEx,6,5,1568957220294,0,Ending game,,P0:;P1:;P2:;P3:,2 5 5 4 5 1 5 4 4 3 4 4 4 5 4 ,,P0:75;P1:139.0;P2:180.0;P3:165.0;,01:29
A1ICWR931J4062,localGlobalEx,9,6,1568957223038,0,Starting new game,,P0:;P1:;P2:;P3:,2 3 3 4,,P0:170;P1:124.0;P2:170.0;P3:175.0;,01:29

A1ICWR931J4062,localGlobalEx,9,6,1568957254646,0,Clear path,,P0:;P1:;P2:;P3:,5 4 3 3 5 4 5 4 3 2 2 1 5 2 2 ,,P0:75;P1:124.0;P2:170.0;P3:175.0;,02:30
A1ICWR931J4062,localGlobalEx,9,6,1568957256015,0,Added cell 8-8-true,,P0:;P1:;P2:;P3:,4 3 3 5 4 5 4 3 2 2 1 5 2 2 ,,P0:70;P1:124.0;P2:170.0;P3:175.0;,02:29
A1ICWR931J4062,localGlobalEx,9,6,1568957256541,0,Added cell 8-7-true,,P0:;P1:;P2:;P3:,3 3 5 4 5 4 3 2 2 1 5 2 2 ,,P0:65;P1:124.0;P2:170.0;P3:175.0;,02:28
A1ICWR931J4062,localGlobalEx,9,6,1568957257109,0,Added cell 8-6-true,,P0:;P1:;P2:;P3:,3 3 5 4 5 4 3 2 1 5 2 2 ,,P0:60;P1:124.0;P2:170.0;P3:175.0;,02:27
A1ICWR931J4062,localGlobalEx,9,6,1568957257773,0,Added cell 8-5-true,,P0:;P1:;P2:;P3:,3 3 5 4 5 4 3 1 5 2 2 ,,P0:55;P1:124.0;P2:170.0;P3:175.0;,02:27
A1ICWR931J4062,localGlobalEx,9,6,1568957258661,0,Added cell 7-5-true,,P0:;P1:;P2:;P3:,3 3 4 5 4 3 1 5 2 2 ,,P0:50;P1:124.0;P2:170.0;P3:175.0;,02:26
A1ICWR931J4062,localGlobalEx,9,6,1568957259216,0,Added cell 7-4-true,,P0:;P1:;P2:;P3:,3 3 4 5 4 3 5 2 2 ,,P0:45;P1:124.0;P2:170.0;P3:175.0;,02:25
A1ICWR931J4062,localGlobalEx,9,6,1568957259906,0,Added cell 7-3-true,,P0:;P1:;P2:;P3:,3 3 4 4 3 5 2 2 ,,P0:40;P1:124.0;P2:170.0;P3:175.0;,02:25
A1ICWR931J4062,localGlobalEx,9,6,1568957260436,0,Added cell 7-2-true,,P0:;P1:;P2:;P3:,3 3 4 4 3 2 2 ,,P0:35;P1:124.0;P2:170.0;P3:175.0;,02:24
A1ICWR931J4062,localGlobalEx,9,6,1568957261113,0,Added cell 7-1-true,,P0:;P1:;P2:;P3:,3 4 4 3 2 2 ,,P0:30;P1:124.0;P2:170.0;P3:175.0;,02:23
A1ICWR931J4062,localGlobalEx,9,6,1568957261630,0,Added cell 7-0-true,,P0:;P1:;P2:;P3:,3 4 3 2 2 ,,P0:25;P1:124.0;P2:170.0;P3:175.0;,02:23
A1ICWR931J4062,localGlobalEx,9,6,1568957262233,0,Added cell 6-0-true,,P0:;P1:;P2:;P3:,3 4 3 2 ,,P0:170;P1:124.0;P2:170.0;P3:175.0;,02:22
A1ICWR931J4062,localGlobalEx,9,6,1568957280126,0,Motivation: The best path for the highest score,,P0:;P1:;P2:;P3:,3 4 3 2 ,,P0:170;P1:124.0;P2:170.0;P3:175.0;,02:04
A1ICWR931J4062,localGlobalEx,9,6,1568957280127,0,Ending game,,P0:;P1:;P2:;P3:,3 4 3 2 ,,P0:170;P1:124.0;P2:170.0;P3:175.0;,02:04
A1ICWR931J4062,localGlobalEx,2,7,1568957283132,0,Starting new game,4,P0:;P1:4;;P2:;P3:,1 1 1 4 4 2 2 2 2,5,P0:119;P1:190.0;P2:195.0;P3:200.0;,02:04

A1ICWR931J4062,localGlobalEx,2,7,1568957316559,0,Clear path,,P0:;P1:;P2:;P3:,4 2 2 5 1 3 2 1 2 1 4 4 1 2 1 ,,P0:75;P1:190.0;P2:195.0;P3:200.0;,02:28
A1ICWR931J4062,localGlobalEx,2,7,1568957346925,0,Motivation: I did nothing since I couldn't be able to request a chip,,P0:;P1:;P2:;P3:,4 2 2 5 1 3 2 1 2 1 4 4 1 2 1 ,,P0:75;P1:190.0;P2:195.0;P3:200.0;,01:58
A1ICWR931J4062,localGlobalEx,2,7,1568957346927,0,Ending game,,P0:;P1:;P2:;P3:,4 2 2 5 1 3 2 1 2 1 4 4 1 2 1 ,,P0:75;P1:190.0;P2:195.0;P3:200.0;,01:58
A1ICWR931J4062,localGlobalEx,10,8,1568957349308,0,Starting new game,2 2,P0:;P1:2;;P2:2;;P3:,1 2 5 5 5 5,3 3 ,P0:28;P1:205.0;P2:160.0;P3:43.0;,01:58

A1ICWR931J4062,localGlobalEx,10,8,1568957394006,0,Clear path,,P0:;P1:;P2:;P3:,1 5 2 5 4 1 2 2 2 1 4 5 1 5 5 ,,P0:75;P1:205.0;P2:160.0;P3:43.0;,02:17
A1ICWR931J4062,localGlobalEx,10,8,1568957414117,0,Motivation: The number of chips to borrow will cost me more,,P0:;P1:;P2:;P3:,1 5 2 5 4 1 2 2 2 1 4 5 1 5 5 ,,P0:75;P1:205.0;P2:160.0;P3:43.0;,01:57
A1ICWR931J4062,localGlobalEx,10,8,1568957414118,0,Ending game,,P0:;P1:;P2:;P3:,1 5 2 5 4 1 2 2 2 1 4 5 1 5 5 ,,P0:75;P1:205.0;P2:160.0;P3:43.0;,01:57
A1ICWR931J4062,localGlobalEx,3,9,1568957416278,0,Starting new game,4 4,P0:;P1:;P2:4;;P3:4;,1 1 1 1 3 4 2 2 2,5 5 ,P0:43;P1:170.0;P2:190.0;P3:118.0;,01:57

A1ICWR931J4062,localGlobalEx,3,9,1568957427165,0,Clear path,,P0:;P1:;P2:;P3:,3 1 2 3 4 3 2 1 2 4 1 1 3 4 4 ,,P0:75;P1:170.0;P2:190.0;P3:118.0;,02:51
A1ICWR931J4062,localGlobalEx,3,9,1568957443133,0,Motivation: I will rather do nothing to maximize my points,,P0:;P1:;P2:;P3:,3 1 2 3 4 3 2 1 2 4 1 1 3 4 4 ,,P0:75;P1:170.0;P2:190.0;P3:118.0;,02:35
A1ICWR931J4062,localGlobalEx,3,9,1568957443133,0,Ending game,,P0:;P1:;P2:;P3:,3 1 2 3 4 3 2 1 2 4 1 1 3 4 4 ,,P0:75;P1:170.0;P2:190.0;P3:118.0;,02:35

