A1PLQGQ95NICAF,InstructionQuestions,1,1,1,1,1,1,1,1,1,1

A1PLQGQ95NICAF,2,6,0,1568955274806,0,Read score file,,P0:;P1:;P2:;P3:;P4:;P5:,-,,,undefined:undefined
A1PLQGQ95NICAF,2,6,0,1568955471326,0,Read new file,,P0:;P1:;P2:;P3:;P4:;P5:,-,,,undefined:undefined
A1PLQGQ95NICAF,2,6,0,1568955471599,0,Starting new game,2,P0:;P1:2;;P2:,2 2 2 2 2 2,3,P0:104;P1:99.0;P2:195.0;,undefined:undefined
A1PLQGQ95NICAF,2,6,0,1568955515920,0,ChipRequest;From;1;Colour;4;ReqNrOfChips;1;Success;false,2,P0:;P1:2;;P2:,2 2 2 2 2 2,3,P0:104;P1:99.0;P2:195.0;,03:17
A1PLQGQ95NICAF,2,6,0,1568955542964,0,ChipRequest;From;1;Colour;3;ReqNrOfChips;2;Success;true,2,P0:;P1:2;;P2:,2 2 2 2 2 2,3,P0:104;P1:99.0;P2:195.0;,02:51
A1PLQGQ95NICAF,2,6,0,1568955545030,0,ChipRequest min:;From;1;Colour;2;ReqNrOfChips;1;Success;1,2 2,P0:;P1:2;2;;P2:,2 2 2 2 2 2 ,3 ,P0:103;P1:99.0;P2:195.0;,02:48
A1PLQGQ95NICAF,2,6,0,1568955591446,0,Motivation: I need a white tile to get to the finish,2,P0:;P1:2;;P2:,2 2 2 2 2 2 ,3 ,P0:104;P1:99.0;P2:195.0;,02:02
A1PLQGQ95NICAF,2,6,0,1568955591449,0,Ending game,2,P0:;P1:2;;P2:,2 2 2 2 2 2 ,3 ,P0:104;P1:99.0;P2:195.0;,02:02
A1PLQGQ95NICAF,2,6,0,1568955591471,0,wrong answer told to try again,2,P0:;P1:2;;P2:,2 2 2 2 2 2 ,3 ,P0:104;P1:99.0;P2:195.0;,02:02
A1PLQGQ95NICAF,2,6,0,1568955641193,0,Motivation: I choose to do nothing,2,P0:;P1:2;;P2:,2 2 2 2 2 2 ,3 ,P0:104;P1:99.0;P2:195.0;,01:13
A1PLQGQ95NICAF,2,6,0,1568955641195,0,Ending game,2,P0:;P1:2;;P2:,2 2 2 2 2 2 ,3 ,P0:104;P1:99.0;P2:195.0;,01:13
A1PLQGQ95NICAF,2,6,0,1568955641220,0,wrong answer told to try again,2,P0:;P1:2;;P2:,2 2 2 2 2 2 ,3 ,P0:104;P1:99.0;P2:195.0;,01:13
A1PLQGQ95NICAF,2,6,0,1568955658371,0,ChipRequest min:;From;1;Colour;2;ReqNrOfChips;0;Success;0,2,P0:;P1:2;;P2:,2 2 2 2 2 2 ,3 ,P0:104;P1:99.0;P2:195.0;,00:56
A1PLQGQ95NICAF,2,6,0,1568955667186,0,Removed cell 0-2-false,2,P0:;P1:2;;P2:,2 2 2 2 2 2 3 ,3 ,P0:-41;P1:99.0;P2:195.0;,00:47
A1PLQGQ95NICAF,2,6,0,1568955670206,0,ChipRequest min:;From;1;Colour;2;ReqNrOfChips;0;Success;1,2,P0:;P1:2;;P2:,2 2 2 2 2 2 ,,P0:-41;P1:99.0;P2:195.0;,00:44
A1PLQGQ95NICAF,2,6,0,1568955680291,0,Motivation: I choose to do nothing,,P0:;P1:;P2:,2 2 2 2 2 2 ,,P0:30;P1:99.0;P2:195.0;,00:34
A1PLQGQ95NICAF,2,6,0,1568955680293,0,Ending game,,P0:;P1:;P2:,2 2 2 2 2 2 ,,P0:30;P1:99.0;P2:195.0;,00:34
A1PLQGQ95NICAF,2,6,0,1568955680311,0,wrong answer told to try again,,P0:;P1:;P2:,2 2 2 2 2 2 ,,P0:30;P1:99.0;P2:195.0;,00:34
A1PLQGQ95NICAF,2,6,0,1568955689406,0,Removed cell 2-2-true,,P0:;P1:;P2:,2 2 2 2 2 2 2 ,,P0:35;P1:99.0;P2:195.0;,00:25
A1PLQGQ95NICAF,2,6,0,1568955690546,0,Removed cell 1-2-false,,P0:;P1:;P2:,2 2 2 2 2 2 2 4 ,,P0:40;P1:99.0;P2:195.0;,00:24
A1PLQGQ95NICAF,2,6,0,1568955691682,0,Removed cell 2-3-true,,P0:;P1:;P2:,2 2 2 2 2 2 2 4 2 ,,P0:45;P1:99.0;P2:195.0;,00:23
A1PLQGQ95NICAF,2,6,0,1568955703446,0,Motivation: I choose to do nothing,,P0:;P1:;P2:,2 2 2 2 2 2 2 4 2 ,,P0:45;P1:99.0;P2:195.0;,00:11
A1PLQGQ95NICAF,2,6,0,1568955703447,0,Ending game,,P0:;P1:;P2:,2 2 2 2 2 2 2 4 2 ,,P0:45;P1:99.0;P2:195.0;,00:11
A1PLQGQ95NICAF,2,6,0,1568955703466,0,wrong answer told to try again,,P0:;P1:;P2:,2 2 2 2 2 2 2 4 2 ,,P0:45;P1:99.0;P2:195.0;,00:11
A1PLQGQ95NICAF,2,6,0,1568955713921,0,Time is up!,,P0:;P1:;P2:,2 2 2 2 2 2 2 4 2 ,,P0:45;P1:99.0;P2:195.0;,00:00
A1PLQGQ95NICAF,2,6,0,1568955713923,0,Ending game,,P0:;P1:;P2:,2 2 2 2 2 2 2 4 2 ,,P0:45;P1:99.0;P2:195.0;,00:00
A1PLQGQ95NICAF,2,6,0,1568955713939,0,timed out,,P0:;P1:;P2:,2 2 2 2 2 2 2 4 2 ,,P0:45;P1:99.0;P2:195.0;,00:00
A1PLQGQ95NICAF,2,4,1,1568955718431,0,Starting new game,1,P0:;P1:;P2:1;,4 4 4 1 1 1 3 3,2,P0:114;P1:190.0;P2:185.0;,00:00

A1PLQGQ95NICAF,2,4,1,1568955744295,0,Changed player,1,P0:;P1:;P2:1;,4 4 4 1 1 1 3 3,2,P0:114;P1:190.0;P2:185.0;,03:36
A1PLQGQ95NICAF,2,4,1,1568955748727,0,Removed cell 3-2-false,1,P0:;P1:;P2:1;,4 4 4 1 1 1 3 3 2 ,2,P0:-31;P1:190.0;P2:185.0;,03:31
A1PLQGQ95NICAF,2,4,1,1568955750325,0,Added cell 3-2-false,1,P0:;P1:;P2:1;,4 4 4 1 1 1 3 3 ,2,P0:114;P1:190.0;P2:185.0;,03:30
A1PLQGQ95NICAF,2,4,1,1568955751740,0,Removed cell 3-2-false,1,P0:;P1:;P2:1;,4 4 4 1 1 1 3 3 2 ,2,P0:-31;P1:190.0;P2:185.0;,03:28
A1PLQGQ95NICAF,2,4,1,1568955753723,0,Added cell 3-2-false,1,P0:;P1:;P2:1;,4 4 4 1 1 1 3 3 ,2,P0:114;P1:190.0;P2:185.0;,03:26
A1PLQGQ95NICAF,2,4,1,1568955754888,0,Removed cell 3-2-false,1,P0:;P1:;P2:1;,4 4 4 1 1 1 3 3 2 ,2,P0:-31;P1:190.0;P2:185.0;,03:25
A1PLQGQ95NICAF,2,4,1,1568955756297,0,Added cell 3-2-false,1,P0:;P1:;P2:1;,4 4 4 1 1 1 3 3 ,2,P0:114;P1:190.0;P2:185.0;,03:24
A1PLQGQ95NICAF,2,4,1,1568955757548,0,Removed cell 3-2-false,1,P0:;P1:;P2:1;,4 4 4 1 1 1 3 3 2 ,2,P0:-31;P1:190.0;P2:185.0;,03:23
A1PLQGQ95NICAF,2,4,1,1568955760016,0,Added cell 3-2-false,1,P0:;P1:;P2:1;,4 4 4 1 1 1 3 3 ,2,P0:114;P1:190.0;P2:185.0;,03:20
A1PLQGQ95NICAF,2,4,1,1568955785465,0,Motivation: I need this chip to finish,1,P0:;P1:;P2:1;,4 4 4 1 1 1 3 3 ,2,P0:114;P1:190.0;P2:185.0;,02:55
A1PLQGQ95NICAF,2,4,1,1568955785465,0,Ending game,1,P0:;P1:;P2:1;,4 4 4 1 1 1 3 3 ,2,P0:114;P1:190.0;P2:185.0;,02:55
A1PLQGQ95NICAF,2,2,2,1568955788053,0,Starting new game,2,P0:;P1:;P2:2;,2 2 2 2 2 1 1,3,P0:109;P1:119.0;P2:114.0;,02:55

A1PLQGQ95NICAF,2,2,2,1568955817523,0,Motivation: I need a white chip to hit the finish,2,P0:;P1:;P2:2;,2 2 2 2 2 1 1,3,P0:109;P1:119.0;P2:114.0;,03:32
A1PLQGQ95NICAF,2,2,2,1568955817524,0,Ending game,2,P0:;P1:;P2:2;,2 2 2 2 2 1 1,3,P0:109;P1:119.0;P2:114.0;,03:32
A1PLQGQ95NICAF,2,2,2,1568955817547,0,wrong answer told to try again,2,P0:;P1:;P2:2;,2 2 2 2 2 1 1,3,P0:109;P1:119.0;P2:114.0;,03:32
A1PLQGQ95NICAF,2,2,2,1568955830620,0,Removed cell 2-3-false,2,P0:;P1:;P2:2;,2 2 2 2 2 1 1 4 ,3,P0:-36;P1:119.0;P2:114.0;,03:19
A1PLQGQ95NICAF,2,2,2,1568955831564,0,Removed cell 1-3-false,2,P0:;P1:;P2:2;,2 2 2 2 2 1 1 4 3 ,3,P0:-31;P1:119.0;P2:114.0;,03:18
A1PLQGQ95NICAF,2,2,2,1568955832528,0,Removed cell 1-2-true,2,P0:;P1:;P2:2;,2 2 2 2 2 1 1 4 3 4 ,3,P0:-26;P1:119.0;P2:114.0;,03:17
A1PLQGQ95NICAF,2,2,2,1568955844185,0,Added cell 3-2-true,2,P0:;P1:;P2:2;,2 2 2 2 2 1 1 4 4 ,3,P0:-31;P1:119.0;P2:114.0;,03:06
A1PLQGQ95NICAF,2,2,2,1568955849323,0,Denied adding cell 2-2-false,2,P0:;P1:;P2:2;,2 2 2 2 2 1 1 4 4 ,3,P0:-31;P1:119.0;P2:114.0;,03:01
A1PLQGQ95NICAF,2,2,2,1568955853880,0,Removed cell 3-2-false,2,P0:;P1:;P2:2;,2 2 2 2 2 1 1 4 4 3 ,3,P0:-26;P1:119.0;P2:114.0;,02:56
A1PLQGQ95NICAF,2,2,2,1568955855126,0,Added cell 2-3-true,2,P0:;P1:;P2:2;,2 2 2 2 2 1 1 4 3 ,3,P0:-31;P1:119.0;P2:114.0;,02:55
A1PLQGQ95NICAF,2,2,2,1568955856644,0,Added cell 1-3-true,2,P0:;P1:;P2:2;,2 2 2 2 2 1 1 4 ,3,P0:-36;P1:119.0;P2:114.0;,02:53
A1PLQGQ95NICAF,2,2,2,1568955857797,0,Added cell 1-2-true,2,P0:;P1:;P2:2;,2 2 2 2 2 1 1 ,3,P0:109;P1:119.0;P2:114.0;,02:52
A1PLQGQ95NICAF,2,2,2,1568955859123,0,Removed cell 1-1-false,2,P0:;P1:;P2:2;,2 2 2 2 2 1 1 3 ,3,P0:-36;P1:119.0;P2:114.0;,02:51
A1PLQGQ95NICAF,2,2,2,1568955861061,0,Added cell 1-1-false,2,P0:;P1:;P2:2;,2 2 2 2 2 1 1 ,3,P0:109;P1:119.0;P2:114.0;,02:49
A1PLQGQ95NICAF,2,2,2,1568955862625,0,Removed cell 1-1-false,2,P0:;P1:;P2:2;,2 2 2 2 2 1 1 3 ,3,P0:-36;P1:119.0;P2:114.0;,02:47
A1PLQGQ95NICAF,2,2,2,1568955877799,0,Added cell 1-1-false,2,P0:;P1:;P2:2;,2 2 2 2 2 1 1 ,3,P0:109;P1:119.0;P2:114.0;,02:32
A1PLQGQ95NICAF,2,2,2,1568955880382,0,Removed cell 1-2-false,2,P0:;P1:;P2:2;,2 2 2 2 2 1 1 4 ,3,P0:-36;P1:119.0;P2:114.0;,02:30
A1PLQGQ95NICAF,2,2,2,1568955881486,0,Added cell 1-2-true,2,P0:;P1:;P2:2;,2 2 2 2 2 1 1 ,3,P0:109;P1:119.0;P2:114.0;,02:29
A1PLQGQ95NICAF,2,2,2,1568955890674,0,Motivation: I choose to go as far as I can,2,P0:;P1:;P2:2;,2 2 2 2 2 1 1 ,3,P0:109;P1:119.0;P2:114.0;,02:20
A1PLQGQ95NICAF,2,2,2,1568955890676,0,Ending game,2,P0:;P1:;P2:2;,2 2 2 2 2 1 1 ,3,P0:109;P1:119.0;P2:114.0;,02:20
A1PLQGQ95NICAF,2,2,2,1568955890692,0,wrong answer told to try again,2,P0:;P1:;P2:2;,2 2 2 2 2 1 1 ,3,P0:109;P1:119.0;P2:114.0;,02:20
A1PLQGQ95NICAF,2,2,2,1568955906305,0,ChipRequest min:;From;2;Colour;2;ReqNrOfChips;0;Success;0,2,P0:;P1:;P2:2;,2 2 2 2 2 1 1 ,3 ,P0:109;P1:119.0;P2:114.0;,02:04
A1PLQGQ95NICAF,2,2,2,1568955910725,0,ChipRequest;From;2;Colour;3;ReqNrOfChips;2;Success;false,2,P0:;P1:;P2:2;,2 2 2 2 2 1 1 ,3 ,P0:109;P1:119.0;P2:114.0;,02:00
A1PLQGQ95NICAF,2,2,2,1568955915901,1,Changed player,2,P0:;P1:;P2:2;,2 1 1 4 4 4 4 4 4,3,P0:109;P1:119.0;P2:114.0;,01:54
A1PLQGQ95NICAF,2,2,2,1568955917783,1,Changed player,2,P0:;P1:;P2:2;,2 1 1 4 4 4 4 4 4,3,P0:109;P1:119.0;P2:114.0;,01:53
A1PLQGQ95NICAF,2,2,2,1568955919041,1,Changed player,2,P0:;P1:;P2:2;,2 1 1 4 4 4 4 4 4,3,P0:109;P1:119.0;P2:114.0;,01:51
A1PLQGQ95NICAF,2,2,2,1568955920109,0,Changed player,2,P0:;P1:;P2:2;,2 2 2 2 2 1 1 ,3 ,P0:109;P1:119.0;P2:114.0;,01:50
A1PLQGQ95NICAF,2,2,2,1568955922214,1,Changed player,2,P0:;P1:;P2:2;,2 1 1 4 4 4 4 4 4,3,P0:109;P1:119.0;P2:114.0;,01:48
A1PLQGQ95NICAF,2,2,2,1568955923912,0,Changed player,2,P0:;P1:;P2:2;,2 2 2 2 2 1 1 ,3 ,P0:109;P1:119.0;P2:114.0;,01:47
A1PLQGQ95NICAF,2,2,2,1568955925249,2,Changed player,2,P0:;P1:0;;P2:,3 2 2 2 4 4 4 4,1,P0:109;P1:119.0;P2:114.0;,01:45
A1PLQGQ95NICAF,2,2,2,1568955927637,1,Changed player,2,P0:;P1:;P2:2;,2 1 1 4 4 4 4 4 4,3,P0:109;P1:119.0;P2:114.0;,01:43
A1PLQGQ95NICAF,2,2,2,1568955929680,0,Changed player,2,P0:;P1:;P2:2;,2 2 2 2 2 1 1 ,3 ,P0:109;P1:119.0;P2:114.0;,01:41
A1PLQGQ95NICAF,2,2,2,1568955932337,0,Removed cell 2-3-false,2,P0:;P1:;P2:2;,2 2 2 2 2 1 1 4 ,3 ,P0:-36;P1:119.0;P2:114.0;,01:38
A1PLQGQ95NICAF,2,2,2,1568955933313,0,Removed cell 1-3-false,2,P0:;P1:;P2:2;,2 2 2 2 2 1 1 4 3 ,3 ,P0:-31;P1:119.0;P2:114.0;,01:37
A1PLQGQ95NICAF,2,2,2,1568955934510,0,Removed cell 1-2-true,2,P0:;P1:;P2:2;,2 2 2 2 2 1 1 4 3 4 ,3 ,P0:-26;P1:119.0;P2:114.0;,01:36
A1PLQGQ95NICAF,2,2,2,1568955935992,0,Added cell 1-2-true,2,P0:;P1:;P2:2;,2 2 2 2 2 1 1 3 4 ,3 ,P0:-31;P1:119.0;P2:114.0;,01:34
A1PLQGQ95NICAF,2,2,2,1568955936935,0,Added cell 1-3-true,2,P0:;P1:;P2:2;,2 2 2 2 2 1 1 4 ,3 ,P0:-36;P1:119.0;P2:114.0;,01:34
A1PLQGQ95NICAF,2,2,2,1568955938014,0,Added cell 2-3-true,2,P0:;P1:;P2:2;,2 2 2 2 2 1 1 ,3 ,P0:109;P1:119.0;P2:114.0;,01:32
A1PLQGQ95NICAF,2,2,2,1568955955861,0,Restore suggested path,2,P0:;P1:;P2:2;,2 2 2 2 2 1 1,3,P0:109;P1:119.0;P2:114.0;,01:15
A1PLQGQ95NICAF,2,2,2,1568955957235,0,Restore suggested path,2,P0:;P1:;P2:2;,2 2 2 2 2 1 1,3,P0:109;P1:119.0;P2:114.0;,01:13
A1PLQGQ95NICAF,2,2,2,1568955958128,0,Restore suggested path,2,P0:;P1:;P2:2;,2 2 2 2 2 1 1,3,P0:109;P1:119.0;P2:114.0;,01:12
A1PLQGQ95NICAF,2,2,2,1568955980590,0,Motivation: I need a white to finish,2,P0:;P1:;P2:2;,2 2 2 2 2 1 1,3,P0:109;P1:119.0;P2:114.0;,00:50
A1PLQGQ95NICAF,2,2,2,1568955980591,0,Ending game,2,P0:;P1:;P2:2;,2 2 2 2 2 1 1,3,P0:109;P1:119.0;P2:114.0;,00:50
A1PLQGQ95NICAF,2,2,2,1568955980609,0,wrong answer told to try again,2,P0:;P1:;P2:2;,2 2 2 2 2 1 1,3,P0:109;P1:119.0;P2:114.0;,00:50
A1PLQGQ95NICAF,2,2,2,1568955991360,0,Tried to add own cell 3-3,2,P0:;P1:;P2:2;,2 2 2 2 2 1 1,3,P0:109;P1:119.0;P2:114.0;,00:39
A1PLQGQ95NICAF,2,2,2,1568955997064,0,Removed cell 2-3-false,2,P0:;P1:;P2:2;,2 2 2 2 2 1 1 4 ,3,P0:-36;P1:119.0;P2:114.0;,00:34
A1PLQGQ95NICAF,2,2,2,1568955998140,0,Added cell 2-3-true,2,P0:;P1:;P2:2;,2 2 2 2 2 1 1 ,3,P0:109;P1:119.0;P2:114.0;,00:33
A1PLQGQ95NICAF,2,2,2,1568955999306,0,Removed cell 1-2-false,2,P0:;P1:;P2:2;,2 2 2 2 2 1 1 4 ,3,P0:-36;P1:119.0;P2:114.0;,00:32
A1PLQGQ95NICAF,2,2,2,1568956000665,0,Removed cell 1-3-false,2,P0:;P1:;P2:2;,2 2 2 2 2 1 1 4 3 ,3,P0:-31;P1:119.0;P2:114.0;,00:30
A1PLQGQ95NICAF,2,2,2,1568956002488,0,Removed cell 2-3-true,2,P0:;P1:;P2:2;,2 2 2 2 2 1 1 4 3 4 ,3,P0:-26;P1:119.0;P2:114.0;,00:28
A1PLQGQ95NICAF,2,2,2,1568956004080,0,Tried to add own cell 3-3,2,P0:;P1:;P2:2;,2 2 2 2 2 1 1 4 3 4 ,3,P0:-26;P1:119.0;P2:114.0;,00:27
A1PLQGQ95NICAF,2,2,2,1568956007661,0,Added cell 3-2-true,2,P0:;P1:;P2:2;,2 2 2 2 2 1 1 4 4 ,3,P0:-31;P1:119.0;P2:114.0;,00:23
A1PLQGQ95NICAF,2,2,2,1568956008740,0,Added cell 3-1-true,2,P0:;P1:;P2:2;,2 2 2 2 2 1 4 4 ,3,P0:-36;P1:119.0;P2:114.0;,00:22
A1PLQGQ95NICAF,2,2,2,1568956010001,0,Denied adding cell 2-1-false,2,P0:;P1:;P2:2;,2 2 2 2 2 1 4 4 ,3,P0:-36;P1:119.0;P2:114.0;,00:21
A1PLQGQ95NICAF,2,2,2,1568956013464,0,Added cell 3-0-true,2,P0:;P1:;P2:2;,2 2 2 2 2 1 4 ,3,P0:-41;P1:119.0;P2:114.0;,00:17
A1PLQGQ95NICAF,2,2,2,1568956015077,0,Removed cell 3-0-true,2,P0:;P1:;P2:2;,2 2 2 2 2 1 4 4 ,3,P0:-36;P1:119.0;P2:114.0;,00:16
A1PLQGQ95NICAF,2,2,2,1568956016143,0,Removed cell 3-1-true,2,P0:;P1:;P2:2;,2 2 2 2 2 1 4 4 1 ,3,P0:-31;P1:119.0;P2:114.0;,00:15
A1PLQGQ95NICAF,2,2,2,1568956017235,0,Removed cell 3-2-false,2,P0:;P1:;P2:2;,2 2 2 2 2 1 4 4 1 3 ,3,P0:-26;P1:119.0;P2:114.0;,00:14
A1PLQGQ95NICAF,2,2,2,1568956018191,0,Added cell 2-3-true,2,P0:;P1:;P2:2;,2 2 2 2 2 1 4 1 3 ,3,P0:-31;P1:119.0;P2:114.0;,00:13
A1PLQGQ95NICAF,2,2,2,1568956019003,0,Added cell 1-3-true,2,P0:;P1:;P2:2;,2 2 2 2 2 1 4 1 ,3,P0:-36;P1:119.0;P2:114.0;,00:12
A1PLQGQ95NICAF,2,2,2,1568956019869,0,Added cell 1-2-true,2,P0:;P1:;P2:2;,2 2 2 2 2 1 1 ,3,P0:109;P1:119.0;P2:114.0;,00:11
A1PLQGQ95NICAF,2,2,2,1568956030516,0,Time is up!,2,P0:;P1:;P2:2;,2 2 2 2 2 1 1 ,3,P0:109;P1:119.0;P2:114.0;,00:00
A1PLQGQ95NICAF,2,2,2,1568956030516,0,Ending game,2,P0:;P1:;P2:2;,2 2 2 2 2 1 1 ,3,P0:109;P1:119.0;P2:114.0;,00:00
A1PLQGQ95NICAF,2,2,2,1568956030534,0,timed out,2,P0:;P1:;P2:2;,2 2 2 2 2 1 1 ,3,P0:109;P1:119.0;P2:114.0;,00:00
A1PLQGQ95NICAF,2,8,3,1568956033795,0,Starting new game,0 2,P0:;P1:0;;P2:2;,2 2 2 2 2 4 4 4 4 4,1 3 ,P0:48;P1:195.0;P2:180.0;,00:00

A1PLQGQ95NICAF,2,8,3,1568956045632,1,Changed player,0 2,P0:;P1:;P2:,1 1 4 4 2 2 2 2 2,,P0:48;P1:195.0;P2:180.0;,03:50
A1PLQGQ95NICAF,2,8,3,1568956046907,1,Changed player,0 2,P0:;P1:;P2:,1 1 4 4 2 2 2 2 2,,P0:48;P1:195.0;P2:180.0;,03:48
A1PLQGQ95NICAF,2,8,3,1568956048483,2,Changed player,0 2,P0:;P1:;P2:,2 2 2 2 2 3,,P0:48;P1:195.0;P2:180.0;,03:47
A1PLQGQ95NICAF,2,8,3,1568956050716,0,Changed player,0 2,P0:;P1:0;;P2:2;,2 2 2 2 2 4 4 4 4 4,1 3 ,P0:48;P1:195.0;P2:180.0;,03:45
A1PLQGQ95NICAF,2,8,3,1568956054956,2,Changed player,0 2,P0:;P1:;P2:,2 2 2 2 2 3,,P0:48;P1:195.0;P2:180.0;,03:40
A1PLQGQ95NICAF,2,8,3,1568956057503,1,Changed player,0 2,P0:;P1:;P2:,1 1 4 4 2 2 2 2 2,,P0:48;P1:195.0;P2:180.0;,03:38
A1PLQGQ95NICAF,2,8,3,1568956058752,0,Changed player,0 2,P0:;P1:0;;P2:2;,2 2 2 2 2 4 4 4 4 4,1 3 ,P0:48;P1:195.0;P2:180.0;,03:37
A1PLQGQ95NICAF,2,8,3,1568956060046,1,Changed player,0 2,P0:;P1:;P2:,1 1 4 4 2 2 2 2 2,,P0:48;P1:195.0;P2:180.0;,03:35
A1PLQGQ95NICAF,2,8,3,1568956062131,0,Changed player,0 2,P0:;P1:0;;P2:2;,2 2 2 2 2 4 4 4 4 4,1 3 ,P0:48;P1:195.0;P2:180.0;,03:33
A1PLQGQ95NICAF,2,8,3,1568956068476,0,Removed cell 2-1-false,0 2,P0:;P1:0;;P2:2;,2 2 2 2 2 4 4 4 4 4 1 ,1 3 ,P0:-97;P1:195.0;P2:180.0;,03:27
A1PLQGQ95NICAF,2,8,3,1568956069586,0,Removed cell 1-1-false,0 2,P0:;P1:0;;P2:2;,2 2 2 2 2 4 4 4 4 4 1 3 ,1 3 ,P0:-92;P1:195.0;P2:180.0;,03:26
A1PLQGQ95NICAF,2,8,3,1568956070848,0,Added cell 1-1-false,0 2,P0:;P1:0;;P2:2;,2 2 2 2 2 4 4 4 4 4 1 ,1 3 ,P0:-97;P1:195.0;P2:180.0;,03:25
A1PLQGQ95NICAF,2,8,3,1568956071858,0,Added cell 2-1-false,0 2,P0:;P1:0;;P2:2;,2 2 2 2 2 4 4 4 4 4 ,1 3 ,P0:48;P1:195.0;P2:180.0;,03:24
A1PLQGQ95NICAF,2,8,3,1568956091419,0,ChipRequest min:;From;2;Colour;2;ReqNrOfChips;0;Success;0,0 2,P0:;P1:0;;P2:2;,2 2 2 2 2 4 4 4 4 4 ,1 3  ,P0:48;P1:195.0;P2:180.0;,03:04
A1PLQGQ95NICAF,2,8,3,1568956106805,0,Motivation: I need both to finish,0 2,P0:;P1:0;;P2:2;,2 2 2 2 2 4 4 4 4 4 ,1 3  ,P0:48;P1:195.0;P2:180.0;,02:49
A1PLQGQ95NICAF,2,8,3,1568956106806,0,Ending game,0 2,P0:;P1:0;;P2:2;,2 2 2 2 2 4 4 4 4 4 ,1 3  ,P0:48;P1:195.0;P2:180.0;,02:49
A1PLQGQ95NICAF,2,8,3,1568956106825,0,wrong answer told to try again,0 2,P0:;P1:0;;P2:2;,2 2 2 2 2 4 4 4 4 4 ,1 3  ,P0:48;P1:195.0;P2:180.0;,02:49
A1PLQGQ95NICAF,2,8,3,1568956112954,0,Tried to add own cell 3-1,0 2,P0:;P1:0;;P2:2;,2 2 2 2 2 4 4 4 4 4 ,1 3  ,P0:48;P1:195.0;P2:180.0;,02:43
A1PLQGQ95NICAF,2,8,3,1568956121728,0,ChipRequest min:;From;1;Colour;0;ReqNrOfChips;0;Success;0,0 2,P0:;P1:0;;P2:2;,2 2 2 2 2 4 4 4 4 4 ,1 3  ,P0:48;P1:195.0;P2:180.0;,02:34
A1PLQGQ95NICAF,2,8,3,1568956124942,0,Removed cell 2-1-false,0 2,P0:;P1:0;;P2:2;,2 2 2 2 2 4 4 4 4 4 1 ,1 3  ,P0:-97;P1:195.0;P2:180.0;,02:31
A1PLQGQ95NICAF,2,8,3,1568956125957,0,Removed cell 1-1-false,0 2,P0:;P1:0;;P2:2;,2 2 2 2 2 4 4 4 4 4 1 3 ,1 3  ,P0:-92;P1:195.0;P2:180.0;,02:30
A1PLQGQ95NICAF,2,8,3,1568956128755,0,ChipRequest min:;From;1;Colour;0;ReqNrOfChips;0;Success;1,0 2,P0:;P1:0;;P2:2;,2 2 2 2 2 4 4 4 4 4 3 ,3  ,P0:-92;P1:195.0;P2:180.0;,02:27
A1PLQGQ95NICAF,2,8,3,1568956130536,0,ChipRequest min:;From;2;Colour;2;ReqNrOfChips;0;Success;1,2,P0:;P1:;P2:2;,2 2 2 2 2 4 4 4 4 4 , ,P0:-21;P1:195.0;P2:180.0;,02:25
A1PLQGQ95NICAF,2,8,3,1568956139900,0,Motivation: I choose to do nothing,,P0:;P1:;P2:,2 2 2 2 2 4 4 4 4 4 , ,P0:50;P1:195.0;P2:180.0;,02:16
A1PLQGQ95NICAF,2,8,3,1568956139901,0,Ending game,,P0:;P1:;P2:,2 2 2 2 2 4 4 4 4 4 , ,P0:50;P1:195.0;P2:180.0;,02:16
A1PLQGQ95NICAF,2,7,4,1568956143966,0,Starting new game,3,P0:;P1:3;;P2:,1 3 3 3 2 2 2,4,P0:109;P1:185.0;P2:109.0;,02:16

A1PLQGQ95NICAF,2,7,4,1568956148804,1,Changed player,3,P0:;P1:;P2:,2 2 2 3 3 4 4,,P0:109;P1:185.0;P2:109.0;,03:57
A1PLQGQ95NICAF,2,7,4,1568956150137,1,Changed player,3,P0:;P1:;P2:,2 2 2 3 3 4 4,,P0:109;P1:185.0;P2:109.0;,03:55
A1PLQGQ95NICAF,2,7,4,1568956151219,0,Changed player,3,P0:;P1:3;;P2:,1 3 3 3 2 2 2,4,P0:109;P1:185.0;P2:109.0;,03:54
A1PLQGQ95NICAF,2,7,4,1568956159110,0,ChipRequest min:;From;1;Colour;3;ReqNrOfChips;0;Success;0,3,P0:;P1:3;;P2:,1 3 3 3 2 2 2,4 ,P0:109;P1:185.0;P2:109.0;,03:46
A1PLQGQ95NICAF,2,7,4,1568956180294,0,Added cell 0-3-true,3,P0:;P1:3;;P2:,1 3 3 3 2 2 ,4 ,P0:104;P1:185.0;P2:109.0;,03:25
A1PLQGQ95NICAF,2,7,4,1568956181415,0,Added cell 0-4-true,3,P0:;P1:3;;P2:,1 3 3 2 2 ,4 ,P0:-51;P1:185.0;P2:109.0;,03:24
A1PLQGQ95NICAF,2,7,4,1568956182384,0,Denied adding cell 1-4-false,3,P0:;P1:3;;P2:,1 3 3 2 2 ,4 ,P0:-51;P1:185.0;P2:109.0;,03:23
A1PLQGQ95NICAF,2,7,4,1568956187324,0,Removed cell 2-2-true,3,P0:;P1:3;;P2:,1 3 3 2 2 3 ,4 ,P0:-46;P1:185.0;P2:109.0;,03:18
A1PLQGQ95NICAF,2,7,4,1568956188403,0,Removed cell 1-2-true,3,P0:;P1:3;;P2:,1 3 3 2 2 3 1 ,4 ,P0:-41;P1:185.0;P2:109.0;,03:17
A1PLQGQ95NICAF,2,7,4,1568956194978,0,Removed cell 2-3-false,3,P0:;P1:3;;P2:,1 3 3 2 2 3 1 4 ,4 ,P0:-36;P1:185.0;P2:109.0;,03:11
A1PLQGQ95NICAF,2,7,4,1568956196311,0,Added cell 1-4-false,3,P0:;P1:3;;P2:,1 3 3 2 2 3 1 ,4 ,P0:109;P1:185.0;P2:109.0;,03:10
A1PLQGQ95NICAF,2,7,4,1568956207179,0,Motivation: I need this one tile,3,P0:;P1:3;;P2:,1 3 3 2 2 3 1 ,4 ,P0:109;P1:185.0;P2:109.0;,02:59
A1PLQGQ95NICAF,2,7,4,1568956207181,0,Ending game,3,P0:;P1:3;;P2:,1 3 3 2 2 3 1 ,4 ,P0:109;P1:185.0;P2:109.0;,02:59
A1PLQGQ95NICAF,2,7,4,1568956207203,0,wrong answer told to try again,3,P0:;P1:3;;P2:,1 3 3 2 2 3 1 ,4 ,P0:109;P1:185.0;P2:109.0;,02:59
A1PLQGQ95NICAF,2,7,4,1568956224230,0,ChipRequest;From;2;Colour;4;ReqNrOfChips;1;Success;true,3,P0:;P1:3;;P2:,1 3 3 2 2 3 1 ,4 ,P0:109;P1:185.0;P2:109.0;,02:42
A1PLQGQ95NICAF,2,7,4,1568956225982,0,ChipRequest min:;From;1;Colour;3;ReqNrOfChips;0;Success;0,3 3,P0:;P1:3;;P2:3;,1 3 3 2 2 3 1 4 ,4 4 ,P0:38;P1:185.0;P2:109.0;,02:40
A1PLQGQ95NICAF,2,7,4,1568956230268,0,Removed cell 1-4-true,3 3,P0:;P1:3;;P2:3;,1 3 3 2 2 3 1 4 4 ,4 4 ,P0:-107;P1:185.0;P2:109.0;,02:36
A1PLQGQ95NICAF,2,7,4,1568956232744,0,ChipRequest min:;From;1;Colour;3;ReqNrOfChips;0;Success;1,3 3,P0:;P1:3;;P2:3;,1 3 3 2 2 3 1 4 ,4 ,P0:-107;P1:185.0;P2:109.0;,02:33
A1PLQGQ95NICAF,2,7,4,1568956234938,0,Added cell 1-3-false,3,P0:;P1:;P2:3;,1 3 3 2 2 3 1 ,4 ,P0:-41;P1:185.0;P2:109.0;,02:31
A1PLQGQ95NICAF,2,7,4,1568956239319,0,Removed cell 1-3-false,3,P0:;P1:;P2:3;,1 3 3 2 2 3 1 4 ,4 ,P0:-36;P1:185.0;P2:109.0;,02:27
A1PLQGQ95NICAF,2,7,4,1568956240673,0,Added cell 1-4-false,3,P0:;P1:;P2:3;,1 3 3 2 2 3 1 ,4 ,P0:109;P1:185.0;P2:109.0;,02:25
A1PLQGQ95NICAF,2,7,4,1568956242427,0,Denied adding cell 1-3-false,3,P0:;P1:;P2:3;,1 3 3 2 2 3 1 ,4 ,P0:109;P1:185.0;P2:109.0;,02:24
A1PLQGQ95NICAF,2,7,4,1568956247263,0,ChipRequest min:;From;2;Colour;3;ReqNrOfChips;0;Success;0,3,P0:;P1:;P2:3;,1 3 3 2 2 3 1 ,4 ,P0:109;P1:185.0;P2:109.0;,02:19
A1PLQGQ95NICAF,2,7,4,1568956250220,0,Removed cell 1-4-false,3,P0:;P1:;P2:3;,1 3 3 2 2 3 1 4 ,4 ,P0:-36;P1:185.0;P2:109.0;,02:16
A1PLQGQ95NICAF,2,7,4,1568956252373,0,Added cell 1-4-false,3,P0:;P1:;P2:3;,1 3 3 2 2 3 1 ,4 ,P0:109;P1:185.0;P2:109.0;,02:14
A1PLQGQ95NICAF,2,7,4,1568956257600,0,Removed cell 1-4-false,3,P0:;P1:;P2:3;,1 3 3 2 2 3 1 4 ,4 ,P0:-36;P1:185.0;P2:109.0;,02:09
A1PLQGQ95NICAF,2,7,4,1568956258516,0,Removed cell 2-4-true,3,P0:;P1:;P2:3;,1 3 3 2 2 3 1 4 1 ,4 ,P0:-31;P1:185.0;P2:109.0;,02:08
A1PLQGQ95NICAF,2,7,4,1568956259515,0,Removed cell 0-4-true,3,P0:;P1:;P2:3;,1 3 3 2 2 3 1 4 1 3 ,4 ,P0:-26;P1:185.0;P2:109.0;,02:07
A1PLQGQ95NICAF,2,7,4,1568956260372,0,Removed cell 0-3-true,3,P0:;P1:;P2:3;,1 3 3 2 2 3 1 4 1 3 2 ,4 ,P0:-21;P1:185.0;P2:109.0;,02:06
A1PLQGQ95NICAF,2,7,4,1568956262585,0,ChipRequest min:;From;2;Colour;3;ReqNrOfChips;0;Success;1,3,P0:;P1:;P2:3;,1 3 3 2 2 3 1 1 3 2 ,,P0:-21;P1:185.0;P2:109.0;,02:04
A1PLQGQ95NICAF,2,7,4,1568956279290,0,ChipRequest;From;1;Colour;4;ReqNrOfChips;1;Success;true,,P0:;P1:;P2:,1 3 3 2 2 3 1 1 3 2 ,,P0:50;P1:185.0;P2:109.0;,01:47
A1PLQGQ95NICAF,2,7,4,1568956294096,0,Motivation: I choose to ask player 1,3,P0:;P1:3;;P2:,1 3 3 2 2 3 1 1 3 2 4 , 4 ,P0:-21;P1:185.0;P2:109.0;,01:32
A1PLQGQ95NICAF,2,7,4,1568956294098,0,Ending game,3,P0:;P1:3;;P2:,1 3 3 2 2 3 1 1 3 2 4 , 4 ,P0:-21;P1:185.0;P2:109.0;,01:32
A1PLQGQ95NICAF,2,7,4,1568956294124,0,wrong answer told to try again,3,P0:;P1:3;;P2:,1 3 3 2 2 3 1 1 3 2 4 , 4 ,P0:-21;P1:185.0;P2:109.0;,01:32
A1PLQGQ95NICAF,2,7,4,1568956305337,0,Changed player,3,P0:;P1:3;;P2:,1 3 3 2 2 3 1 1 3 2 4 , 4 ,P0:-21;P1:185.0;P2:109.0;,01:21
A1PLQGQ95NICAF,2,7,4,1568956306688,1,Changed player,3,P0:;P1:;P2:,2 2 2 3 3 4 4,,P0:-21;P1:185.0;P2:109.0;,01:20
A1PLQGQ95NICAF,2,7,4,1568956308350,0,Changed player,3,P0:;P1:3;;P2:,1 3 3 2 2 3 1 1 3 2 4 , 4 ,P0:-21;P1:185.0;P2:109.0;,01:18
A1PLQGQ95NICAF,2,7,4,1568956312806,0,Added cell 0-3-true,3,P0:;P1:3;;P2:,1 3 3 2 3 1 1 3 2 4 , 4 ,P0:-26;P1:185.0;P2:109.0;,01:14
A1PLQGQ95NICAF,2,7,4,1568956313829,0,Added cell 0-4-true,3,P0:;P1:3;;P2:,1 3 2 3 1 1 3 2 4 , 4 ,P0:-31;P1:185.0;P2:109.0;,01:13
A1PLQGQ95NICAF,2,7,4,1568956314824,0,Added cell 1-4-false,3,P0:;P1:3;;P2:,1 3 2 3 1 1 3 2 , 4 ,P0:-36;P1:185.0;P2:109.0;,01:12
A1PLQGQ95NICAF,2,7,4,1568956316542,0,Added cell 2-4-true,3,P0:;P1:3;;P2:,3 2 3 1 1 3 2 , 4 ,P0:109;P1:185.0;P2:109.0;,01:10
A1PLQGQ95NICAF,2,7,4,1568956327952,0,Motivation: I ask player 1,3,P0:;P1:3;;P2:,3 2 3 1 1 3 2 , 4 ,P0:109;P1:185.0;P2:109.0;,00:59
A1PLQGQ95NICAF,2,7,4,1568956327954,0,Ending game,3,P0:;P1:3;;P2:,3 2 3 1 1 3 2 , 4 ,P0:109;P1:185.0;P2:109.0;,00:59
A1PLQGQ95NICAF,2,7,4,1568956327979,0,wrong answer told to try again,3,P0:;P1:3;;P2:,3 2 3 1 1 3 2 , 4 ,P0:109;P1:185.0;P2:109.0;,00:59
A1PLQGQ95NICAF,2,7,4,1568956336726,0,Clear path,,P0:;P1:;P2:,1 1 3 3 2 1 2 3 3 2,,P0:50;P1:185.0;P2:109.0;,00:50
A1PLQGQ95NICAF,2,7,4,1568956346740,0,Motivation: I choose nothing,,P0:;P1:;P2:,1 1 3 3 2 1 2 3 3 2,,P0:50;P1:185.0;P2:109.0;,00:40
A1PLQGQ95NICAF,2,7,4,1568956346741,0,Ending game,,P0:;P1:;P2:,1 1 3 3 2 1 2 3 3 2,,P0:50;P1:185.0;P2:109.0;,00:40
A1PLQGQ95NICAF,2,7,4,1568956346765,0,wrong answer told to try again,,P0:;P1:;P2:,1 1 3 3 2 1 2 3 3 2,,P0:50;P1:185.0;P2:109.0;,00:40
A1PLQGQ95NICAF,2,7,4,1568956363395,1,Changed player,,P0:;P1:;P2:,2 2 2 3 3 4 4,,P0:50;P1:185.0;P2:109.0;,00:23
A1PLQGQ95NICAF,2,7,4,1568956364954,2,Changed player,,P0:;P1:;P2:,3 3 3 3 2 2 4 4,1,P0:50;P1:185.0;P2:109.0;,00:22
A1PLQGQ95NICAF,2,7,4,1568956367047,1,Changed player,,P0:;P1:;P2:,2 2 2 3 3 4 4,,P0:50;P1:185.0;P2:109.0;,00:20
A1PLQGQ95NICAF,2,7,4,1568956370069,2,Changed player,,P0:;P1:;P2:,3 3 3 3 2 2 4 4,1,P0:50;P1:185.0;P2:109.0;,00:17
A1PLQGQ95NICAF,2,7,4,1568956373880,1,Changed player,,P0:;P1:;P2:,2 2 2 3 3 4 4,,P0:50;P1:185.0;P2:109.0;,00:13
A1PLQGQ95NICAF,2,7,4,1568956375658,0,Changed player,,P0:;P1:;P2:,1 1 3 3 2 1 2 3 3 2,,P0:50;P1:185.0;P2:109.0;,00:11
A1PLQGQ95NICAF,2,7,4,1568956377745,0,Denied adding cell 1-4-false,,P0:;P1:;P2:,1 1 3 3 2 1 2 3 3 2,,P0:50;P1:185.0;P2:109.0;,00:09
A1PLQGQ95NICAF,2,7,4,1568956382397,0,Added cell 1-2-true,,P0:;P1:;P2:,1 3 3 2 1 2 3 3 2 ,,P0:45;P1:185.0;P2:109.0;,00:05
A1PLQGQ95NICAF,2,7,4,1568956383736,0,Added cell 2-2-true,,P0:;P1:;P2:,1 3 2 1 2 3 3 2 ,,P0:40;P1:185.0;P2:109.0;,00:03
A1PLQGQ95NICAF,2,7,4,1568956384774,0,Denied adding cell 2-3-false,,P0:;P1:;P2:,1 3 2 1 2 3 3 2 ,,P0:40;P1:185.0;P2:109.0;,00:02
A1PLQGQ95NICAF,2,7,4,1568956386489,0,Time is up!,,P0:;P1:;P2:,1 3 2 1 2 3 3 2 ,,P0:40;P1:185.0;P2:109.0;,00:00
A1PLQGQ95NICAF,2,7,4,1568956386489,0,Ending game,,P0:;P1:;P2:,1 3 2 1 2 3 3 2 ,,P0:40;P1:185.0;P2:109.0;,00:00
A1PLQGQ95NICAF,2,7,4,1568956386514,0,timed out,,P0:;P1:;P2:,1 3 2 1 2 3 3 2 ,,P0:40;P1:185.0;P2:109.0;,00:00
A1PLQGQ95NICAF,2,5,5,1568956388240,0,Starting new game,,P0:;P1:;P2:,2 3 3 4,,P0:170;P1:190.0;P2:195.0;,00:00

A1PLQGQ95NICAF,2,5,5,1568956411314,0,Motivation: I choose my path,,P0:;P1:;P2:,2 3 3 4,,P0:170;P1:190.0;P2:195.0;,03:39
A1PLQGQ95NICAF,2,5,5,1568956411315,0,Ending game,,P0:;P1:;P2:,2 3 3 4,,P0:170;P1:190.0;P2:195.0;,03:39
A1PLQGQ95NICAF,2,1,6,1568956413476,0,Starting new game,3 0,P0:;P1:3;;P2:0;,3 3 3 3 3 3 3 3 3,1 4 ,P0:43;P1:180.0;P2:180.0;,03:39

A1PLQGQ95NICAF,2,1,6,1568956420169,0,Removed cell 2-0-false,3 0,P0:;P1:3;;P2:0;,3 3 3 3 3 3 3 3 3 4 ,1 4 ,P0:-102;P1:180.0;P2:180.0;,03:55
A1PLQGQ95NICAF,2,1,6,1568956421018,0,Added cell 2-0-false,3 0,P0:;P1:3;;P2:0;,3 3 3 3 3 3 3 3 3 ,1 4 ,P0:43;P1:180.0;P2:180.0;,03:54
A1PLQGQ95NICAF,2,1,6,1568956421907,0,Removed cell 2-0-false,3 0,P0:;P1:3;;P2:0;,3 3 3 3 3 3 3 3 3 4 ,1 4 ,P0:-102;P1:180.0;P2:180.0;,03:53
A1PLQGQ95NICAF,2,1,6,1568956423032,0,Removed cell 3-0-false,3 0,P0:;P1:3;;P2:0;,3 3 3 3 3 3 3 3 3 4 1 ,1 4 ,P0:-97;P1:180.0;P2:180.0;,03:52
A1PLQGQ95NICAF,2,1,6,1568956424881,0,Removed cell 1-0-true,3 0,P0:;P1:3;;P2:0;,3 3 3 3 3 3 3 3 3 4 1 3 ,1 4 ,P0:-92;P1:180.0;P2:180.0;,03:50
A1PLQGQ95NICAF,2,1,6,1568956425769,0,Added cell 1-0-true,3 0,P0:;P1:3;;P2:0;,3 3 3 3 3 3 3 3 4 1 3 ,1 4 ,P0:-97;P1:180.0;P2:180.0;,03:49
A1PLQGQ95NICAF,2,1,6,1568956426806,0,Added cell 2-0-false,3 0,P0:;P1:3;;P2:0;,3 3 3 3 3 3 3 3 1 3 ,1 4 ,P0:-102;P1:180.0;P2:180.0;,03:48
A1PLQGQ95NICAF,2,1,6,1568956427823,0,Added cell 3-0-false,3 0,P0:;P1:3;;P2:0;,3 3 3 3 3 3 3 3 3 ,1 4 ,P0:43;P1:180.0;P2:180.0;,03:47
A1PLQGQ95NICAF,2,1,6,1568956436867,0,Motivation: I ask for 1 tile,3 0,P0:;P1:3;;P2:0;,3 3 3 3 3 3 3 3 3 ,1 4 ,P0:43;P1:180.0;P2:180.0;,03:38
A1PLQGQ95NICAF,2,1,6,1568956436867,0,Ending game,3 0,P0:;P1:3;;P2:0;,3 3 3 3 3 3 3 3 3 ,1 4 ,P0:43;P1:180.0;P2:180.0;,03:38
A1PLQGQ95NICAF,2,1,6,1568956436898,0,wrong answer told to try again,3 0,P0:;P1:3;;P2:0;,3 3 3 3 3 3 3 3 3 ,1 4 ,P0:43;P1:180.0;P2:180.0;,03:38
A1PLQGQ95NICAF,2,1,6,1568956447596,1,Changed player,3 0,P0:;P1:;P2:,3 3 3 4 2 2,,P0:43;P1:180.0;P2:180.0;,03:28
A1PLQGQ95NICAF,2,1,6,1568956449056,1,Changed player,3 0,P0:;P1:;P2:,3 3 3 4 2 2,,P0:43;P1:180.0;P2:180.0;,03:26
A1PLQGQ95NICAF,2,1,6,1568956449982,1,Changed player,3 0,P0:;P1:;P2:,3 3 3 4 2 2,,P0:43;P1:180.0;P2:180.0;,03:25
A1PLQGQ95NICAF,2,1,6,1568956451059,2,Changed player,3 0,P0:;P1:;P2:,2 1 3 3 3 3,,P0:43;P1:180.0;P2:180.0;,03:24
A1PLQGQ95NICAF,2,1,6,1568956453982,0,Changed player,3 0,P0:;P1:3;;P2:0;,3 3 3 3 3 3 3 3 3 ,1 4 ,P0:43;P1:180.0;P2:180.0;,03:21
A1PLQGQ95NICAF,2,1,6,1568956456043,2,Changed player,3 0,P0:;P1:;P2:,2 1 3 3 3 3,,P0:43;P1:180.0;P2:180.0;,03:19
A1PLQGQ95NICAF,2,1,6,1568956458837,0,Changed player,3 0,P0:;P1:3;;P2:0;,3 3 3 3 3 3 3 3 3 ,1 4 ,P0:43;P1:180.0;P2:180.0;,03:16
A1PLQGQ95NICAF,2,1,6,1568956460932,1,Changed player,3 0,P0:;P1:;P2:,3 3 3 4 2 2,,P0:43;P1:180.0;P2:180.0;,03:14
A1PLQGQ95NICAF,2,1,6,1568956463209,2,Changed player,3 0,P0:;P1:;P2:,2 1 3 3 3 3,,P0:43;P1:180.0;P2:180.0;,03:12
A1PLQGQ95NICAF,2,1,6,1568956469360,0,Changed player,3 0,P0:;P1:3;;P2:0;,3 3 3 3 3 3 3 3 3 ,1 4 ,P0:43;P1:180.0;P2:180.0;,03:06
A1PLQGQ95NICAF,2,1,6,1568956472230,0,Removed cell 2-0-false,3 0,P0:;P1:3;;P2:0;,3 3 3 3 3 3 3 3 3 4 ,1 4 ,P0:-102;P1:180.0;P2:180.0;,03:03
A1PLQGQ95NICAF,2,1,6,1568956473562,0,Removed cell 3-0-false,3 0,P0:;P1:3;;P2:0;,3 3 3 3 3 3 3 3 3 4 1 ,1 4 ,P0:-97;P1:180.0;P2:180.0;,03:02
A1PLQGQ95NICAF,2,1,6,1568956475732,0,Removed cell 1-0-true,3 0,P0:;P1:3;;P2:0;,3 3 3 3 3 3 3 3 3 4 1 3 ,1 4 ,P0:-92;P1:180.0;P2:180.0;,03:00
A1PLQGQ95NICAF,2,1,6,1568956482290,0,ChipRequest min:;From;2;Colour;0;ReqNrOfChips;0;Success;1,3 0,P0:;P1:3;;P2:0;,3 3 3 3 3 3 3 3 3 4 3 ,4 ,P0:-92;P1:180.0;P2:180.0;,02:53
A1PLQGQ95NICAF,2,1,6,1568956484188,0,ChipRequest min:;From;1;Colour;3;ReqNrOfChips;0;Success;1,3,P0:;P1:3;;P2:,3 3 3 3 3 3 3 3 3 3 ,,P0:-21;P1:180.0;P2:180.0;,02:51
A1PLQGQ95NICAF,2,1,6,1568956494056,0,Motivation: I choose to do nothing,,P0:;P1:;P2:,3 3 3 3 3 3 3 3 3 3 ,,P0:50;P1:180.0;P2:180.0;,02:41
A1PLQGQ95NICAF,2,1,6,1568956494057,0,Ending game,,P0:;P1:;P2:,3 3 3 3 3 3 3 3 3 3 ,,P0:50;P1:180.0;P2:180.0;,02:41
A1PLQGQ95NICAF,2,3,7,1568956497268,0,Starting new game,0,P0:;P1:0;;P2:,3 3 2 2 4 4,1,P0:104;P1:185.0;P2:190.0;,02:41

A1PLQGQ95NICAF,2,3,7,1568956510318,1,Changed player,0,P0:;P1:;P2:,1 1 1 3 3 3 3,,P0:104;P1:185.0;P2:190.0;,03:49
A1PLQGQ95NICAF,2,3,7,1568956512708,0,Changed player,0,P0:;P1:0;;P2:,3 3 2 2 4 4,1,P0:104;P1:185.0;P2:190.0;,03:46
A1PLQGQ95NICAF,2,3,7,1568956515504,1,Changed player,0,P0:;P1:;P2:,1 1 1 3 3 3 3,,P0:104;P1:185.0;P2:190.0;,03:43
A1PLQGQ95NICAF,2,3,7,1568956517438,2,Changed player,0,P0:;P1:;P2:,2 2 2 3 1 1 1 4,,P0:104;P1:185.0;P2:190.0;,03:41
A1PLQGQ95NICAF,2,3,7,1568956522125,1,Changed player,0,P0:;P1:;P2:,1 1 1 3 3 3 3,,P0:104;P1:185.0;P2:190.0;,03:37
A1PLQGQ95NICAF,2,3,7,1568956524437,0,Changed player,0,P0:;P1:0;;P2:,3 3 2 2 4 4,1,P0:104;P1:185.0;P2:190.0;,03:34
A1PLQGQ95NICAF,2,3,7,1568956535093,0,Motivation: I request 1 chip,0,P0:;P1:0;;P2:,3 3 2 2 4 4,1,P0:104;P1:185.0;P2:190.0;,03:24
A1PLQGQ95NICAF,2,3,7,1568956535094,0,Ending game,0,P0:;P1:0;;P2:,3 3 2 2 4 4,1,P0:104;P1:185.0;P2:190.0;,03:24
A1PLQGQ95NICAF,2,3,7,1568956535125,0,wrong answer told to try again,0,P0:;P1:0;;P2:,3 3 2 2 4 4,1,P0:104;P1:185.0;P2:190.0;,03:24
A1PLQGQ95NICAF,2,3,7,1568956542074,0,Removed cell 3-2-false,0,P0:;P1:0;;P2:,3 3 2 2 4 4 1 ,1,P0:-41;P1:185.0;P2:190.0;,03:17
A1PLQGQ95NICAF,2,3,7,1568956543641,0,Added cell 3-2-false,0,P0:;P1:0;;P2:,3 3 2 2 4 4 ,1,P0:104;P1:185.0;P2:190.0;,03:15
A1PLQGQ95NICAF,2,3,7,1568956548913,0,Removed cell 4-3-true,0,P0:;P1:0;;P2:,3 3 2 2 4 4 4 ,1,P0:-41;P1:185.0;P2:190.0;,03:10
A1PLQGQ95NICAF,2,3,7,1568956550085,0,Removed cell 4-2-true,0,P0:;P1:0;;P2:,3 3 2 2 4 4 4 2 ,1,P0:-36;P1:185.0;P2:190.0;,03:09
A1PLQGQ95NICAF,2,3,7,1568956551154,0,Removed cell 3-2-false,0,P0:;P1:0;;P2:,3 3 2 2 4 4 4 2 1 ,1,P0:-31;P1:185.0;P2:190.0;,03:08
A1PLQGQ95NICAF,2,3,7,1568956552163,0,Removed cell 2-2-true,0,P0:;P1:0;;P2:,3 3 2 2 4 4 4 2 1 2 ,1,P0:-26;P1:185.0;P2:190.0;,03:07
A1PLQGQ95NICAF,2,3,7,1568956553742,0,Removed cell 1-2-true,0,P0:;P1:0;;P2:,3 3 2 2 4 4 4 2 1 2 2 ,1,P0:-21;P1:185.0;P2:190.0;,03:05
A1PLQGQ95NICAF,2,3,7,1568956557158,0,ChipRequest min:;From;1;Colour;0;ReqNrOfChips;0;Success;1,0,P0:;P1:0;;P2:,3 3 2 2 4 4 4 2 2 2 ,,P0:-21;P1:185.0;P2:190.0;,03:02
A1PLQGQ95NICAF,2,3,7,1568956564613,0,Motivation: I choose to do nothing,,P0:;P1:;P2:,3 3 2 2 4 4 4 2 2 2 ,,P0:50;P1:185.0;P2:190.0;,02:55
A1PLQGQ95NICAF,2,3,7,1568956564615,0,Ending game,,P0:;P1:;P2:,3 3 2 2 4 4 4 2 2 2 ,,P0:50;P1:185.0;P2:190.0;,02:55
A1PLQGQ95NICAF,2,3,7,1568956564646,0,wrong answer told to try again,,P0:;P1:;P2:,3 3 2 2 4 4 4 2 2 2 ,,P0:50;P1:185.0;P2:190.0;,02:55
A1PLQGQ95NICAF,2,3,7,1568956570168,0,Added cell 1-2-true,,P0:;P1:;P2:,3 3 2 4 4 4 2 2 2 ,,P0:45;P1:185.0;P2:190.0;,02:49
A1PLQGQ95NICAF,2,3,7,1568956571250,0,Added cell 2-2-true,,P0:;P1:;P2:,3 3 4 4 4 2 2 2 ,,P0:40;P1:185.0;P2:190.0;,02:48
A1PLQGQ95NICAF,2,3,7,1568956572269,0,Added cell 2-3-true,,P0:;P1:;P2:,3 3 4 4 2 2 2 ,,P0:35;P1:185.0;P2:190.0;,02:47
A1PLQGQ95NICAF,2,3,7,1568956573502,0,Denied adding cell 3-3-false,,P0:;P1:;P2:,3 3 4 4 2 2 2 ,,P0:35;P1:185.0;P2:190.0;,02:46
A1PLQGQ95NICAF,2,3,7,1568956579209,0,ChipRequest;From;1;Colour;1;ReqNrOfChips;1;Success;true,,P0:;P1:;P2:,3 3 4 4 2 2 2 ,,P0:35;P1:185.0;P2:190.0;,02:40
A1PLQGQ95NICAF,2,3,7,1568956581595,0,Added cell 3-3-false,0,P0:;P1:0;;P2:,3 3 4 4 2 2 2  , 1 ,P0:-41;P1:185.0;P2:190.0;,02:38
A1PLQGQ95NICAF,2,3,7,1568956582734,0,Added cell 4-3-true,0,P0:;P1:0;;P2:,3 3 4 2 2 2  , 1 ,P0:104;P1:185.0;P2:190.0;,02:37
A1PLQGQ95NICAF,2,3,7,1568956592038,0,Motivation: I ask for 1 tile,0,P0:;P1:0;;P2:,3 3 4 2 2 2 , 1 ,P0:104;P1:185.0;P2:190.0;,02:27
A1PLQGQ95NICAF,2,3,7,1568956592038,0,Ending game,0,P0:;P1:0;;P2:,3 3 4 2 2 2 , 1 ,P0:104;P1:185.0;P2:190.0;,02:27
A1PLQGQ95NICAF,2,3,7,1568956592073,0,wrong answer told to try again,0,P0:;P1:0;;P2:,3 3 4 2 2 2 , 1 ,P0:104;P1:185.0;P2:190.0;,02:27
A1PLQGQ95NICAF,2,3,7,1568956598705,0,Added cell 2-1-true,0,P0:;P1:0;;P2:,3 3 4 2 2 , 1 ,P0:-51;P1:185.0;P2:190.0;,02:21
A1PLQGQ95NICAF,2,3,7,1568956599998,0,Added cell 3-1-true,0,P0:;P1:0;;P2:,3 3 4 2 , 1 ,P0:-56;P1:185.0;P2:190.0;,02:19
A1PLQGQ95NICAF,2,3,7,1568956602722,0,Added cell 4-2-true,0,P0:;P1:0;;P2:,3 3 4 , 1 ,P0:-61;P1:185.0;P2:190.0;,02:17
A1PLQGQ95NICAF,2,3,7,1568956604104,0,Added cell 4-1-true,0,P0:;P1:0;;P2:,3 3 , 1 ,P0:84;P1:185.0;P2:190.0;,02:15
A1PLQGQ95NICAF,2,3,7,1568956605779,0,Removed cell 3-3-false,0,P0:;P1:0;;P2:,3 3 1 , 1 ,P0:-61;P1:185.0;P2:190.0;,02:14
A1PLQGQ95NICAF,2,3,7,1568956606816,0,Removed cell 2-3-false,0,P0:;P1:0;;P2:,3 3 1 4 , 1 ,P0:94;P1:185.0;P2:190.0;,02:13
A1PLQGQ95NICAF,2,3,7,1568956614393,0,Motivation: I use these,0,P0:;P1:0;;P2:,3 3 1 4 , 1 ,P0:94;P1:185.0;P2:190.0;,02:05
A1PLQGQ95NICAF,2,3,7,1568956614394,0,Ending game,0,P0:;P1:0;;P2:,3 3 1 4 , 1 ,P0:94;P1:185.0;P2:190.0;,02:05
A1PLQGQ95NICAF,2,3,7,1568956614430,0,wrong answer told to try again,0,P0:;P1:0;;P2:,3 3 1 4 , 1 ,P0:94;P1:185.0;P2:190.0;,02:05
A1PLQGQ95NICAF,2,3,7,1568956620524,0,ChipRequest min:;From;1;Colour;0;ReqNrOfChips;0;Success;1,0,P0:;P1:0;;P2:,3 3 4 , ,P0:94;P1:185.0;P2:190.0;,01:59
A1PLQGQ95NICAF,2,3,7,1568956628916,0,Motivation: I use my tiles,,P0:;P1:;P2:,3 3 4 , ,P0:165;P1:185.0;P2:190.0;,01:51
A1PLQGQ95NICAF,2,3,7,1568956628917,0,Ending game,,P0:;P1:;P2:,3 3 4 , ,P0:165;P1:185.0;P2:190.0;,01:51

END_TRAINING_START_GAME


A1PLQGQ95NICAF,localGlobalEx,6,0,1568956646108,0,Read score file,,P0:;P1:;P2:;P3:;P4:;P5:,-,,,undefined:undefined
A1PLQGQ95NICAF,localGlobalEx,6,0,1568956660618,0,Read new file,,P0:;P1:;P2:;P3:;P4:;P5:,-,,,undefined:undefined
A1PLQGQ95NICAF,localGlobalEx,6,0,1568956660829,0,Starting new game,2 1,P0:;P1:2;;P2:1;;P3:,4 4 4 4 5 5 5 5,3 2 ,P0:38;P1:139.0;P2:180.0;P3:165.0;,undefined:undefined
A1PLQGQ95NICAF,localGlobalEx,6,0,1568956670605,1,Changed player,2 1,P0:;P1:;P2:1;;P3:,1 1 1 1 1 4 4 4 4 3 3 5 5,2,P0:38;P1:139.0;P2:180.0;P3:165.0;,02:52
A1PLQGQ95NICAF,localGlobalEx,6,0,1568956672060,0,Changed player,2 1,P0:;P1:2;;P2:1;;P3:,4 4 4 4 5 5 5 5,3 2 ,P0:38;P1:139.0;P2:180.0;P3:165.0;,02:50
A1PLQGQ95NICAF,localGlobalEx,6,0,1568956678806,3,Changed player,2 1,P0:;P1:;P2:;P3:,1 1 3,,P0:38;P1:139.0;P2:180.0;P3:165.0;,02:44
A1PLQGQ95NICAF,localGlobalEx,6,0,1568956682940,2,Changed player,2 1,P0:;P1:;P2:;P3:,2 2 4 4 5 5,,P0:38;P1:139.0;P2:180.0;P3:165.0;,02:40
A1PLQGQ95NICAF,localGlobalEx,6,0,1568956684758,1,Changed player,2 1,P0:;P1:;P2:1;;P3:,1 1 1 1 1 4 4 4 4 3 3 5 5,2,P0:38;P1:139.0;P2:180.0;P3:165.0;,02:38
A1PLQGQ95NICAF,localGlobalEx,6,0,1568956689963,0,Changed player,2 1,P0:;P1:2;;P2:1;;P3:,4 4 4 4 5 5 5 5,3 2 ,P0:38;P1:139.0;P2:180.0;P3:165.0;,02:33
A1PLQGQ95NICAF,localGlobalEx,6,0,1568956694299,0,Removed cell 9-8-true,2 1,P0:;P1:2;;P2:1;;P3:,4 4 4 4 5 5 5 5 5 ,3 2 ,P0:-107;P1:139.0;P2:180.0;P3:165.0;,02:28
A1PLQGQ95NICAF,localGlobalEx,6,0,1568956695377,0,Removed cell 8-8-false,2 1,P0:;P1:2;;P2:1;;P3:,4 4 4 4 5 5 5 5 5 3 ,3 2 ,P0:-102;P1:139.0;P2:180.0;P3:165.0;,02:27
A1PLQGQ95NICAF,localGlobalEx,6,0,1568956696318,0,Removed cell 9-9-false,2 1,P0:;P1:2;;P2:1;;P3:,4 4 4 4 5 5 5 5 5 3 2 ,3 2 ,P0:-97;P1:139.0;P2:180.0;P3:165.0;,02:26
A1PLQGQ95NICAF,localGlobalEx,6,0,1568956697820,0,Removed cell 7-8-true,2 1,P0:;P1:2;;P2:1;;P3:,4 4 4 4 5 5 5 5 5 3 2 4 ,3 2 ,P0:-92;P1:139.0;P2:180.0;P3:165.0;,02:25
A1PLQGQ95NICAF,localGlobalEx,6,0,1568956698772,0,Removed cell 7-7-false,2 1,P0:;P1:2;;P2:1;;P3:,4 4 4 4 5 5 5 5 5 3 2 4 1 ,3 2 ,P0:-87;P1:139.0;P2:180.0;P3:165.0;,02:24
A1PLQGQ95NICAF,localGlobalEx,6,0,1568956699718,0,Removed cell 6-7-true,2 1,P0:;P1:2;;P2:1;;P3:,4 4 4 4 5 5 5 5 5 3 2 4 1 4 ,3 2 ,P0:-82;P1:139.0;P2:180.0;P3:165.0;,02:23
A1PLQGQ95NICAF,localGlobalEx,6,0,1568956701180,0,Removed cell 6-6-true,2 1,P0:;P1:2;;P2:1;;P3:,4 4 4 4 5 5 5 5 5 3 2 4 1 4 2 ,3 2 ,P0:-77;P1:139.0;P2:180.0;P3:165.0;,02:21
A1PLQGQ95NICAF,localGlobalEx,6,0,1568956702091,0,Removed cell 5-6-true,2 1,P0:;P1:2;;P2:1;;P3:,4 4 4 4 5 5 5 5 5 3 2 4 1 4 2 4 ,3 2 ,P0:-72;P1:139.0;P2:180.0;P3:165.0;,02:20
A1PLQGQ95NICAF,localGlobalEx,6,0,1568956703076,0,Removed cell 4-6-true,2 1,P0:;P1:2;;P2:1;;P3:,4 4 4 4 5 5 5 5 5 3 2 4 1 4 2 4 3 ,3 2 ,P0:-67;P1:139.0;P2:180.0;P3:165.0;,02:19
A1PLQGQ95NICAF,localGlobalEx,6,0,1568956709582,0,ChipRequest min:;From;1;Colour;2;ReqNrOfChips;0;Success;1,2 1,P0:;P1:2;;P2:1;;P3:,4 4 4 4 5 5 5 5 5 2 4 1 4 2 4 3 ,2 ,P0:-67;P1:139.0;P2:180.0;P3:165.0;,02:13
A1PLQGQ95NICAF,localGlobalEx,6,0,1568956711161,0,ChipRequest min:;From;2;Colour;1;ReqNrOfChips;0;Success;1,1,P0:;P1:;P2:1;;P3:,4 4 4 4 5 5 5 5 5 4 1 4 2 4 3 ,,P0:4;P1:139.0;P2:180.0;P3:165.0;,02:11
A1PLQGQ95NICAF,localGlobalEx,6,0,1568956721898,0,Motivation: I choose to do nothing,,P0:;P1:;P2:;P3:,4 4 4 4 5 5 5 5 5 4 1 4 2 4 3 ,,P0:75;P1:139.0;P2:180.0;P3:165.0;,02:01
A1PLQGQ95NICAF,localGlobalEx,6,0,1568956721901,0,Ending game,,P0:;P1:;P2:;P3:,4 4 4 4 5 5 5 5 5 4 1 4 2 4 3 ,,P0:75;P1:139.0;P2:180.0;P3:165.0;,02:01
A1PLQGQ95NICAF,localGlobalEx,8,1,1568956724075,0,Starting new game,2 2,P0:;P1:;P2:;P3:2;2;,1 1 1 1 1 1 4 4,3 3 ,P0:108;P1:205.0;P2:175.0;P3:119.0;,02:01

A1PLQGQ95NICAF,localGlobalEx,8,1,1568956742641,3,Changed player,2 2,P0:;P1:4;;P2:;P3:,2 2 3 3 1 1 1 4 4,5,P0:108;P1:205.0;P2:175.0;P3:119.0;,02:43
A1PLQGQ95NICAF,localGlobalEx,8,1,1568956752074,3,ChipRequest;From;2;Colour;3;ReqNrOfChips;1;Success;false,2 2,P0:;P1:4;;P2:;P3:,2 2 3 3 1 1 1 4 4,5,P0:108;P1:205.0;P2:175.0;P3:119.0;,02:34
A1PLQGQ95NICAF,localGlobalEx,8,1,1568956756488,2,Changed player,4,P0:;P1:;P2:;P3:,5 5 5 4 4,,P0:108;P1:205.0;P2:175.0;P3:119;,02:29
A1PLQGQ95NICAF,localGlobalEx,8,1,1568956772638,2,ChipRequest;From;1;Colour;3;ReqNrOfChips;1;Success;true,4,P0:;P1:;P2:;P3:,5 5 5 4 4,,P0:108;P1:205.0;P2:175.0;P3:119;,02:13
A1PLQGQ95NICAF,localGlobalEx,8,1,1568956773143,2,ChipRequest;From;1;Colour;3;ReqNrOfChips;2;Success;false,2,P0:;P1:2;;P2:;P3:,5 5 5 4 4 3 , 3 ,P0:108;P1:205.0;P2:104;P3:119;,02:13
A1PLQGQ95NICAF,localGlobalEx,8,1,1568956777320,2,ChipRequest;From;0;Colour;3;ReqNrOfChips;1;Success;false,2,P0:;P1:2;;P2:;P3:,5 5 5 4 4 3 , 3 ,P0:108;P1:205.0;P2:104;P3:119;,02:09
A1PLQGQ95NICAF,localGlobalEx,8,1,1568956781999,2,ChipRequest;From;3;Colour;3;ReqNrOfChips;1;Success;true,2,P0:;P1:2;;P2:;P3:,5 5 5 4 4 3 , 3 ,P0:108;P1:205.0;P2:104;P3:119;,02:04
A1PLQGQ95NICAF,localGlobalEx,8,1,1568956787322,2,ChipRequest;From;3;Colour;3;ReqNrOfChips;2;Success;true,2 2,P0:;P1:2;;P2:;P3:2;,5 5 5 4 4 3 3 , 3 3 ,P0:108;P1:205.0;P2:33;P3:119;,01:59
A1PLQGQ95NICAF,localGlobalEx,8,1,1568956788906,2,ChipRequest min:;From;3;Colour;2;ReqNrOfChips;1;Success;1,2 2 2,P0:;P1:2;;P2:;P3:2;2;,5 5 5 4 4 3 3 , 3 3 ,P0:108;P1:205.0;P2:32;P3:119;,01:57
A1PLQGQ95NICAF,localGlobalEx,8,1,1568956790309,2,ChipRequest min:;From;3;Colour;2;ReqNrOfChips;0;Success;1,2 2,P0:;P1:2;;P2:;P3:2;,5 5 5 4 4 3 , 3 ,P0:108;P1:205.0;P2:33;P3:119;,01:56
A1PLQGQ95NICAF,localGlobalEx,8,1,1568956792807,2,ChipRequest;From;3;Colour;3;ReqNrOfChips;1;Success;true,2,P0:;P1:2;;P2:;P3:,5 5 5 4 4 3 , 3 ,P0:108;P1:205.0;P2:104;P3:119;,01:53
A1PLQGQ95NICAF,localGlobalEx,8,1,1568956795324,2,ChipRequest min:;From;3;Colour;2;ReqNrOfChips;0;Success;1,2 2,P0:;P1:2;;P2:;P3:2;,5 5 5 4 4 3 , 3 ,P0:108;P1:205.0;P2:33;P3:119;,01:51
A1PLQGQ95NICAF,localGlobalEx,8,1,1568956806209,0,Changed player,2,P0:;P1:;P2:;P3:2;2;,1 1 1 1 1 1 4 4,3 3 ,P0:108;P1:205.0;P2:104;P3:119;,01:40
A1PLQGQ95NICAF,localGlobalEx,8,1,1568956813101,0,ChipRequest min:;From;3;Colour;2;ReqNrOfChips;1;Success;0,2,P0:;P1:;P2:;P3:2;2;,1 1 1 1 1 1 4 4,3 3 ,P0:108;P1:205.0;P2:104;P3:119;,01:33
A1PLQGQ95NICAF,localGlobalEx,8,1,1568956816029,0,Removed cell 8-1-true,2 2,P0:;P1:;P2:;P3:2;2;,1 1 1 1 1 1 4 4 1 ,3 3 ,P0:-37;P1:205.0;P2:104;P3:119;,01:30
A1PLQGQ95NICAF,localGlobalEx,8,1,1568956816854,0,Removed cell 9-1-false,2 2,P0:;P1:;P2:;P3:2;2;,1 1 1 1 1 1 4 4 1 2 ,3 3 ,P0:-32;P1:205.0;P2:104;P3:119;,01:29
A1PLQGQ95NICAF,localGlobalEx,8,1,1568956817931,0,Removed cell 7-1-false,2 2,P0:;P1:;P2:;P3:2;2;,1 1 1 1 1 1 4 4 1 2 5 ,3 3 ,P0:-27;P1:205.0;P2:104;P3:119;,01:28
A1PLQGQ95NICAF,localGlobalEx,8,1,1568956818747,0,Removed cell 6-1-true,2 2,P0:;P1:;P2:;P3:2;2;,1 1 1 1 1 1 4 4 1 2 5 2 ,3 3 ,P0:-22;P1:205.0;P2:104;P3:119;,01:27
A1PLQGQ95NICAF,localGlobalEx,8,1,1568956821389,0,Removed cell 2-2-false,2 2,P0:;P1:;P2:;P3:2;2;,1 1 1 1 1 1 4 4 1 2 5 2 3 ,3 3 ,P0:-17;P1:205.0;P2:104;P3:119;,01:25
A1PLQGQ95NICAF,localGlobalEx,8,1,1568956822367,0,Removed cell 3-2-true,2 2,P0:;P1:;P2:;P3:2;2;,1 1 1 1 1 1 4 4 1 2 5 2 3 4 ,3 3 ,P0:-12;P1:205.0;P2:104;P3:119;,01:24
A1PLQGQ95NICAF,localGlobalEx,8,1,1568956823231,0,Removed cell 4-2-true,2 2,P0:;P1:;P2:;P3:2;2;,1 1 1 1 1 1 4 4 1 2 5 2 3 4 3 ,3 3 ,P0:-7;P1:205.0;P2:104;P3:119;,01:23
A1PLQGQ95NICAF,localGlobalEx,8,1,1568956824085,0,Removed cell 5-2-true,2 2,P0:;P1:;P2:;P3:2;2;,1 1 1 1 1 1 4 4 1 2 5 2 3 4 3 3 ,3 3 ,P0:-2;P1:205.0;P2:104;P3:119;,01:22
A1PLQGQ95NICAF,localGlobalEx,8,1,1568956824914,0,Removed cell 5-1-true,2 2,P0:;P1:;P2:;P3:2;2;,1 1 1 1 1 1 4 4 1 2 5 2 3 4 3 3 5 ,3 3 ,P0:3;P1:205.0;P2:104;P3:119;,01:21
A1PLQGQ95NICAF,localGlobalEx,8,1,1568956829497,0,ChipRequest min:;From;3;Colour;2;ReqNrOfChips;1;Success;1,2 2,P0:;P1:;P2:;P3:2;2;,1 1 1 1 1 1 4 4 1 2 5 2 4 3 3 5 ,3 ,P0:3;P1:205.0;P2:104;P3:119;,01:17
A1PLQGQ95NICAF,localGlobalEx,8,1,1568956829719,0,ChipRequest min:;From;3;Colour;2;ReqNrOfChips;0;Success;1,2,P0:;P1:;P2:;P3:2;,1 1 1 1 1 1 4 4 1 2 5 2 4 3 5 ,,P0:4;P1:205.0;P2:104;P3:119;,01:16
A1PLQGQ95NICAF,localGlobalEx,8,1,1568956842605,0,Motivation: I do better by choosing nothing,,P0:;P1:;P2:;P3:,1 1 1 1 1 1 4 4 1 2 5 2 4 3 5 ,,P0:75;P1:205.0;P2:104;P3:119;,01:04
A1PLQGQ95NICAF,localGlobalEx,8,1,1568956842606,0,Ending game,,P0:;P1:;P2:;P3:,1 1 1 1 1 1 4 4 1 2 5 2 4 3 5 ,,P0:75;P1:205.0;P2:104;P3:119;,01:04
A1PLQGQ95NICAF,localGlobalEx,7,2,1568956846901,0,Starting new game,0,P0:;P1:0;;P2:;P3:,2,1,P0:79;P1:109.0;P2:114.0;P3:165.0;,01:04

A1PLQGQ95NICAF,localGlobalEx,7,2,1568956868960,0,Motivation: I ask for 1 chip,0,P0:;P1:0;;P2:;P3:,2,1,P0:79;P1:109.0;P2:114.0;P3:165.0;,02:40
A1PLQGQ95NICAF,localGlobalEx,7,2,1568956868962,0,Ending game,0,P0:;P1:0;;P2:;P3:,2,1,P0:79;P1:109.0;P2:114.0;P3:165.0;,02:40
A1PLQGQ95NICAF,localGlobalEx,2,3,1568956871968,0,Starting new game,4,P0:;P1:4;;P2:;P3:,1 1 1 4 4 2 2 2 2,5,P0:119;P1:190.0;P2:195.0;P3:200.0;,02:40

A1PLQGQ95NICAF,localGlobalEx,2,3,1568956894737,0,Motivation: I ask for 1 chip,4,P0:;P1:4;;P2:;P3:,1 1 1 4 4 2 2 2 2,5,P0:119;P1:190.0;P2:195.0;P3:200.0;,02:39
A1PLQGQ95NICAF,localGlobalEx,2,3,1568956894738,0,Ending game,4,P0:;P1:4;;P2:;P3:,1 1 1 4 4 2 2 2 2,5,P0:119;P1:190.0;P2:195.0;P3:200.0;,02:39
A1PLQGQ95NICAF,localGlobalEx,9,4,1568956896821,0,Starting new game,,P0:;P1:;P2:;P3:,2 3 3 4,,P0:170;P1:124.0;P2:170.0;P3:175.0;,02:39

A1PLQGQ95NICAF,localGlobalEx,9,4,1568956910391,0,Motivation: I use my chips,,P0:;P1:;P2:;P3:,2 3 3 4,,P0:170;P1:124.0;P2:170.0;P3:175.0;,02:48
A1PLQGQ95NICAF,localGlobalEx,9,4,1568956910391,0,Ending game,,P0:;P1:;P2:;P3:,2 3 3 4,,P0:170;P1:124.0;P2:170.0;P3:175.0;,02:48
A1PLQGQ95NICAF,localGlobalEx,5,5,1568956912293,0,Starting new game,1,P0:;P1:1;;P2:;P3:,3 4 5 5 5 5 5,2,P0:109;P1:195.0;P2:134.0;P3:118.0;,02:48

A1PLQGQ95NICAF,localGlobalEx,5,5,1568956925993,0,Removed cell 5-6-false,1,P0:;P1:1;;P2:;P3:,3 4 5 5 5 5 5 2 ,2,P0:-36;P1:195.0;P2:134.0;P3:118.0;,02:48
A1PLQGQ95NICAF,localGlobalEx,5,5,1568956926932,0,Removed cell 5-5-true,1,P0:;P1:1;;P2:;P3:,3 4 5 5 5 5 5 2 4 ,2,P0:-31;P1:195.0;P2:134.0;P3:118.0;,02:47
A1PLQGQ95NICAF,localGlobalEx,5,5,1568956927980,0,Removed cell 4-6-false,1,P0:;P1:1;;P2:;P3:,3 4 5 5 5 5 5 2 4 1 ,2,P0:-26;P1:195.0;P2:134.0;P3:118.0;,02:46
A1PLQGQ95NICAF,localGlobalEx,5,5,1568956928933,0,Removed cell 4-7-true,1,P0:;P1:1;;P2:;P3:,3 4 5 5 5 5 5 2 4 1 1 ,2,P0:-21;P1:195.0;P2:134.0;P3:118.0;,02:45
A1PLQGQ95NICAF,localGlobalEx,5,5,1568956929919,0,Removed cell 4-8-true,1,P0:;P1:1;;P2:;P3:,3 4 5 5 5 5 5 2 4 1 1 3 ,2,P0:-16;P1:195.0;P2:134.0;P3:118.0;,02:44
A1PLQGQ95NICAF,localGlobalEx,5,5,1568956930999,0,Removed cell 4-9-true,1,P0:;P1:1;;P2:;P3:,3 4 5 5 5 5 5 2 4 1 1 3 5 ,2,P0:-11;P1:195.0;P2:134.0;P3:118.0;,02:43
A1PLQGQ95NICAF,localGlobalEx,5,5,1568956931934,0,Removed cell 3-9-true,1,P0:;P1:1;;P2:;P3:,3 4 5 5 5 5 5 2 4 1 1 3 5 1 ,2,P0:-6;P1:195.0;P2:134.0;P3:118.0;,02:42
A1PLQGQ95NICAF,localGlobalEx,5,5,1568956932892,0,Removed cell 2-9-true,1,P0:;P1:1;;P2:;P3:,3 4 5 5 5 5 5 2 4 1 1 3 5 1 3 ,2,P0:-1;P1:195.0;P2:134.0;P3:118.0;,02:41
A1PLQGQ95NICAF,localGlobalEx,5,5,1568956933984,0,Removed cell 1-9-true,1,P0:;P1:1;;P2:;P3:,3 4 5 5 5 5 5 2 4 1 1 3 5 1 3 3 ,2,P0:4;P1:195.0;P2:134.0;P3:118.0;,02:40
A1PLQGQ95NICAF,localGlobalEx,5,5,1568956937568,0,Tried to add own cell 0-9,1,P0:;P1:1;;P2:;P3:,3 4 5 5 5 5 5 2 4 1 1 3 5 1 3 3 ,2,P0:4;P1:195.0;P2:134.0;P3:118.0;,02:36
A1PLQGQ95NICAF,localGlobalEx,5,5,1568956941282,0,Added cell 1-9-true,1,P0:;P1:1;;P2:;P3:,4 5 5 5 5 5 2 4 1 1 3 5 1 3 3 ,2,P0:-1;P1:195.0;P2:134.0;P3:118.0;,02:33
A1PLQGQ95NICAF,localGlobalEx,5,5,1568956942223,0,Added cell 2-9-true,1,P0:;P1:1;;P2:;P3:,4 5 5 5 5 5 2 4 1 1 5 1 3 3 ,2,P0:-6;P1:195.0;P2:134.0;P3:118.0;,02:32
A1PLQGQ95NICAF,localGlobalEx,5,5,1568956943131,0,Added cell 3-9-true,1,P0:;P1:1;;P2:;P3:,4 5 5 5 5 5 2 4 1 5 1 3 3 ,2,P0:-11;P1:195.0;P2:134.0;P3:118.0;,02:31
A1PLQGQ95NICAF,localGlobalEx,5,5,1568956944055,0,Added cell 4-9-true,1,P0:;P1:1;;P2:;P3:,4 5 5 5 5 2 4 1 5 1 3 3 ,2,P0:-16;P1:195.0;P2:134.0;P3:118.0;,02:30
A1PLQGQ95NICAF,localGlobalEx,5,5,1568956944996,0,Added cell 4-8-true,1,P0:;P1:1;;P2:;P3:,4 5 5 5 5 2 4 1 5 1 3 ,2,P0:-21;P1:195.0;P2:134.0;P3:118.0;,02:29
A1PLQGQ95NICAF,localGlobalEx,5,5,1568956945915,0,Added cell 4-7-true,1,P0:;P1:1;;P2:;P3:,4 5 5 5 5 2 4 5 1 3 ,2,P0:-26;P1:195.0;P2:134.0;P3:118.0;,02:28
A1PLQGQ95NICAF,localGlobalEx,5,5,1568956946980,0,Added cell 4-6-true,1,P0:;P1:1;;P2:;P3:,4 5 5 5 5 2 4 5 3 ,2,P0:-31;P1:195.0;P2:134.0;P3:118.0;,02:27
A1PLQGQ95NICAF,localGlobalEx,5,5,1568956948448,0,Added cell 4-5-false,1,P0:;P1:1;;P2:;P3:,4 5 5 5 5 4 5 3 ,2,P0:-36;P1:195.0;P2:134.0;P3:118.0;,02:26
A1PLQGQ95NICAF,localGlobalEx,5,5,1568956949790,0,Added cell 5-5-true,1,P0:;P1:1;;P2:;P3:,5 5 5 5 4 5 3 ,2,P0:109;P1:195.0;P2:134.0;P3:118.0;,02:24
A1PLQGQ95NICAF,localGlobalEx,5,5,1568956951219,0,Denied adding cell 5-6-false,1,P0:;P1:1;;P2:;P3:,5 5 5 5 4 5 3 ,2,P0:109;P1:195.0;P2:134.0;P3:118.0;,02:23
A1PLQGQ95NICAF,localGlobalEx,5,5,1568956955692,0,Removed cell 4-5-false,1,P0:;P1:1;;P2:;P3:,5 5 5 5 4 5 3 2 ,2,P0:-36;P1:195.0;P2:134.0;P3:118.0;,02:18
A1PLQGQ95NICAF,localGlobalEx,5,5,1568956957023,0,Added cell 5-6-false,1,P0:;P1:1;;P2:;P3:,5 5 5 5 4 5 3 ,2,P0:109;P1:195.0;P2:134.0;P3:118.0;,02:17
A1PLQGQ95NICAF,localGlobalEx,5,5,1568956979455,0,Motivation: I ask for 1 chip,1,P0:;P1:1;;P2:;P3:,5 5 5 5 4 5 3 ,2,P0:109;P1:195.0;P2:134.0;P3:118.0;,01:55
A1PLQGQ95NICAF,localGlobalEx,5,5,1568956979456,0,Ending game,1,P0:;P1:1;;P2:;P3:,5 5 5 5 4 5 3 ,2,P0:109;P1:195.0;P2:134.0;P3:118.0;,01:55
A1PLQGQ95NICAF,localGlobalEx,1,6,1568956981537,0,Starting new game,1,P0:;P1:;P2:;P3:1;,4 3 3 3 3 3 3,2,P0:109;P1:190.0;P2:104.0;P3:123.0;,01:55

A1PLQGQ95NICAF,localGlobalEx,1,6,1568957012918,0,Motivation: I ask for 1 chip,1,P0:;P1:;P2:;P3:1;,4 3 3 3 3 3 3,2,P0:109;P1:190.0;P2:104.0;P3:123.0;,02:30
A1PLQGQ95NICAF,localGlobalEx,1,6,1568957012919,0,Ending game,1,P0:;P1:;P2:;P3:1;,4 3 3 3 3 3 3,2,P0:109;P1:190.0;P2:104.0;P3:123.0;,02:30
A1PLQGQ95NICAF,localGlobalEx,3,7,1568957015135,0,Starting new game,4 4,P0:;P1:;P2:4;;P3:4;,1 1 1 1 3 4 2 2 2,5 5 ,P0:43;P1:170.0;P2:190.0;P3:118.0;,02:30

A1PLQGQ95NICAF,localGlobalEx,3,7,1568957023269,0,Removed cell 6-1-true,4 4,P0:;P1:;P2:4;;P3:4;,1 1 1 1 3 4 2 2 2 4 ,5 5 ,P0:-102;P1:170.0;P2:190.0;P3:118.0;,02:53
A1PLQGQ95NICAF,localGlobalEx,3,7,1568957024286,0,Removed cell 6-2-true,4 4,P0:;P1:;P2:4;;P3:4;,1 1 1 1 3 4 2 2 2 4 3 ,5 5 ,P0:-97;P1:170.0;P2:190.0;P3:118.0;,02:52
A1PLQGQ95NICAF,localGlobalEx,3,7,1568957025754,0,Removed cell 5-1-false,4 4,P0:;P1:;P2:4;;P3:4;,1 1 1 1 3 4 2 2 2 4 3 5 ,5 5 ,P0:-92;P1:170.0;P2:190.0;P3:118.0;,02:51
A1PLQGQ95NICAF,localGlobalEx,3,7,1568957027226,0,Removed cell 4-1-true,4 4,P0:;P1:;P2:4;;P3:4;,1 1 1 1 3 4 2 2 2 4 3 5 3 ,5 5 ,P0:-87;P1:170.0;P2:190.0;P3:118.0;,02:49
A1PLQGQ95NICAF,localGlobalEx,3,7,1568957029773,0,Removed cell 3-1-true,4 4,P0:;P1:;P2:4;;P3:4;,1 1 1 1 3 4 2 2 2 4 3 5 3 4 ,5 5 ,P0:-82;P1:170.0;P2:190.0;P3:118.0;,02:47
A1PLQGQ95NICAF,localGlobalEx,3,7,1568957030652,0,Removed cell 3-0-true,4 4,P0:;P1:;P2:4;;P3:4;,1 1 1 1 3 4 2 2 2 4 3 5 3 4 3 ,5 5 ,P0:-77;P1:170.0;P2:190.0;P3:118.0;,02:46
A1PLQGQ95NICAF,localGlobalEx,3,7,1568957031612,0,Removed cell 2-0-true,4 4,P0:;P1:;P2:4;;P3:4;,1 1 1 1 3 4 2 2 2 4 3 5 3 4 3 4 ,5 5 ,P0:-72;P1:170.0;P2:190.0;P3:118.0;,02:45
A1PLQGQ95NICAF,localGlobalEx,3,7,1568957032699,0,Removed cell 1-0-true,4 4,P0:;P1:;P2:4;;P3:4;,1 1 1 1 3 4 2 2 2 4 3 5 3 4 3 4 5 ,5 5 ,P0:-67;P1:170.0;P2:190.0;P3:118.0;,02:44
A1PLQGQ95NICAF,localGlobalEx,3,7,1568957037322,0,Added cell 1-0-false,4 4,P0:;P1:;P2:4;;P3:4;,1 1 1 1 3 4 2 2 2 4 3 3 4 3 4 5 ,5 5 ,P0:-72;P1:170.0;P2:190.0;P3:118.0;,02:39
A1PLQGQ95NICAF,localGlobalEx,3,7,1568957038654,0,Added cell 2-0-true,4 4,P0:;P1:;P2:4;;P3:4;,1 1 1 1 3 2 2 2 4 3 3 4 3 4 5 ,5 5 ,P0:-77;P1:170.0;P2:190.0;P3:118.0;,02:38
A1PLQGQ95NICAF,localGlobalEx,3,7,1568957041150,0,Removed cell 1-0-true,4 4,P0:;P1:;P2:4;;P3:4;,1 1 1 1 3 2 2 2 4 3 3 4 3 4 5 5 ,5 5 ,P0:-72;P1:170.0;P2:190.0;P3:118.0;,02:36
A1PLQGQ95NICAF,localGlobalEx,3,7,1568957042492,0,Removed cell 2-0-true,4 4,P0:;P1:;P2:4;;P3:4;,1 1 1 1 3 2 2 2 4 3 3 4 3 4 5 5 4 ,5 5 ,P0:-67;P1:170.0;P2:190.0;P3:118.0;,02:34
A1PLQGQ95NICAF,localGlobalEx,3,7,1568957043639,0,Added cell 0-1-true,4 4,P0:;P1:;P2:4;;P3:4;,1 1 1 1 3 2 2 4 3 3 4 3 4 5 5 4 ,5 5 ,P0:-72;P1:170.0;P2:190.0;P3:118.0;,02:33
A1PLQGQ95NICAF,localGlobalEx,3,7,1568957045103,0,Added cell 0-2-true,4 4,P0:;P1:;P2:4;;P3:4;,1 1 1 1 3 2 2 3 3 4 3 4 5 5 4 ,5 5 ,P0:-77;P1:170.0;P2:190.0;P3:118.0;,02:32
A1PLQGQ95NICAF,localGlobalEx,3,7,1568957046340,0,Added cell 1-2-true,4 4,P0:;P1:;P2:4;;P3:4;,1 1 1 3 2 2 3 3 4 3 4 5 5 4 ,5 5 ,P0:-82;P1:170.0;P2:190.0;P3:118.0;,02:30
A1PLQGQ95NICAF,localGlobalEx,3,7,1568957048537,0,Added cell 2-2-false,4 4,P0:;P1:;P2:4;;P3:4;,1 1 1 3 2 2 3 3 4 3 4 5 4 ,5 5 ,P0:-87;P1:170.0;P2:190.0;P3:118.0;,02:28
A1PLQGQ95NICAF,localGlobalEx,3,7,1568957051455,0,Added cell 3-2-true,4 4,P0:;P1:;P2:4;;P3:4;,1 1 1 3 2 3 3 4 3 4 5 4 ,5 5 ,P0:-92;P1:170.0;P2:190.0;P3:118.0;,02:25
A1PLQGQ95NICAF,localGlobalEx,3,7,1568957053327,0,Removed cell 3-2-true,4 4,P0:;P1:;P2:4;;P3:4;,1 1 1 3 2 3 3 4 3 4 5 4 2 ,5 5 ,P0:-87;P1:170.0;P2:190.0;P3:118.0;,02:23
A1PLQGQ95NICAF,localGlobalEx,3,7,1568957054451,0,Removed cell 2-2-true,4 4,P0:;P1:;P2:4;;P3:4;,1 1 1 3 2 3 3 4 3 4 5 4 2 5 ,5 5 ,P0:-82;P1:170.0;P2:190.0;P3:118.0;,02:22
A1PLQGQ95NICAF,localGlobalEx,3,7,1568957055516,0,Removed cell 1-2-true,4 4,P0:;P1:;P2:4;;P3:4;,1 1 1 3 2 3 3 4 3 4 5 4 2 5 1 ,5 5 ,P0:-77;P1:170.0;P2:190.0;P3:118.0;,02:21
A1PLQGQ95NICAF,localGlobalEx,3,7,1568957056557,0,Removed cell 0-2-true,4 4,P0:;P1:;P2:4;;P3:4;,1 1 1 3 2 3 3 4 3 4 5 4 2 5 1 4 ,5 5 ,P0:-72;P1:170.0;P2:190.0;P3:118.0;,02:20
A1PLQGQ95NICAF,localGlobalEx,3,7,1568957057475,0,Removed cell 0-1-true,4 4,P0:;P1:;P2:4;;P3:4;,1 1 1 3 2 3 3 4 3 4 5 4 2 5 1 4 2 ,5 5 ,P0:-67;P1:170.0;P2:190.0;P3:118.0;,02:19
A1PLQGQ95NICAF,localGlobalEx,3,7,1568957059614,0,Tried to add own cell 0-0,4 4,P0:;P1:;P2:4;;P3:4;,1 1 1 3 2 3 3 4 3 4 5 4 2 5 1 4 2 ,5 5 ,P0:-67;P1:170.0;P2:190.0;P3:118.0;,02:17
A1PLQGQ95NICAF,localGlobalEx,3,7,1568957064874,0,Restore suggested path,4 4,P0:;P1:;P2:4;;P3:4;,1 1 1 1 3 4 2 2 2,5 5 ,P0:43;P1:170.0;P2:190.0;P3:118.0;,02:12
A1PLQGQ95NICAF,localGlobalEx,3,7,1568957075385,0,Motivation: I ask for 2,4 4,P0:;P1:;P2:4;;P3:4;,1 1 1 1 3 4 2 2 2,5 5 ,P0:43;P1:170.0;P2:190.0;P3:118.0;,02:01
A1PLQGQ95NICAF,localGlobalEx,3,7,1568957075386,0,Ending game,4 4,P0:;P1:;P2:4;;P3:4;,1 1 1 1 3 4 2 2 2,5 5 ,P0:43;P1:170.0;P2:190.0;P3:118.0;,02:01
A1PLQGQ95NICAF,localGlobalEx,10,8,1568957077406,0,Starting new game,2 2,P0:;P1:2;;P2:2;;P3:,1 2 5 5 5 5,3 3 ,P0:28;P1:205.0;P2:160.0;P3:43.0;,02:01

A1PLQGQ95NICAF,localGlobalEx,10,8,1568957096037,0,Motivation: I ask them both for 1,2 2,P0:;P1:2;;P2:2;;P3:,1 2 5 5 5 5,3 3 ,P0:28;P1:205.0;P2:160.0;P3:43.0;,02:43
A1PLQGQ95NICAF,localGlobalEx,10,8,1568957096038,0,Ending game,2 2,P0:;P1:2;;P2:2;;P3:,1 2 5 5 5 5,3 3 ,P0:28;P1:205.0;P2:160.0;P3:43.0;,02:43
A1PLQGQ95NICAF,localGlobalEx,4,9,1568957097976,0,Starting new game,,P0:;P1:;P2:;P3:,5 5 5,,P0:165;P1:170.0;P2:200.0;P3:195.0;,02:43

