A1WJU1IQ3UTRC6,InstructionQuestions,1,1,1,1,1,1,1,1,0,1
A1WJU1IQ3UTRC6,InstructionQuestions,1,1,1,1,1,1,1,1,1,1

A1WJU1IQ3UTRC6,2,5,0,1568960344212,0,Read score file,,P0:;P1:;P2:;P3:;P4:;P5:,-,,,undefined:undefined
A1WJU1IQ3UTRC6,2,5,0,1568960652215,0,Read new file,,P0:;P1:;P2:;P3:;P4:;P5:,-,,,undefined:undefined
A1WJU1IQ3UTRC6,2,5,0,1568960652808,0,Starting new game,,P0:;P1:;P2:,2 3 3 4,,P0:170;P1:190.0;P2:195.0;,undefined:undefined
A1WJU1IQ3UTRC6,2,5,0,1568960689086,0,Changed player,,P0:;P1:;P2:,2 3 3 4,,P0:170;P1:190.0;P2:195.0;,03:25
A1WJU1IQ3UTRC6,2,5,0,1568960719919,0,Motivation: I agree with this,,P0:;P1:;P2:,2 3 3 4,,P0:170;P1:190.0;P2:195.0;,02:54
A1WJU1IQ3UTRC6,2,5,0,1568960719920,0,Ending game,,P0:;P1:;P2:,2 3 3 4,,P0:170;P1:190.0;P2:195.0;,02:54
A1WJU1IQ3UTRC6,2,6,1,1568960722479,0,Starting new game,2,P0:;P1:2;;P2:,2 2 2 2 2 2,3,P0:104;P1:99.0;P2:195.0;,02:54

A1WJU1IQ3UTRC6,2,6,1,1568960766733,0,Motivation: I agree that this is the best way,2,P0:;P1:2;;P2:,2 2 2 2 2 2,3,P0:104;P1:99.0;P2:195.0;,03:17
A1WJU1IQ3UTRC6,2,6,1,1568960766734,0,Ending game,2,P0:;P1:2;;P2:,2 2 2 2 2 2,3,P0:104;P1:99.0;P2:195.0;,03:17
A1WJU1IQ3UTRC6,2,6,1,1568960766743,0,wrong answer told to try again,2,P0:;P1:2;;P2:,2 2 2 2 2 2,3,P0:104;P1:99.0;P2:195.0;,03:17
A1WJU1IQ3UTRC6,2,6,1,1568960792534,1,Changed player,2,P0:;P1:;P2:1;,1 1 1 3 3,2,P0:104;P1:99.0;P2:195.0;,02:51
A1WJU1IQ3UTRC6,2,6,1,1568960808491,1,Clear path,,P0:;P1:;P2:,2 1 3 3 3 1 4 1 4 1,,P0:104;P1:50;P2:195.0;,02:35
A1WJU1IQ3UTRC6,2,6,1,1568960813130,1,Restore suggested path,1,P0:;P1:;P2:1;,1 1 1 3 3,2,P0:104;P1:99;P2:195.0;,02:31
A1WJU1IQ3UTRC6,2,6,1,1568960866728,0,Changed player,1,P0:;P1:2;;P2:,2 2 2 2 2 2,3,P0:104;P1:99;P2:195.0;,01:37
A1WJU1IQ3UTRC6,2,6,1,1568960879122,1,Changed player,1,P0:;P1:;P2:1;,1 1 1 3 3,2,P0:104;P1:99;P2:195.0;,01:25
A1WJU1IQ3UTRC6,2,6,1,1568960892626,1,Motivation: I agree with this,1,P0:;P1:;P2:1;,1 1 1 3 3,2,P0:104;P1:99;P2:195.0;,01:11
A1WJU1IQ3UTRC6,2,6,1,1568960892626,1,Ending game,1,P0:;P1:;P2:1;,1 1 1 3 3,2,P0:104;P1:99;P2:195.0;,01:11
A1WJU1IQ3UTRC6,2,6,1,1568960892630,1,wrong answer told to try again,1,P0:;P1:;P2:1;,1 1 1 3 3,2,P0:104;P1:99;P2:195.0;,01:11
A1WJU1IQ3UTRC6,2,6,1,1568960908304,0,Changed player,1,P0:;P1:2;;P2:,2 2 2 2 2 2,3,P0:104;P1:99;P2:195.0;,00:56
A1WJU1IQ3UTRC6,2,6,1,1568960915478,0,Clear path,,P0:;P1:;P2:,2 2 2 2 2 2 2 2 4 2,,P0:50;P1:99;P2:195.0;,00:49
A1WJU1IQ3UTRC6,2,6,1,1568960917725,1,Changed player,,P0:;P1:;P2:1;,1 1 1 3 3,2,P0:50;P1:99;P2:195.0;,00:46
A1WJU1IQ3UTRC6,2,6,1,1568960947900,1,Motivation: this looks better,,P0:;P1:;P2:1;,1 1 1 3 3,2,P0:50;P1:99;P2:195.0;,00:16
A1WJU1IQ3UTRC6,2,6,1,1568960947901,1,Ending game,,P0:;P1:;P2:1;,1 1 1 3 3,2,P0:50;P1:99;P2:195.0;,00:16
A1WJU1IQ3UTRC6,2,3,2,1568960949944,0,Starting new game,0,P0:;P1:0;;P2:,3 3 2 2 4 4,1,P0:104;P1:185.0;P2:190.0;,00:16

A1WJU1IQ3UTRC6,2,3,2,1568960970435,1,Changed player,0,P0:;P1:;P2:,1 1 1 3 3 3 3,,P0:104;P1:185.0;P2:190.0;,03:41
A1WJU1IQ3UTRC6,2,3,2,1568960981298,1,Motivation: This looks good already,0,P0:;P1:;P2:,1 1 1 3 3 3 3,,P0:104;P1:185.0;P2:190.0;,03:30
A1WJU1IQ3UTRC6,2,3,2,1568960981298,1,Ending game,0,P0:;P1:;P2:,1 1 1 3 3 3 3,,P0:104;P1:185.0;P2:190.0;,03:30
A1WJU1IQ3UTRC6,2,3,2,1568960981303,1,wrong answer told to try again,0,P0:;P1:;P2:,1 1 1 3 3 3 3,,P0:104;P1:185.0;P2:190.0;,03:30
A1WJU1IQ3UTRC6,2,3,2,1568960987915,0,Changed player,0,P0:;P1:0;;P2:,3 3 2 2 4 4,1,P0:104;P1:185.0;P2:190.0;,03:24
A1WJU1IQ3UTRC6,2,3,2,1568961008185,0,Clear path,,P0:;P1:;P2:,3 2 2 2 4 4 2 3 2 4,,P0:50;P1:185.0;P2:190.0;,03:03
A1WJU1IQ3UTRC6,2,3,2,1568961009386,0,Added cell 1-2-true,,P0:;P1:;P2:,3 2 2 4 4 2 3 2 4 ,,P0:45;P1:185.0;P2:190.0;,03:02
A1WJU1IQ3UTRC6,2,3,2,1568961010916,0,Added cell 2-2-true,,P0:;P1:;P2:,3 2 4 4 2 3 2 4 ,,P0:40;P1:185.0;P2:190.0;,03:01
A1WJU1IQ3UTRC6,2,3,2,1568961011334,0,Added cell 2-1-true,,P0:;P1:;P2:,3 4 4 2 3 2 4 ,,P0:35;P1:185.0;P2:190.0;,03:00
A1WJU1IQ3UTRC6,2,3,2,1568961011799,0,Added cell 3-1-true,,P0:;P1:;P2:,3 4 4 3 2 4 ,,P0:30;P1:185.0;P2:190.0;,03:00
A1WJU1IQ3UTRC6,2,3,2,1568961012273,0,Added cell 4-1-true,,P0:;P1:;P2:,3 4 3 2 4 ,,P0:25;P1:185.0;P2:190.0;,02:59
A1WJU1IQ3UTRC6,2,3,2,1568961012928,0,Added cell 4-2-true,,P0:;P1:;P2:,3 4 3 4 ,,P0:20;P1:185.0;P2:190.0;,02:59
A1WJU1IQ3UTRC6,2,3,2,1568961013518,0,Added cell 4-3-true,,P0:;P1:;P2:,3 3 4 ,,P0:165;P1:185.0;P2:190.0;,02:58
A1WJU1IQ3UTRC6,2,3,2,1568961020602,0,Motivation: This is better,,P0:;P1:;P2:,3 3 4 ,,P0:165;P1:185.0;P2:190.0;,02:51
A1WJU1IQ3UTRC6,2,3,2,1568961020602,0,Ending game,,P0:;P1:;P2:,3 3 4 ,,P0:165;P1:185.0;P2:190.0;,02:51
A1WJU1IQ3UTRC6,2,8,3,1568961022482,0,Starting new game,0 2,P0:;P1:0;;P2:2;,2 2 2 2 2 4 4 4 4 4,1 3 ,P0:48;P1:195.0;P2:180.0;,02:51

A1WJU1IQ3UTRC6,2,8,3,1568961041968,0,Clear path,,P0:;P1:;P2:,4 2 2 2 4 4 4 2 2 4,,P0:50;P1:195.0;P2:180.0;,03:42
A1WJU1IQ3UTRC6,2,8,3,1568961055540,1,Changed player,,P0:;P1:;P2:,1 1 4 4 2 2 2 2 2,,P0:50;P1:195.0;P2:180.0;,03:28
A1WJU1IQ3UTRC6,2,8,3,1568961061695,2,Changed player,,P0:;P1:;P2:,2 2 2 2 2 3,,P0:50;P1:195.0;P2:180.0;,03:22
A1WJU1IQ3UTRC6,2,8,3,1568961064335,2,Motivation: better to do nothing,,P0:;P1:;P2:,2 2 2 2 2 3,,P0:50;P1:195.0;P2:180.0;,03:20
A1WJU1IQ3UTRC6,2,8,3,1568961064335,2,Ending game,,P0:;P1:;P2:,2 2 2 2 2 3,,P0:50;P1:195.0;P2:180.0;,03:20
A1WJU1IQ3UTRC6,2,4,4,1568961068312,0,Starting new game,1,P0:;P1:;P2:1;,4 4 4 1 1 1 3 3,2,P0:114;P1:190.0;P2:185.0;,03:20

A1WJU1IQ3UTRC6,2,4,4,1568961087504,1,Changed player,1,P0:;P1:;P2:,1 1 1 3 3 3 4 4,,P0:114;P1:190.0;P2:185.0;,03:42
A1WJU1IQ3UTRC6,2,4,4,1568961089847,2,Changed player,1,P0:;P1:;P2:,4 4 4 4 4 2 2,,P0:114;P1:190.0;P2:185.0;,03:40
A1WJU1IQ3UTRC6,2,4,4,1568961096619,2,Motivation: it's perfect,1,P0:;P1:;P2:,4 4 4 4 4 2 2,,P0:114;P1:190.0;P2:185.0;,03:33
A1WJU1IQ3UTRC6,2,4,4,1568961096619,2,Ending game,1,P0:;P1:;P2:,4 4 4 4 4 2 2,,P0:114;P1:190.0;P2:185.0;,03:33
A1WJU1IQ3UTRC6,2,1,5,1568961098363,0,Starting new game,3 0,P0:;P1:3;;P2:0;,3 3 3 3 3 3 3 3 3,1 4 ,P0:43;P1:180.0;P2:180.0;,03:33

A1WJU1IQ3UTRC6,2,1,5,1568961107258,0,Clear path,,P0:;P1:;P2:,3 3 3 3 3 3 3 3 3 3,,P0:50;P1:180.0;P2:180.0;,03:53
A1WJU1IQ3UTRC6,2,1,5,1568961118842,0,Motivation: More points doing nothing,,P0:;P1:;P2:,3 3 3 3 3 3 3 3 3 3,,P0:50;P1:180.0;P2:180.0;,03:41
A1WJU1IQ3UTRC6,2,1,5,1568961118842,0,Ending game,,P0:;P1:;P2:,3 3 3 3 3 3 3 3 3 3,,P0:50;P1:180.0;P2:180.0;,03:41
A1WJU1IQ3UTRC6,2,7,6,1568961120849,0,Starting new game,3,P0:;P1:3;;P2:,1 3 3 3 2 2 2,4,P0:109;P1:185.0;P2:109.0;,03:41

A1WJU1IQ3UTRC6,2,7,6,1568961144234,0,Clear path,,P0:;P1:;P2:,1 1 3 3 2 1 2 3 3 2,,P0:50;P1:185.0;P2:109.0;,03:38
A1WJU1IQ3UTRC6,2,7,6,1568961145287,0,Added cell 1-2-true,,P0:;P1:;P2:,1 3 3 2 1 2 3 3 2 ,,P0:45;P1:185.0;P2:109.0;,03:37
A1WJU1IQ3UTRC6,2,7,6,1568961146388,0,Added cell 2-2-true,,P0:;P1:;P2:,1 3 2 1 2 3 3 2 ,,P0:40;P1:185.0;P2:109.0;,03:36
A1WJU1IQ3UTRC6,2,7,6,1568961146867,0,Added cell 3-2-true,,P0:;P1:;P2:,1 3 1 2 3 3 2 ,,P0:35;P1:185.0;P2:109.0;,03:35
A1WJU1IQ3UTRC6,2,7,6,1568961147279,0,Added cell 3-3-true,,P0:;P1:;P2:,1 1 2 3 3 2 ,,P0:30;P1:185.0;P2:109.0;,03:35
A1WJU1IQ3UTRC6,2,7,6,1568961147686,0,Added cell 3-4-true,,P0:;P1:;P2:,1 2 3 3 2 ,,P0:25;P1:185.0;P2:109.0;,03:35
A1WJU1IQ3UTRC6,2,7,6,1568961148215,0,Added cell 2-4-true,,P0:;P1:;P2:,2 3 3 2 ,,P0:170;P1:185.0;P2:109.0;,03:34
A1WJU1IQ3UTRC6,2,7,6,1568961158122,0,Motivation: more points this way,,P0:;P1:;P2:,2 3 3 2 ,,P0:170;P1:185.0;P2:109.0;,03:24
A1WJU1IQ3UTRC6,2,7,6,1568961158122,0,Ending game,,P0:;P1:;P2:,2 3 3 2 ,,P0:170;P1:185.0;P2:109.0;,03:24
A1WJU1IQ3UTRC6,2,2,7,1568961159946,0,Starting new game,2,P0:;P1:;P2:2;,2 2 2 2 2 1 1,3,P0:109;P1:119.0;P2:114.0;,03:24

A1WJU1IQ3UTRC6,2,2,7,1568961174764,0,Motivation: looks good,2,P0:;P1:;P2:2;,2 2 2 2 2 1 1,3,P0:109;P1:119.0;P2:114.0;,03:47
A1WJU1IQ3UTRC6,2,2,7,1568961174764,0,Ending game,2,P0:;P1:;P2:2;,2 2 2 2 2 1 1,3,P0:109;P1:119.0;P2:114.0;,03:47
A1WJU1IQ3UTRC6,2,2,7,1568961174769,0,wrong answer told to try again,2,P0:;P1:;P2:2;,2 2 2 2 2 1 1,3,P0:109;P1:119.0;P2:114.0;,03:47
A1WJU1IQ3UTRC6,2,2,7,1568961182097,2,Changed player,2,P0:;P1:0;;P2:,3 2 2 2 4 4 4 4,1,P0:109;P1:119.0;P2:114.0;,03:39
A1WJU1IQ3UTRC6,2,2,7,1568961195098,2,Clear path,,P0:;P1:;P2:,2 4 3 2 3 4 3 4 4 2,,P0:109;P1:119.0;P2:50;,03:26
A1WJU1IQ3UTRC6,2,2,7,1568961195912,2,Added cell 4-2-true,,P0:;P1:;P2:,2 3 2 3 4 3 4 4 2 ,,P0:109;P1:119.0;P2:45;,03:26
A1WJU1IQ3UTRC6,2,2,7,1568961196491,2,Added cell 3-2-true,,P0:;P1:;P2:,2 2 3 4 3 4 4 2 ,,P0:109;P1:119.0;P2:40;,03:25
A1WJU1IQ3UTRC6,2,2,7,1568961197004,2,Added cell 2-2-true,,P0:;P1:;P2:,2 2 4 3 4 4 2 ,,P0:109;P1:119.0;P2:35;,03:24
A1WJU1IQ3UTRC6,2,2,7,1568961198096,2,Added cell 2-1-true,,P0:;P1:;P2:,2 2 4 4 4 2 ,,P0:109;P1:119.0;P2:30;,03:23
A1WJU1IQ3UTRC6,2,2,7,1568961198728,2,Denied adding cell 1-1-false,,P0:;P1:;P2:,2 2 4 4 4 2 ,,P0:109;P1:119.0;P2:30;,03:23
A1WJU1IQ3UTRC6,2,2,7,1568961201012,2,Added cell 1-2-true,,P0:;P1:;P2:,2 2 4 4 2 ,,P0:109;P1:119.0;P2:25;,03:20
A1WJU1IQ3UTRC6,2,2,7,1568961201975,2,Removed cell 2-1-false,,P0:;P1:;P2:,2 2 4 4 2 3 ,,P0:109;P1:119.0;P2:30;,03:19
A1WJU1IQ3UTRC6,2,2,7,1568961202553,2,Removed cell 1-2-true,,P0:;P1:;P2:,2 2 4 4 2 3 4 ,,P0:109;P1:119.0;P2:35;,03:19
A1WJU1IQ3UTRC6,2,2,7,1568961203245,2,Added cell 1-2-true,,P0:;P1:;P2:,2 2 4 2 3 4 ,,P0:109;P1:119.0;P2:30;,03:18
A1WJU1IQ3UTRC6,2,2,7,1568961203760,2,Added cell 1-1-true,,P0:;P1:;P2:,2 2 4 2 4 ,,P0:109;P1:119.0;P2:175;,03:18
A1WJU1IQ3UTRC6,2,2,7,1568961213049,2,Motivation: This is better for all,,P0:;P1:;P2:,2 2 4 2 4 ,,P0:109;P1:119.0;P2:175;,03:08
A1WJU1IQ3UTRC6,2,2,7,1568961213049,2,Ending game,,P0:;P1:;P2:,2 2 4 2 4 ,,P0:109;P1:119.0;P2:175;,03:08
A1WJU1IQ3UTRC6,2,2,7,1568961213055,2,wrong answer told to try again,,P0:;P1:;P2:,2 2 4 2 4 ,,P0:109;P1:119.0;P2:175;,03:08
A1WJU1IQ3UTRC6,2,2,7,1568961215945,1,Changed player,,P0:;P1:;P2:2;,2 1 1 4 4 4 4 4 4,3,P0:109;P1:119.0;P2:175;,03:06
A1WJU1IQ3UTRC6,2,2,7,1568961219033,1,Clear path,,P0:;P1:;P2:,1 4 4 4 2 4 1 4 4 4,,P0:109;P1:50;P2:175;,03:02
A1WJU1IQ3UTRC6,2,2,7,1568961223913,1,Motivation: better for all,,P0:;P1:;P2:,1 4 4 4 2 4 1 4 4 4,,P0:109;P1:50;P2:175;,02:58
A1WJU1IQ3UTRC6,2,2,7,1568961223913,1,Ending game,,P0:;P1:;P2:,1 4 4 4 2 4 1 4 4 4,,P0:109;P1:50;P2:175;,02:58
A1WJU1IQ3UTRC6,2,2,7,1568961223917,1,wrong answer told to try again,,P0:;P1:;P2:,1 4 4 4 2 4 1 4 4 4,,P0:109;P1:50;P2:175;,02:58
A1WJU1IQ3UTRC6,2,2,7,1568961233460,1,Restore suggested path,2,P0:;P1:;P2:2;,2 1 1 4 4 4 4 4 4,3,P0:109;P1:119;P2:175;,02:48
A1WJU1IQ3UTRC6,2,2,7,1568961234560,0,Changed player,2,P0:;P1:;P2:2;,2 2 2 2 2 1 1,3,P0:109;P1:119;P2:175;,02:47
A1WJU1IQ3UTRC6,2,2,7,1568961247130,0,Clear path,,P0:;P1:;P2:,2 4 1 4 3 2 2 2 2 1,,P0:50;P1:119;P2:175;,02:34
A1WJU1IQ3UTRC6,2,2,7,1568961265591,0,Motivation: staying still is better for me,,P0:;P1:;P2:,2 4 1 4 3 2 2 2 2 1,,P0:50;P1:119;P2:175;,02:16
A1WJU1IQ3UTRC6,2,2,7,1568961265591,0,Ending game,,P0:;P1:;P2:,2 4 1 4 3 2 2 2 2 1,,P0:50;P1:119;P2:175;,02:16

END_TRAINING_START_GAME


A1WJU1IQ3UTRC6,localGlobalEx,5,0,1568961273231,0,Read score file,,P0:;P1:;P2:;P3:;P4:;P5:,-,,,undefined:undefined
A1WJU1IQ3UTRC6,localGlobalEx,5,0,1568961281622,0,Read new file,,P0:;P1:;P2:;P3:;P4:;P5:,-,,,undefined:undefined
A1WJU1IQ3UTRC6,localGlobalEx,5,0,1568961281935,0,Starting new game,1,P0:;P1:1;;P2:;P3:,3 4 5 5 5 5 5,2,P0:109;P1:195.0;P2:134.0;P3:118.0;,undefined:undefined
A1WJU1IQ3UTRC6,localGlobalEx,5,0,1568961316924,1,Changed player,1,P0:;P1:;P2:;P3:,2 2 2 3 3 3 1 5 5,,P0:109;P1:195.0;P2:134.0;P3:118.0;,02:27
A1WJU1IQ3UTRC6,localGlobalEx,5,0,1568961319615,2,Changed player,1,P0:;P1:4;;P2:;P3:,1 1 1 1 1 1 1 2 2 3 4 4,5,P0:109;P1:195.0;P2:134.0;P3:118.0;,02:24
A1WJU1IQ3UTRC6,localGlobalEx,5,0,1568961333090,3,Changed player,1,P0:;P1:;P2:3;3;;P3:,1 1 1 1 2 2 2 5 3 3,4 4 ,P0:109;P1:195.0;P2:134.0;P3:118.0;,02:10
A1WJU1IQ3UTRC6,localGlobalEx,5,0,1568961336386,3,Changed player,1,P0:;P1:;P2:3;3;;P3:,1 1 1 1 2 2 2 5 3 3,4 4 ,P0:109;P1:195.0;P2:134.0;P3:118.0;,02:07
A1WJU1IQ3UTRC6,localGlobalEx,5,0,1568961337140,2,Changed player,1,P0:;P1:4;;P2:;P3:,1 1 1 1 1 1 1 2 2 3 4 4,5,P0:109;P1:195.0;P2:134.0;P3:118.0;,02:06
A1WJU1IQ3UTRC6,localGlobalEx,5,0,1568961339260,3,Changed player,1,P0:;P1:;P2:3;3;;P3:,1 1 1 1 2 2 2 5 3 3,4 4 ,P0:109;P1:195.0;P2:134.0;P3:118.0;,02:04
A1WJU1IQ3UTRC6,localGlobalEx,5,0,1568961370187,3,Motivation: i think this works fine,1,P0:;P1:;P2:3;3;;P3:,1 1 1 1 2 2 2 5 3 3,4 4 ,P0:109;P1:195.0;P2:134.0;P3:118.0;,01:33
A1WJU1IQ3UTRC6,localGlobalEx,5,0,1568961370187,3,Ending game,1,P0:;P1:;P2:3;3;;P3:,1 1 1 1 2 2 2 5 3 3,4 4 ,P0:109;P1:195.0;P2:134.0;P3:118.0;,01:33
A1WJU1IQ3UTRC6,localGlobalEx,3,1,1568961372252,0,Starting new game,4 4,P0:;P1:;P2:4;;P3:4;,1 1 1 1 3 4 2 2 2,5 5 ,P0:43;P1:170.0;P2:190.0;P3:118.0;,01:33

A1WJU1IQ3UTRC6,localGlobalEx,3,1,1568961400110,1,Changed player,4 4,P0:;P1:;P2:;P3:,2 2 3 3,,P0:43;P1:170.0;P2:190.0;P3:118.0;,02:34
A1WJU1IQ3UTRC6,localGlobalEx,3,1,1568961428915,2,Changed player,4 4,P0:;P1:;P2:;P3:,1 1 1 1 1 2 2 5,,P0:43;P1:170.0;P2:190.0;P3:118.0;,02:05
A1WJU1IQ3UTRC6,localGlobalEx,3,1,1568961431053,3,Changed player,4 4,P0:;P1:1;1;;P2:;P3:,4 4 1 1 1 1 3 3 3 5,2 2 ,P0:43;P1:170.0;P2:190.0;P3:118.0;,02:03
A1WJU1IQ3UTRC6,localGlobalEx,3,1,1568961434962,0,Changed player,4 4,P0:;P1:;P2:4;;P3:4;,1 1 1 1 3 4 2 2 2,5 5 ,P0:43;P1:170.0;P2:190.0;P3:118.0;,01:59
A1WJU1IQ3UTRC6,localGlobalEx,3,1,1568961437206,0,Clear path,,P0:;P1:;P2:;P3:,3 1 2 3 4 3 2 1 2 4 1 1 3 4 4 ,,P0:75;P1:170.0;P2:190.0;P3:118.0;,01:57
A1WJU1IQ3UTRC6,localGlobalEx,3,1,1568961451357,0,Motivation: better to do nothing,,P0:;P1:;P2:;P3:,3 1 2 3 4 3 2 1 2 4 1 1 3 4 4 ,,P0:75;P1:170.0;P2:190.0;P3:118.0;,01:42
A1WJU1IQ3UTRC6,localGlobalEx,3,1,1568961451358,0,Ending game,,P0:;P1:;P2:;P3:,3 1 2 3 4 3 2 1 2 4 1 1 3 4 4 ,,P0:75;P1:170.0;P2:190.0;P3:118.0;,01:42
A1WJU1IQ3UTRC6,localGlobalEx,8,2,1568961453604,0,Starting new game,2 2,P0:;P1:;P2:;P3:2;2;,1 1 1 1 1 1 4 4,3 3 ,P0:108;P1:205.0;P2:175.0;P3:119.0;,01:42

A1WJU1IQ3UTRC6,localGlobalEx,8,2,1568961588609,3,Changed player,2 2,P0:;P1:4;;P2:;P3:,2 2 3 3 1 1 1 4 4,5,P0:108;P1:205.0;P2:175.0;P3:119.0;,00:47
A1WJU1IQ3UTRC6,localGlobalEx,8,2,1568961611219,3,Removed cell 7-1-false,2 2,P0:;P1:4;;P2:;P3:,2 2 3 3 1 1 1 4 4 5 ,5,P0:108;P1:205.0;P2:175.0;P3:-26;,00:24
A1WJU1IQ3UTRC6,localGlobalEx,8,2,1568961612611,3,Added cell 6-0-true,2 2,P0:;P1:4;;P2:;P3:,2 3 3 1 1 1 4 4 5 ,5,P0:108;P1:205.0;P2:175.0;P3:-31;,00:23
A1WJU1IQ3UTRC6,localGlobalEx,8,2,1568961613068,3,Added cell 7-0-true,2 2,P0:;P1:4;;P2:;P3:,2 3 1 1 1 4 4 5 ,5,P0:108;P1:205.0;P2:175.0;P3:-36;,00:22
A1WJU1IQ3UTRC6,localGlobalEx,8,2,1568961613638,3,Added cell 8-0-true,2 2,P0:;P1:4;;P2:;P3:,3 1 1 1 4 4 5 ,5,P0:108;P1:205.0;P2:175.0;P3:109;,00:21
A1WJU1IQ3UTRC6,localGlobalEx,8,2,1568961625674,2,Changed player,2 2,P0:;P1:;P2:;P3:,5 5 5 4 4,,P0:108;P1:205.0;P2:175.0;P3:109;,00:09
A1WJU1IQ3UTRC6,localGlobalEx,8,2,1568961626433,3,Changed player,2 2,P0:;P1:4;;P2:;P3:,3 1 1 1 4 4 5 ,5,P0:108;P1:205.0;P2:175.0;P3:109;,00:09
A1WJU1IQ3UTRC6,localGlobalEx,8,2,1568961632179,3,Motivation: this is better,2 2,P0:;P1:4;;P2:;P3:,3 1 1 1 4 4 5 ,5,P0:108;P1:205.0;P2:175.0;P3:109;,00:03
A1WJU1IQ3UTRC6,localGlobalEx,8,2,1568961632179,3,Ending game,2 2,P0:;P1:4;;P2:;P3:,3 1 1 1 4 4 5 ,5,P0:108;P1:205.0;P2:175.0;P3:109;,00:03
A1WJU1IQ3UTRC6,localGlobalEx,7,3,1568961634246,0,Starting new game,0,P0:;P1:0;;P2:;P3:,2,1,P0:79;P1:109.0;P2:114.0;P3:165.0;,00:03

A1WJU1IQ3UTRC6,localGlobalEx,7,3,1568961637783,0,Clear path,,P0:;P1:;P2:;P3:,3 4 1 2 4 2 2 5 2 1 4 5 1 3 2 ,,P0:75;P1:109.0;P2:114.0;P3:165.0;,02:58
A1WJU1IQ3UTRC6,localGlobalEx,7,3,1568961639976,0,Restore suggested path,0,P0:;P1:0;;P2:;P3:,2,1,P0:79;P1:109.0;P2:114.0;P3:165.0;,02:56
A1WJU1IQ3UTRC6,localGlobalEx,7,3,1568961653180,1,Changed player,0,P0:;P1:;P2:3;;P3:,2 2 2 1 1 5 5,4,P0:79;P1:109.0;P2:114.0;P3:165.0;,02:43
A1WJU1IQ3UTRC6,localGlobalEx,7,3,1568961654357,1,Clear path,,P0:;P1:;P2:;P3:,3 5 3 5 2 3 5 1 1 5 1 2 4 1 2 ,,P0:79;P1:75;P2:114.0;P3:165.0;,02:41
A1WJU1IQ3UTRC6,localGlobalEx,7,3,1568961655349,1,Restore suggested path,3,P0:;P1:;P2:3;;P3:,2 2 2 1 1 5 5,4,P0:79;P1:109;P2:114.0;P3:165.0;,02:40
A1WJU1IQ3UTRC6,localGlobalEx,7,3,1568961656561,2,Changed player,3,P0:;P1:;P2:;P3:2;,4 1 5 5 5 2 2 2,3,P0:79;P1:109;P2:114.0;P3:165.0;,02:39
A1WJU1IQ3UTRC6,localGlobalEx,7,3,1568961657679,2,Clear path,,P0:;P1:;P2:;P3:,2 5 5 1 4 5 1 2 2 5 2 5 2 4 5 ,,P0:79;P1:109;P2:75;P3:165.0;,02:38
A1WJU1IQ3UTRC6,localGlobalEx,7,3,1568961658594,2,Restore suggested path,2,P0:;P1:;P2:;P3:2;,4 1 5 5 5 2 2 2,3,P0:79;P1:109;P2:114;P3:165.0;,02:37
A1WJU1IQ3UTRC6,localGlobalEx,7,3,1568961672928,1,Changed player,2,P0:;P1:;P2:3;;P3:,2 2 2 1 1 5 5,4,P0:79;P1:109;P2:114;P3:165.0;,02:23
A1WJU1IQ3UTRC6,localGlobalEx,7,3,1568961685063,0,Changed player,2,P0:;P1:0;;P2:;P3:,2,1,P0:79;P1:109;P2:114;P3:165.0;,02:11
A1WJU1IQ3UTRC6,localGlobalEx,7,3,1568961734180,0,Clear path,,P0:;P1:;P2:;P3:,3 4 1 2 4 2 2 5 2 1 4 5 1 3 2 ,,P0:75;P1:109;P2:114;P3:165.0;,01:22
A1WJU1IQ3UTRC6,localGlobalEx,7,3,1568961735888,0,Restore suggested path,0,P0:;P1:0;;P2:;P3:,2,1,P0:79;P1:109;P2:114;P3:165.0;,01:20
A1WJU1IQ3UTRC6,localGlobalEx,7,3,1568961740954,0,Motivation: this is ok,0,P0:;P1:0;;P2:;P3:,2,1,P0:79;P1:109;P2:114;P3:165.0;,01:15
A1WJU1IQ3UTRC6,localGlobalEx,7,3,1568961740954,0,Ending game,0,P0:;P1:0;;P2:;P3:,2,1,P0:79;P1:109;P2:114;P3:165.0;,01:15
A1WJU1IQ3UTRC6,localGlobalEx,10,4,1568961742842,0,Starting new game,2 2,P0:;P1:2;;P2:2;;P3:,1 2 5 5 5 5,3 3 ,P0:28;P1:205.0;P2:160.0;P3:43.0;,01:15

A1WJU1IQ3UTRC6,localGlobalEx,10,4,1568961747755,0,Clear path,,P0:;P1:;P2:;P3:,1 5 2 5 4 1 2 2 2 1 4 5 1 5 5 ,,P0:75;P1:205.0;P2:160.0;P3:43.0;,02:57
A1WJU1IQ3UTRC6,localGlobalEx,10,4,1568961751146,3,Changed player,,P0:;P1:2;;P2:2;;P3:,4 4 5 5 1 1 2 2 2,3 3 ,P0:75;P1:205.0;P2:160.0;P3:43.0;,02:53
A1WJU1IQ3UTRC6,localGlobalEx,10,4,1568961753140,3,Clear path,,P0:;P1:;P2:;P3:,1 4 5 2 5 5 4 4 2 4 1 1 2 2 2 ,,P0:75;P1:205.0;P2:160.0;P3:75;,02:51
A1WJU1IQ3UTRC6,localGlobalEx,10,4,1568961764893,3,Motivation: better for me and player 3 to do nothing,,P0:;P1:;P2:;P3:,1 4 5 2 5 5 4 4 2 4 1 1 2 2 2 ,,P0:75;P1:205.0;P2:160.0;P3:75;,02:39
A1WJU1IQ3UTRC6,localGlobalEx,10,4,1568961764893,3,Ending game,,P0:;P1:;P2:;P3:,1 4 5 2 5 5 4 4 2 4 1 1 2 2 2 ,,P0:75;P1:205.0;P2:160.0;P3:75;,02:39
A1WJU1IQ3UTRC6,localGlobalEx,1,5,1568961766931,0,Starting new game,1,P0:;P1:;P2:;P3:1;,4 3 3 3 3 3 3,2,P0:109;P1:190.0;P2:104.0;P3:123.0;,02:39

A1WJU1IQ3UTRC6,localGlobalEx,1,5,1568961776362,2,Changed player,1,P0:;P1:;P2:;P3:1;,1 1 1 4 4 4,2,P0:109;P1:190.0;P2:104.0;P3:123.0;,02:52
A1WJU1IQ3UTRC6,localGlobalEx,1,5,1568961777851,2,Clear path,,P0:;P1:;P2:;P3:,3 3 3 4 3 1 3 1 1 5 4 4 1 4 5 ,,P0:109;P1:190.0;P2:75;P3:123.0;,02:51
A1WJU1IQ3UTRC6,localGlobalEx,1,5,1568961779452,2,Restore suggested path,1,P0:;P1:;P2:;P3:1;,1 1 1 4 4 4,2,P0:109;P1:190.0;P2:104;P3:123.0;,02:49
A1WJU1IQ3UTRC6,localGlobalEx,1,5,1568961781348,0,Changed player,1,P0:;P1:;P2:;P3:1;,4 3 3 3 3 3 3,2,P0:109;P1:190.0;P2:104;P3:123.0;,02:47
A1WJU1IQ3UTRC6,localGlobalEx,1,5,1568961822433,2,Changed player,1,P0:;P1:;P2:;P3:1;,1 1 1 4 4 4,2,P0:109;P1:190.0;P2:104;P3:123.0;,02:06
A1WJU1IQ3UTRC6,localGlobalEx,1,5,1568961829006,3,Changed player,1,P0:;P1:;P2:0;0;;P3:,2 2 2 4 4 4 5 5 5 3 3,1 1,P0:109;P1:190.0;P2:104;P3:123.0;,01:59
A1WJU1IQ3UTRC6,localGlobalEx,1,5,1568961830780,2,Changed player,1,P0:;P1:;P2:;P3:1;,1 1 1 4 4 4,2,P0:109;P1:190.0;P2:104;P3:123.0;,01:58
A1WJU1IQ3UTRC6,localGlobalEx,1,5,1568961846115,0,Changed player,1,P0:;P1:;P2:;P3:1;,4 3 3 3 3 3 3,2,P0:109;P1:190.0;P2:104;P3:123.0;,01:42
A1WJU1IQ3UTRC6,localGlobalEx,1,5,1568961858603,3,Changed player,1,P0:;P1:;P2:0;0;;P3:,2 2 2 4 4 4 5 5 5 3 3,1 1,P0:109;P1:190.0;P2:104;P3:123.0;,01:30
A1WJU1IQ3UTRC6,localGlobalEx,1,5,1568961896889,3,Clear path,,P0:;P1:;P2:;P3:,3 2 2 5 5 4 2 5 2 5 5 4 4 3 3 ,,P0:109;P1:190.0;P2:104;P3:75;,00:52
A1WJU1IQ3UTRC6,localGlobalEx,1,5,1568961899745,3,Added cell 1-7-true,,P0:;P1:;P2:;P3:,2 2 5 5 4 2 5 2 5 5 4 4 3 3 ,,P0:109;P1:190.0;P2:104;P3:70;,00:49
A1WJU1IQ3UTRC6,localGlobalEx,1,5,1568961906029,3,Clear path,,P0:;P1:;P2:;P3:,3 2 2 5 5 4 2 5 2 5 5 4 4 3 3 ,,P0:109;P1:190.0;P2:104;P3:75;,00:42
A1WJU1IQ3UTRC6,localGlobalEx,1,5,1568961906953,3,Added cell 2-8-true,,P0:;P1:;P2:;P3:,2 2 5 5 4 2 5 2 5 5 4 4 3 3 ,,P0:109;P1:190.0;P2:104;P3:70;,00:41
A1WJU1IQ3UTRC6,localGlobalEx,1,5,1568961907801,3,Added cell 2-7-true,,P0:;P1:;P2:;P3:,2 2 5 5 4 2 5 2 5 5 4 4 3 ,,P0:109;P1:190.0;P2:104;P3:65;,00:41
A1WJU1IQ3UTRC6,localGlobalEx,1,5,1568961910412,3,Added cell 3-7-true,,P0:;P1:;P2:;P3:,2 5 5 4 2 5 2 5 5 4 4 3 ,,P0:109;P1:190.0;P2:104;P3:60;,00:38
A1WJU1IQ3UTRC6,localGlobalEx,1,5,1568961911474,3,Added cell 3-6-true,,P0:;P1:;P2:;P3:,2 5 5 2 5 2 5 5 4 4 3 ,,P0:109;P1:190.0;P2:104;P3:55;,00:37
A1WJU1IQ3UTRC6,localGlobalEx,1,5,1568961913084,3,Added cell 3-5-true,,P0:;P1:;P2:;P3:,5 5 2 5 2 5 5 4 4 3 ,,P0:109;P1:190.0;P2:104;P3:50;,00:35
A1WJU1IQ3UTRC6,localGlobalEx,1,5,1568961913979,3,Added cell 4-5-true,,P0:;P1:;P2:;P3:,5 2 5 2 5 5 4 4 3 ,,P0:109;P1:190.0;P2:104;P3:45;,00:34
A1WJU1IQ3UTRC6,localGlobalEx,1,5,1568961914642,3,Added cell 5-5-true,,P0:;P1:;P2:;P3:,2 5 2 5 5 4 4 3 ,,P0:109;P1:190.0;P2:104;P3:40;,00:34
A1WJU1IQ3UTRC6,localGlobalEx,1,5,1568961915796,3,Added cell 6-5-true,,P0:;P1:;P2:;P3:,2 5 2 5 5 4 3 ,,P0:109;P1:190.0;P2:104;P3:35;,00:33
A1WJU1IQ3UTRC6,localGlobalEx,1,5,1568961917062,3,Added cell 7-5-true,,P0:;P1:;P2:;P3:,2 5 2 5 5 4 ,,P0:109;P1:190.0;P2:104;P3:30;,00:31
A1WJU1IQ3UTRC6,localGlobalEx,1,5,1568961918617,3,Added cell 7-6-true,,P0:;P1:;P2:;P3:,2 5 2 5 5 ,,P0:109;P1:190.0;P2:104;P3:25;,00:30
A1WJU1IQ3UTRC6,localGlobalEx,1,5,1568961919176,3,Added cell 7-7-true,,P0:;P1:;P2:;P3:,2 2 5 5 ,,P0:109;P1:190.0;P2:104;P3:20;,00:29
A1WJU1IQ3UTRC6,localGlobalEx,1,5,1568961919887,3,Added cell 7-8-true,,P0:;P1:;P2:;P3:,2 2 5 ,,P0:109;P1:190.0;P2:104;P3:165;,00:29
A1WJU1IQ3UTRC6,localGlobalEx,1,5,1568961931808,3,Motivation: better for player 3,,P0:;P1:;P2:;P3:,2 2 5 ,,P0:109;P1:190.0;P2:104;P3:165;,00:17
A1WJU1IQ3UTRC6,localGlobalEx,1,5,1568961931809,3,Ending game,,P0:;P1:;P2:;P3:,2 2 5 ,,P0:109;P1:190.0;P2:104;P3:165;,00:17
A1WJU1IQ3UTRC6,localGlobalEx,6,6,1568961933606,0,Starting new game,2 1,P0:;P1:2;;P2:1;;P3:,4 4 4 4 5 5 5 5,3 2 ,P0:38;P1:139.0;P2:180.0;P3:165.0;,00:17

A1WJU1IQ3UTRC6,localGlobalEx,6,6,1568961957160,0,Clear path,,P0:;P1:;P2:;P3:,2 5 5 4 5 1 5 4 4 3 4 4 4 5 4 ,,P0:75;P1:139.0;P2:180.0;P3:165.0;,02:38
A1WJU1IQ3UTRC6,localGlobalEx,6,6,1568961958203,0,Added cell 3-7-true,,P0:;P1:;P2:;P3:,2 5 5 4 5 1 5 4 4 4 4 4 5 4 ,,P0:70;P1:139.0;P2:180.0;P3:165.0;,02:37
A1WJU1IQ3UTRC6,localGlobalEx,6,6,1568961959973,0,Added cell 4-7-true,,P0:;P1:;P2:;P3:,2 5 4 5 1 5 4 4 4 4 4 5 4 ,,P0:65;P1:139.0;P2:180.0;P3:165.0;,02:35
A1WJU1IQ3UTRC6,localGlobalEx,6,6,1568961960513,0,Added cell 4-8-true,,P0:;P1:;P2:;P3:,2 5 4 5 5 4 4 4 4 4 5 4 ,,P0:60;P1:139.0;P2:180.0;P3:165.0;,02:35
A1WJU1IQ3UTRC6,localGlobalEx,6,6,1568961961326,0,Added cell 5-8-true,,P0:;P1:;P2:;P3:,2 4 5 5 4 4 4 4 4 5 4 ,,P0:55;P1:139.0;P2:180.0;P3:165.0;,02:34
A1WJU1IQ3UTRC6,localGlobalEx,6,6,1568961962061,0,Denied adding cell 6-8-false,,P0:;P1:;P2:;P3:,2 4 5 5 4 4 4 4 4 5 4 ,,P0:55;P1:139.0;P2:180.0;P3:165.0;,02:33
A1WJU1IQ3UTRC6,localGlobalEx,6,6,1568961979620,0,ChipRequest;From;1;Colour;3;ReqNrOfChips;1;Success;true,,P0:;P1:;P2:;P3:,2 4 5 5 4 4 4 4 4 5 4 ,,P0:55;P1:139.0;P2:180.0;P3:165.0;,02:15
A1WJU1IQ3UTRC6,localGlobalEx,6,6,1568961981691,0,Added cell 6-8-false,2,P0:;P1:2;;P2:;P3:,2 4 5 5 4 4 4 4 4 5 4  , 3 ,P0:-21;P1:139.0;P2:180.0;P3:165.0;,02:13
A1WJU1IQ3UTRC6,localGlobalEx,6,6,1568961983346,0,Added cell 7-8-true,2,P0:;P1:2;;P2:;P3:,2 5 5 4 4 4 4 4 5 4  , 3 ,P0:-26;P1:139.0;P2:180.0;P3:165.0;,02:12
A1WJU1IQ3UTRC6,localGlobalEx,6,6,1568961984346,0,Denied adding cell 8-8-false,2,P0:;P1:2;;P2:;P3:,2 5 5 4 4 4 4 4 5 4 , 3 ,P0:-26;P1:139.0;P2:180.0;P3:165.0;,02:11
A1WJU1IQ3UTRC6,localGlobalEx,6,6,1568961988681,0,Clear path,,P0:;P1:;P2:;P3:,2 5 5 4 5 1 5 4 4 3 4 4 4 5 4 ,,P0:75;P1:139.0;P2:180.0;P3:165.0;,02:06
A1WJU1IQ3UTRC6,localGlobalEx,6,6,1568961989159,0,Restore suggested path,2 1,P0:;P1:2;;P2:1;;P3:,4 4 4 4 5 5 5 5,3 2 ,P0:38;P1:139.0;P2:180.0;P3:165.0;,02:06
A1WJU1IQ3UTRC6,localGlobalEx,6,6,1568961996389,0,Clear path,,P0:;P1:;P2:;P3:,2 5 5 4 5 1 5 4 4 3 4 4 4 5 4 ,,P0:75;P1:139.0;P2:180.0;P3:165.0;,01:59
A1WJU1IQ3UTRC6,localGlobalEx,6,6,1568962003263,0,Motivation: better to do nothing,,P0:;P1:;P2:;P3:,2 5 5 4 5 1 5 4 4 3 4 4 4 5 4 ,,P0:75;P1:139.0;P2:180.0;P3:165.0;,01:52
A1WJU1IQ3UTRC6,localGlobalEx,6,6,1568962003264,0,Ending game,,P0:;P1:;P2:;P3:,2 5 5 4 5 1 5 4 4 3 4 4 4 5 4 ,,P0:75;P1:139.0;P2:180.0;P3:165.0;,01:52
A1WJU1IQ3UTRC6,localGlobalEx,9,7,1568962005260,0,Starting new game,,P0:;P1:;P2:;P3:,2 3 3 4,,P0:170;P1:124.0;P2:170.0;P3:175.0;,01:52

A1WJU1IQ3UTRC6,localGlobalEx,9,7,1568962009450,1,Changed player,,P0:;P1:;P2:4;4;;P3:,4 4 4 4 4 3 3 3 3 2,5 5 ,P0:170;P1:124.0;P2:170.0;P3:175.0;,02:57
A1WJU1IQ3UTRC6,localGlobalEx,9,7,1568962015946,1,Clear path,,P0:;P1:;P2:;P3:,3 3 3 4 4 2 3 4 4 3 4 1 2 4 3 ,,P0:170;P1:75;P2:170.0;P3:175.0;,02:51
A1WJU1IQ3UTRC6,localGlobalEx,9,7,1568962022940,1,Added cell 1-1-true,,P0:;P1:;P2:;P3:,3 3 4 4 2 3 4 4 3 4 1 2 4 3 ,,P0:170;P1:70;P2:170.0;P3:175.0;,02:44
A1WJU1IQ3UTRC6,localGlobalEx,9,7,1568962023601,1,Added cell 1-2-true,,P0:;P1:;P2:;P3:,3 4 4 2 3 4 4 3 4 1 2 4 3 ,,P0:170;P1:65;P2:170.0;P3:175.0;,02:43
A1WJU1IQ3UTRC6,localGlobalEx,9,7,1568962024523,1,Added cell 2-2-true,,P0:;P1:;P2:;P3:,4 4 2 3 4 4 3 4 1 2 4 3 ,,P0:170;P1:60;P2:170.0;P3:175.0;,02:42
A1WJU1IQ3UTRC6,localGlobalEx,9,7,1568962025832,1,Added cell 3-2-true,,P0:;P1:;P2:;P3:,4 2 3 4 4 3 4 1 2 4 3 ,,P0:170;P1:55;P2:170.0;P3:175.0;,02:41
A1WJU1IQ3UTRC6,localGlobalEx,9,7,1568962026437,1,Added cell 4-2-true,,P0:;P1:;P2:;P3:,4 2 3 4 4 3 4 2 4 3 ,,P0:170;P1:50;P2:170.0;P3:175.0;,02:40
A1WJU1IQ3UTRC6,localGlobalEx,9,7,1568962027069,1,Added cell 5-2-true,,P0:;P1:;P2:;P3:,2 3 4 4 3 4 2 4 3 ,,P0:170;P1:45;P2:170.0;P3:175.0;,02:40
A1WJU1IQ3UTRC6,localGlobalEx,9,7,1568962027691,1,Added cell 5-1-true,,P0:;P1:;P2:;P3:,2 4 4 3 4 2 4 3 ,,P0:170;P1:40;P2:170.0;P3:175.0;,02:39
A1WJU1IQ3UTRC6,localGlobalEx,9,7,1568962028612,1,Added cell 5-0-true,,P0:;P1:;P2:;P3:,2 4 3 4 2 4 3 ,,P0:170;P1:35;P2:170.0;P3:175.0;,02:38
A1WJU1IQ3UTRC6,localGlobalEx,9,7,1568962029189,1,Added cell 6-0-true,,P0:;P1:;P2:;P3:,4 3 4 2 4 3 ,,P0:170;P1:180;P2:170.0;P3:175.0;,02:38
A1WJU1IQ3UTRC6,localGlobalEx,9,7,1568962046726,1,Motivation: Best option is to not request,,P0:;P1:;P2:;P3:,4 3 4 2 4 3 ,,P0:170;P1:180;P2:170.0;P3:175.0;,02:20
A1WJU1IQ3UTRC6,localGlobalEx,9,7,1568962046726,1,Ending game,,P0:;P1:;P2:;P3:,4 3 4 2 4 3 ,,P0:170;P1:180;P2:170.0;P3:175.0;,02:20
A1WJU1IQ3UTRC6,localGlobalEx,2,8,1568962048633,0,Starting new game,4,P0:;P1:4;;P2:;P3:,1 1 1 4 4 2 2 2 2,5,P0:119;P1:190.0;P2:195.0;P3:200.0;,02:20

A1WJU1IQ3UTRC6,localGlobalEx,2,8,1568962053672,0,Clear path,,P0:;P1:;P2:;P3:,4 2 2 5 1 3 2 1 2 1 4 4 1 2 1 ,,P0:75;P1:190.0;P2:195.0;P3:200.0;,02:56
A1WJU1IQ3UTRC6,localGlobalEx,2,8,1568962059195,0,Added cell 1-8-true,,P0:;P1:;P2:;P3:,4 2 5 1 3 2 1 2 1 4 4 1 2 1 ,,P0:70;P1:190.0;P2:195.0;P3:200.0;,02:51
A1WJU1IQ3UTRC6,localGlobalEx,2,8,1568962060474,0,Added cell 2-8-true,,P0:;P1:;P2:;P3:,4 2 5 3 2 1 2 1 4 4 1 2 1 ,,P0:65;P1:190.0;P2:195.0;P3:200.0;,02:50
A1WJU1IQ3UTRC6,localGlobalEx,2,8,1568962061838,0,Added cell 3-8-true,,P0:;P1:;P2:;P3:,2 5 3 2 1 2 1 4 4 1 2 1 ,,P0:60;P1:190.0;P2:195.0;P3:200.0;,02:48
A1WJU1IQ3UTRC6,localGlobalEx,2,8,1568962063107,0,Added cell 4-8-true,,P0:;P1:;P2:;P3:,2 5 3 2 2 1 4 4 1 2 1 ,,P0:55;P1:190.0;P2:195.0;P3:200.0;,02:47
A1WJU1IQ3UTRC6,localGlobalEx,2,8,1568962073939,0,Added cell 5-8-true,,P0:;P1:;P2:;P3:,2 5 2 2 1 4 4 1 2 1 ,,P0:50;P1:190.0;P2:195.0;P3:200.0;,02:36
A1WJU1IQ3UTRC6,localGlobalEx,2,8,1568962074653,0,Added cell 6-8-true,,P0:;P1:;P2:;P3:,5 2 2 1 4 4 1 2 1 ,,P0:45;P1:190.0;P2:195.0;P3:200.0;,02:35
A1WJU1IQ3UTRC6,localGlobalEx,2,8,1568962075221,0,Added cell 6-7-true,,P0:;P1:;P2:;P3:,5 2 2 4 4 1 2 1 ,,P0:40;P1:190.0;P2:195.0;P3:200.0;,02:35
A1WJU1IQ3UTRC6,localGlobalEx,2,8,1568962075802,0,Added cell 6-6-true,,P0:;P1:;P2:;P3:,5 2 4 4 1 2 1 ,,P0:35;P1:190.0;P2:195.0;P3:200.0;,02:34
A1WJU1IQ3UTRC6,localGlobalEx,2,8,1568962076328,0,Added cell 6-5-true,,P0:;P1:;P2:;P3:,5 4 4 1 2 1 ,,P0:30;P1:190.0;P2:195.0;P3:200.0;,02:34
A1WJU1IQ3UTRC6,localGlobalEx,2,8,1568962076869,0,Added cell 6-4-true,,P0:;P1:;P2:;P3:,5 4 4 1 1 ,,P0:25;P1:190.0;P2:195.0;P3:200.0;,02:33
A1WJU1IQ3UTRC6,localGlobalEx,2,8,1568962077553,0,Added cell 5-4-true,,P0:;P1:;P2:;P3:,5 4 4 1 ,,P0:170;P1:190.0;P2:195.0;P3:200.0;,02:33
A1WJU1IQ3UTRC6,localGlobalEx,2,8,1568962089931,0,Motivation: I didn't need to request,,P0:;P1:;P2:;P3:,5 4 4 1 ,,P0:170;P1:190.0;P2:195.0;P3:200.0;,02:20
A1WJU1IQ3UTRC6,localGlobalEx,2,8,1568962089932,0,Ending game,,P0:;P1:;P2:;P3:,5 4 4 1 ,,P0:170;P1:190.0;P2:195.0;P3:200.0;,02:20
A1WJU1IQ3UTRC6,localGlobalEx,4,9,1568962091859,0,Starting new game,,P0:;P1:;P2:;P3:,5 5 5,,P0:165;P1:170.0;P2:200.0;P3:195.0;,02:20

A1WJU1IQ3UTRC6,localGlobalEx,4,9,1568962106357,0,Motivation: Perfect as is,,P0:;P1:;P2:;P3:,5 5 5,,P0:165;P1:170.0;P2:200.0;P3:195.0;,02:47
A1WJU1IQ3UTRC6,localGlobalEx,4,9,1568962106357,0,Ending game,,P0:;P1:;P2:;P3:,5 5 5,,P0:165;P1:170.0;P2:200.0;P3:195.0;,02:47

