A3BUWQ5C39GRQC,InstructionQuestions,1,1,1,1,1,1,1,1,1,1

A3BUWQ5C39GRQC,0,3,0,1568951742428,0,Read score file,,P0:;P1:;P2:;P3:;P4:;P5:,-,,,undefined:undefined
A3BUWQ5C39GRQC,0,3,0,1568951919174,0,Read new file,,P0:;P1:;P2:;P3:;P4:;P5:,-,,,undefined:undefined
A3BUWQ5C39GRQC,0,3,0,1568951919318,0,Starting new game,,P0:;P1:;P2:,3 2 2 2 4 4 2 3 2 4,,P0:50;P1:50;P2:50;,undefined:undefined
A3BUWQ5C39GRQC,0,3,0,1568951947351,0,Added cell 1-2-true,,P0:;P1:;P2:,3 2 2 4 4 2 3 2 4 ,,P0:45;P1:50;P2:50;,03:33
A3BUWQ5C39GRQC,0,3,0,1568951959903,0,Added cell 2-2-true,,P0:;P1:;P2:,3 2 4 4 2 3 2 4 ,,P0:40;P1:50;P2:50;,03:21
A3BUWQ5C39GRQC,0,3,0,1568951960870,0,Added cell 2-1-true,,P0:;P1:;P2:,3 4 4 2 3 2 4 ,,P0:35;P1:50;P2:50;,03:20
A3BUWQ5C39GRQC,0,3,0,1568951963151,0,Added cell 2-0-true,,P0:;P1:;P2:,4 4 2 3 2 4 ,,P0:30;P1:50;P2:50;,03:18
A3BUWQ5C39GRQC,0,3,0,1568951963940,0,Added cell 3-0-true,,P0:;P1:;P2:,4 4 2 2 4 ,,P0:25;P1:50;P2:50;,03:17
A3BUWQ5C39GRQC,0,3,0,1568951965540,0,Added cell 4-0-true,,P0:;P1:;P2:,4 4 2 4 ,,P0:20;P1:50;P2:50;,03:15
A3BUWQ5C39GRQC,0,3,0,1568951967438,0,Added cell 4-1-true,,P0:;P1:;P2:,4 2 4 ,,P0:15;P1:50;P2:50;,03:13
A3BUWQ5C39GRQC,0,3,0,1568951968188,0,Added cell 4-2-true,,P0:;P1:;P2:,4 4 ,,P0:10;P1:50;P2:50;,03:13
A3BUWQ5C39GRQC,0,3,0,1568951969072,0,Added cell 4-3-true,,P0:;P1:;P2:,4 ,,P0:155;P1:50;P2:50;,03:12
A3BUWQ5C39GRQC,0,3,0,1568951989049,0,Motivation: Earns the most money. ,,P0:;P1:;P2:,4 ,,P0:155;P1:50;P2:50;,02:52
A3BUWQ5C39GRQC,0,3,0,1568951989050,0,Ending game,,P0:;P1:;P2:,4 ,,P0:155;P1:50;P2:50;,02:52
A3BUWQ5C39GRQC,0,3,0,1568951989058,0,wrong answer told to try again,,P0:;P1:;P2:,4 ,,P0:155;P1:50;P2:50;,02:52
A3BUWQ5C39GRQC,0,3,0,1568952005531,0,Removed cell 4-3-true,,P0:;P1:;P2:,4 4 ,,P0:10;P1:50;P2:50;,02:35
A3BUWQ5C39GRQC,0,3,0,1568952006970,0,Clear path,,P0:;P1:;P2:,3 2 2 2 4 4 2 3 2 4,,P0:50;P1:50;P2:50;,02:34
A3BUWQ5C39GRQC,0,3,0,1568952007999,0,Tried to add own cell 0-2,,P0:;P1:;P2:,3 2 2 2 4 4 2 3 2 4,,P0:50;P1:50;P2:50;,02:33
A3BUWQ5C39GRQC,0,3,0,1568952017709,0,Added cell 1-2-true,,P0:;P1:;P2:,3 2 2 4 4 2 3 2 4 ,,P0:45;P1:50;P2:50;,02:23
A3BUWQ5C39GRQC,0,3,0,1568952018247,0,Added cell 1-1-true,,P0:;P1:;P2:,3 2 2 4 2 3 2 4 ,,P0:40;P1:50;P2:50;,02:23
A3BUWQ5C39GRQC,0,3,0,1568952018725,0,Added cell 2-1-true,,P0:;P1:;P2:,3 2 4 2 3 2 4 ,,P0:35;P1:50;P2:50;,02:22
A3BUWQ5C39GRQC,0,3,0,1568952019099,0,Added cell 3-1-true,,P0:;P1:;P2:,3 4 2 3 2 4 ,,P0:30;P1:50;P2:50;,02:22
A3BUWQ5C39GRQC,0,3,0,1568952019583,0,Added cell 4-1-true,,P0:;P1:;P2:,3 2 3 2 4 ,,P0:25;P1:50;P2:50;,02:21
A3BUWQ5C39GRQC,0,3,0,1568952020075,0,Added cell 4-2-true,,P0:;P1:;P2:,3 3 2 4 ,,P0:20;P1:50;P2:50;,02:21
A3BUWQ5C39GRQC,0,3,0,1568952021043,0,Added cell 4-3-true,,P0:;P1:;P2:,3 3 2 ,,P0:165;P1:50;P2:50;,02:20
A3BUWQ5C39GRQC,0,3,0,1568952030012,0,Motivation: Earns the most money. ,,P0:;P1:;P2:,3 3 2 ,,P0:165;P1:50;P2:50;,02:11
A3BUWQ5C39GRQC,0,3,0,1568952030012,0,Ending game,,P0:;P1:;P2:,3 3 2 ,,P0:165;P1:50;P2:50;,02:11
A3BUWQ5C39GRQC,0,1,1,1568952031991,0,Starting new game,,P0:;P1:;P2:,3 3 3 3 3 3 3 3 3 3,,P0:50;P1:50;P2:50;,02:11

A3BUWQ5C39GRQC,0,1,1,1568952063392,0,ChipRequest;From;1;Colour;4;ReqNrOfChips;1;Success;true,,P0:;P1:;P2:,3 3 3 3 3 3 3 3 3 3,,P0:50;P1:50;P2:50;,03:30
A3BUWQ5C39GRQC,0,1,1,1568952066300,0,Added cell 1-1-false,3,P0:;P1:3;;P2:,3 3 3 3 3 3 3 3 3 3 , 4 ,P0:-26;P1:50;P2:50;,03:27
A3BUWQ5C39GRQC,0,1,1,1568952074336,0,Removed cell 1-1-false,3,P0:;P1:3;;P2:,3 3 3 3 3 3 3 3 3 3 4 , 4 ,P0:-21;P1:50;P2:50;,03:19
A3BUWQ5C39GRQC,0,1,1,1568952076641,0,Added cell 1-0-true,3,P0:;P1:3;;P2:,3 3 3 3 3 3 3 3 3 4 , 4 ,P0:-26;P1:50;P2:50;,03:17
A3BUWQ5C39GRQC,0,1,1,1568952077071,0,Added cell 2-0-false,3,P0:;P1:3;;P2:,3 3 3 3 3 3 3 3 3 , 4 ,P0:-31;P1:50;P2:50;,03:16
A3BUWQ5C39GRQC,0,1,1,1568952077457,0,Denied adding cell 3-0-false,3,P0:;P1:3;;P2:,3 3 3 3 3 3 3 3 3 , 4 ,P0:-31;P1:50;P2:50;,03:16
A3BUWQ5C39GRQC,0,1,1,1568952085308,0,ChipRequest;From;2;Colour;1;ReqNrOfChips;1;Success;true,3,P0:;P1:3;;P2:,3 3 3 3 3 3 3 3 3 , 4 ,P0:-31;P1:50;P2:50;,03:08
A3BUWQ5C39GRQC,0,1,1,1568952088193,0,Clear path,,P0:;P1:;P2:,3 3 3 3 3 3 3 3 3 3,,P0:50;P1:50;P2:50;,03:05
A3BUWQ5C39GRQC,0,1,1,1568952114774,0,Motivation: Lose money if borrow chips. ,,P0:;P1:;P2:,3 3 3 3 3 3 3 3 3 3,,P0:50;P1:50;P2:50;,02:39
A3BUWQ5C39GRQC,0,1,1,1568952114774,0,Ending game,,P0:;P1:;P2:,3 3 3 3 3 3 3 3 3 3,,P0:50;P1:50;P2:50;,02:39
A3BUWQ5C39GRQC,0,7,2,1568952116748,0,Starting new game,,P0:;P1:;P2:,1 1 3 3 2 1 2 3 3 2,,P0:50;P1:50;P2:50;,02:39

A3BUWQ5C39GRQC,0,7,2,1568952133653,0,Added cell 1-2-true,,P0:;P1:;P2:,1 3 3 2 1 2 3 3 2 ,,P0:45;P1:50;P2:50;,03:45
A3BUWQ5C39GRQC,0,7,2,1568952134223,0,Added cell 2-2-true,,P0:;P1:;P2:,1 3 2 1 2 3 3 2 ,,P0:40;P1:50;P2:50;,03:44
A3BUWQ5C39GRQC,0,7,2,1568952134715,0,Added cell 3-2-true,,P0:;P1:;P2:,1 3 1 2 3 3 2 ,,P0:35;P1:50;P2:50;,03:44
A3BUWQ5C39GRQC,0,7,2,1568952135145,0,Added cell 3-3-true,,P0:;P1:;P2:,1 1 2 3 3 2 ,,P0:30;P1:50;P2:50;,03:43
A3BUWQ5C39GRQC,0,7,2,1568952135575,0,Added cell 3-4-true,,P0:;P1:;P2:,1 2 3 3 2 ,,P0:25;P1:50;P2:50;,03:43
A3BUWQ5C39GRQC,0,7,2,1568952136137,0,Added cell 2-4-true,,P0:;P1:;P2:,2 3 3 2 ,,P0:170;P1:50;P2:50;,03:42
A3BUWQ5C39GRQC,0,7,2,1568952191026,0,Motivation: Earns the most money. ,,P0:;P1:;P2:,2 3 3 2 ,,P0:170;P1:50;P2:50;,02:47
A3BUWQ5C39GRQC,0,7,2,1568952191026,0,Ending game,,P0:;P1:;P2:,2 3 3 2 ,,P0:170;P1:50;P2:50;,02:47
A3BUWQ5C39GRQC,0,2,3,1568952192962,0,Starting new game,,P0:;P1:;P2:,2 4 1 4 3 2 2 2 2 1,,P0:50;P1:50;P2:50;,02:47

A3BUWQ5C39GRQC,0,2,3,1568952259727,0,Added cell 2-3-true,,P0:;P1:;P2:,2 1 4 3 2 2 2 2 1 ,,P0:45;P1:50;P2:50;,02:55
A3BUWQ5C39GRQC,0,2,3,1568952268124,0,Added cell 1-3-true,,P0:;P1:;P2:,2 1 4 2 2 2 2 1 ,,P0:40;P1:50;P2:50;,02:46
A3BUWQ5C39GRQC,0,2,3,1568952268735,0,Added cell 1-2-true,,P0:;P1:;P2:,2 1 2 2 2 2 1 ,,P0:35;P1:50;P2:50;,02:46
A3BUWQ5C39GRQC,0,2,3,1568952274804,0,Removed cell 1-2-false,,P0:;P1:;P2:,2 1 2 2 2 2 1 4 ,,P0:40;P1:50;P2:50;,02:40
A3BUWQ5C39GRQC,0,2,3,1568952275281,0,Removed cell 1-3-false,,P0:;P1:;P2:,2 1 2 2 2 2 1 4 3 ,,P0:45;P1:50;P2:50;,02:39
A3BUWQ5C39GRQC,0,2,3,1568952276109,0,Removed cell 2-3-true,,P0:;P1:;P2:,2 1 2 2 2 2 1 4 3 4 ,,P0:50;P1:50;P2:50;,02:38
A3BUWQ5C39GRQC,0,2,3,1568952309526,0,Added cell 2-3-true,,P0:;P1:;P2:,2 1 2 2 2 2 1 3 4 ,,P0:45;P1:50;P2:50;,02:05
A3BUWQ5C39GRQC,0,2,3,1568952310055,0,Added cell 1-3-true,,P0:;P1:;P2:,2 1 2 2 2 2 1 4 ,,P0:40;P1:50;P2:50;,02:04
A3BUWQ5C39GRQC,0,2,3,1568952310828,0,Added cell 1-2-true,,P0:;P1:;P2:,2 1 2 2 2 2 1 ,,P0:35;P1:50;P2:50;,02:04
A3BUWQ5C39GRQC,0,2,3,1568952311489,0,Denied adding cell 1-1-false,,P0:;P1:;P2:,2 1 2 2 2 2 1 ,,P0:35;P1:50;P2:50;,02:03
A3BUWQ5C39GRQC,0,2,3,1568952325350,0,ChipRequest;From;2;Colour;3;ReqNrOfChips;1;Success;true,,P0:;P1:;P2:,2 1 2 2 2 2 1 ,,P0:35;P1:50;P2:50;,01:49
A3BUWQ5C39GRQC,0,2,3,1568952328697,0,Added cell 1-1-false,2,P0:;P1:;P2:2;,2 1 2 2 2 2 1  , 3 ,P0:109;P1:50;P2:50;,01:46
A3BUWQ5C39GRQC,0,2,3,1568952341502,0,Motivation: Earns more money. ,2,P0:;P1:;P2:2;,2 1 2 2 2 2 1 , 3 ,P0:109;P1:50;P2:50;,01:33
A3BUWQ5C39GRQC,0,2,3,1568952341502,0,Ending game,2,P0:;P1:;P2:2;,2 1 2 2 2 2 1 , 3 ,P0:109;P1:50;P2:50;,01:33
A3BUWQ5C39GRQC,0,2,3,1568952341513,0,wrong answer told to try again,2,P0:;P1:;P2:2;,2 1 2 2 2 2 1 , 3 ,P0:109;P1:50;P2:50;,01:33
A3BUWQ5C39GRQC,0,2,3,1568952349083,0,Clear path,,P0:;P1:;P2:,2 4 1 4 3 2 2 2 2 1,,P0:50;P1:50;P2:50;,01:25
A3BUWQ5C39GRQC,0,2,3,1568952363987,0,Motivation: Earns more money if I do nothing.,,P0:;P1:;P2:,2 4 1 4 3 2 2 2 2 1,,P0:50;P1:50;P2:50;,01:10
A3BUWQ5C39GRQC,0,2,3,1568952363988,0,Ending game,,P0:;P1:;P2:,2 4 1 4 3 2 2 2 2 1,,P0:50;P1:50;P2:50;,01:10
A3BUWQ5C39GRQC,0,4,4,1568952366104,0,Starting new game,,P0:;P1:;P2:,1 1 4 3 4 1 4 3 4 1,,P0:50;P1:50;P2:50;,01:10

A3BUWQ5C39GRQC,0,4,4,1568952383934,0,ChipRequest;From;2;Colour;2;ReqNrOfChips;1;Success;true,,P0:;P1:;P2:,1 1 4 3 4 1 4 3 4 1,,P0:50;P1:50;P2:50;,03:44
A3BUWQ5C39GRQC,0,4,4,1568952386499,0,Added cell 4-3-true,1,P0:;P1:;P2:1;,1 4 3 4 1 4 3 4 1 2 , 2 ,P0:-26;P1:50;P2:50;,03:41
A3BUWQ5C39GRQC,0,4,4,1568952387107,0,Added cell 4-2-true,1,P0:;P1:;P2:1;,1 3 4 1 4 3 4 1 2 , 2 ,P0:-31;P1:50;P2:50;,03:41
A3BUWQ5C39GRQC,0,4,4,1568952387663,0,Added cell 3-2-false,1,P0:;P1:;P2:1;,1 3 4 1 4 3 4 1 , 2 ,P0:114;P1:50;P2:50;,03:40
A3BUWQ5C39GRQC,0,4,4,1568952402578,0,Motivation: Earns more money. ,1,P0:;P1:;P2:1;,1 3 4 1 4 3 4 1 , 2 ,P0:114;P1:50;P2:50;,03:25
A3BUWQ5C39GRQC,0,4,4,1568952402578,0,Ending game,1,P0:;P1:;P2:1;,1 3 4 1 4 3 4 1 , 2 ,P0:114;P1:50;P2:50;,03:25
A3BUWQ5C39GRQC,0,8,5,1568952404468,0,Starting new game,,P0:;P1:;P2:,4 2 2 2 4 4 4 2 2 4,,P0:50;P1:50;P2:50;,03:25

A3BUWQ5C39GRQC,0,8,5,1568952422308,0,ChipRequest;From;1;Colour;1;ReqNrOfChips;1;Success;true,,P0:;P1:;P2:,4 2 2 2 4 4 4 2 2 4,,P0:50;P1:50;P2:50;,03:44
A3BUWQ5C39GRQC,0,8,5,1568952425142,0,Added cell 2-1-false,0,P0:;P1:0;;P2:,4 2 2 2 4 4 4 2 2 4 , 1 ,P0:-26;P1:50;P2:50;,03:41
A3BUWQ5C39GRQC,0,8,5,1568952425532,0,Denied adding cell 1-1-false,0,P0:;P1:0;;P2:,4 2 2 2 4 4 4 2 2 4 , 1 ,P0:-26;P1:50;P2:50;,03:40
A3BUWQ5C39GRQC,0,8,5,1568952441274,0,Clear path,,P0:;P1:;P2:,4 2 2 2 4 4 4 2 2 4,,P0:50;P1:50;P2:50;,03:25
A3BUWQ5C39GRQC,0,8,5,1568952455362,0,ChipRequest;From;2;Colour;3;ReqNrOfChips;1;Success;true,,P0:;P1:;P2:,4 2 2 2 4 4 4 2 2 4,,P0:50;P1:50;P2:50;,03:11
A3BUWQ5C39GRQC,0,8,5,1568952459141,0,ChipRequest;From;1;Colour;1;ReqNrOfChips;1;Success;true,2,P0:;P1:;P2:2;,4 2 2 2 4 4 4 2 2 4 3 , 3 ,P0:-21;P1:50;P2:50;,03:07
A3BUWQ5C39GRQC,0,8,5,1568952461169,0,Added cell 2-1-false,0 2,P0:;P1:0;;P2:2;,4 2 2 2 4 4 4 2 2 4 3  , 3 1 ,P0:-97;P1:50;P2:50;,03:05
A3BUWQ5C39GRQC,0,8,5,1568952461535,0,Added cell 1-1-false,0 2,P0:;P1:0;;P2:2;,4 2 2 2 4 4 4 2 2 4  , 3 1 ,P0:48;P1:50;P2:50;,03:04
A3BUWQ5C39GRQC,0,8,5,1568952465253,0,Clear path,,P0:;P1:;P2:,4 2 2 2 4 4 4 2 2 4,,P0:50;P1:50;P2:50;,03:01
A3BUWQ5C39GRQC,0,8,5,1568952476181,0,Motivation: Earn more money if I do nothing. ,,P0:;P1:;P2:,4 2 2 2 4 4 4 2 2 4,,P0:50;P1:50;P2:50;,02:50
A3BUWQ5C39GRQC,0,8,5,1568952476182,0,Ending game,,P0:;P1:;P2:,4 2 2 2 4 4 4 2 2 4,,P0:50;P1:50;P2:50;,02:50
A3BUWQ5C39GRQC,0,6,6,1568952478329,0,Starting new game,,P0:;P1:;P2:,2 2 2 2 2 2 2 2 4 2,,P0:50;P1:50;P2:50;,02:50

A3BUWQ5C39GRQC,0,6,6,1568952497384,0,ChipRequest;From;1;Colour;3;ReqNrOfChips;1;Success;true,,P0:;P1:;P2:,2 2 2 2 2 2 2 2 4 2,,P0:50;P1:50;P2:50;,03:42
A3BUWQ5C39GRQC,0,6,6,1568952502493,0,Clear path,,P0:;P1:;P2:,2 2 2 2 2 2 2 2 4 2,,P0:50;P1:50;P2:50;,03:37
A3BUWQ5C39GRQC,0,6,6,1568952504817,0,ChipRequest;From;1;Colour;3;ReqNrOfChips;1;Success;true,,P0:;P1:;P2:,2 2 2 2 2 2 2 2 4 2,,P0:50;P1:50;P2:50;,03:35
A3BUWQ5C39GRQC,0,6,6,1568952508821,0,Added cell 3-2-true,2,P0:;P1:2;;P2:,2 2 2 2 2 2 2 4 2 3 , 3 ,P0:-26;P1:50;P2:50;,03:31
A3BUWQ5C39GRQC,0,6,6,1568952511453,0,Added cell 2-2-true,2,P0:;P1:2;;P2:,2 2 2 2 2 2 4 2 3 , 3 ,P0:-31;P1:50;P2:50;,03:28
A3BUWQ5C39GRQC,0,6,6,1568952515852,0,Added cell 1-2-true,2,P0:;P1:2;;P2:,2 2 2 2 2 2 2 3 , 3 ,P0:-36;P1:50;P2:50;,03:24
A3BUWQ5C39GRQC,0,6,6,1568952517468,0,Denied adding cell 1-1-false,2,P0:;P1:2;;P2:,2 2 2 2 2 2 2 3 , 3 ,P0:-36;P1:50;P2:50;,03:22
A3BUWQ5C39GRQC,0,6,6,1568952522806,0,Added cell 0-2-false,2,P0:;P1:2;;P2:,2 2 2 2 2 2 2 , 3 ,P0:-41;P1:50;P2:50;,03:17
A3BUWQ5C39GRQC,0,6,6,1568952523274,0,Added cell 0-1-true,2,P0:;P1:2;;P2:,2 2 2 2 2 2 , 3 ,P0:104;P1:50;P2:50;,03:17
A3BUWQ5C39GRQC,0,6,6,1568952537460,0,Motivation: Earns the most money,2,P0:;P1:2;;P2:,2 2 2 2 2 2 , 3 ,P0:104;P1:50;P2:50;,03:02
A3BUWQ5C39GRQC,0,6,6,1568952537460,0,Ending game,2,P0:;P1:2;;P2:,2 2 2 2 2 2 , 3 ,P0:104;P1:50;P2:50;,03:02
A3BUWQ5C39GRQC,0,6,6,1568952537468,0,wrong answer told to try again,2,P0:;P1:2;;P2:,2 2 2 2 2 2 , 3 ,P0:104;P1:50;P2:50;,03:02
A3BUWQ5C39GRQC,0,6,6,1568952544605,0,Clear path,,P0:;P1:;P2:,2 2 2 2 2 2 2 2 4 2,,P0:50;P1:50;P2:50;,02:55
A3BUWQ5C39GRQC,0,6,6,1568952553400,0,Motivation: Earns the most money by doing nothing,,P0:;P1:;P2:,2 2 2 2 2 2 2 2 4 2,,P0:50;P1:50;P2:50;,02:46
A3BUWQ5C39GRQC,0,6,6,1568952553400,0,Ending game,,P0:;P1:;P2:,2 2 2 2 2 2 2 2 4 2,,P0:50;P1:50;P2:50;,02:46
A3BUWQ5C39GRQC,0,5,7,1568952554887,0,Starting new game,,P0:;P1:;P2:,2 3 3 4 3 2 2 2 1 4,,P0:50;P1:50;P2:50;,02:46

A3BUWQ5C39GRQC,0,5,7,1568952569561,0,Added cell 3-4-true,,P0:;P1:;P2:,2 3 4 3 2 2 2 1 4 ,,P0:45;P1:50;P2:50;,03:47
A3BUWQ5C39GRQC,0,5,7,1568952570277,0,Added cell 3-3-true,,P0:;P1:;P2:,3 4 3 2 2 2 1 4 ,,P0:40;P1:50;P2:50;,03:46
A3BUWQ5C39GRQC,0,5,7,1568952572392,0,Added cell 2-3-true,,P0:;P1:;P2:,3 4 3 2 2 1 4 ,,P0:35;P1:50;P2:50;,03:44
A3BUWQ5C39GRQC,0,5,7,1568952573214,0,Added cell 2-2-true,,P0:;P1:;P2:,3 4 3 2 2 4 ,,P0:30;P1:50;P2:50;,03:43
A3BUWQ5C39GRQC,0,5,7,1568952574212,0,Added cell 1-2-true,,P0:;P1:;P2:,3 3 2 2 4 ,,P0:25;P1:50;P2:50;,03:42
A3BUWQ5C39GRQC,0,5,7,1568952575300,0,Added cell 0-2-true,,P0:;P1:;P2:,3 3 2 4 ,,P0:170;P1:50;P2:50;,03:41
A3BUWQ5C39GRQC,0,5,7,1568952584628,0,Motivation: Earns the most money. ,,P0:;P1:;P2:,3 3 2 4 ,,P0:170;P1:50;P2:50;,03:32
A3BUWQ5C39GRQC,0,5,7,1568952584628,0,Ending game,,P0:;P1:;P2:,3 3 2 4 ,,P0:170;P1:50;P2:50;,03:32

END_TRAINING_START_GAME


A3BUWQ5C39GRQC,noPathNoEx,6,0,1568952589652,0,Read score file,,P0:;P1:;P2:;P3:;P4:;P5:,-,,,undefined:undefined
A3BUWQ5C39GRQC,noPathNoEx,6,0,1568952589735,0,Read new file,,P0:;P1:;P2:;P3:;P4:;P5:,-,,,undefined:undefined
A3BUWQ5C39GRQC,noPathNoEx,6,0,1568952589846,0,Starting new game,,P0:;P1:;P2:;P3:,2 5 5 4 5 1 5 4 4 3 4 4 4 5 4 ,,P0:75;P1:75;P2:75;P3:75;,undefined:undefined
A3BUWQ5C39GRQC,noPathNoEx,6,0,1568952628496,0,Tried to add own cell 3-6,,P0:;P1:;P2:;P3:,2 5 5 4 5 1 5 4 4 3 4 4 4 5 4 ,,P0:75;P1:75;P2:75;P3:75;,02:23
A3BUWQ5C39GRQC,noPathNoEx,6,0,1568952630728,0,Added cell 4-6-true,,P0:;P1:;P2:;P3:,2 5 5 4 5 1 5 4 4 4 4 4 5 4 ,,P0:70;P1:75;P2:75;P3:75;,02:21
A3BUWQ5C39GRQC,noPathNoEx,6,0,1568952631132,0,Added cell 5-6-true,,P0:;P1:;P2:;P3:,2 5 5 5 1 5 4 4 4 4 4 5 4 ,,P0:65;P1:75;P2:75;P3:75;,02:20
A3BUWQ5C39GRQC,noPathNoEx,6,0,1568952631634,0,Added cell 6-6-true,,P0:;P1:;P2:;P3:,5 5 5 1 5 4 4 4 4 4 5 4 ,,P0:60;P1:75;P2:75;P3:75;,02:20
A3BUWQ5C39GRQC,noPathNoEx,6,0,1568952632098,0,Denied adding cell 7-6-false,,P0:;P1:;P2:;P3:,5 5 5 1 5 4 4 4 4 4 5 4 ,,P0:60;P1:75;P2:75;P3:75;,02:19
A3BUWQ5C39GRQC,noPathNoEx,6,0,1568952640725,0,Clear path,,P0:;P1:;P2:;P3:,2 5 5 4 5 1 5 4 4 3 4 4 4 5 4 ,,P0:75;P1:75;P2:75;P3:75;,02:11
A3BUWQ5C39GRQC,noPathNoEx,6,0,1568952662062,0,Motivation: Earns the most,,P0:;P1:;P2:;P3:,2 5 5 4 5 1 5 4 4 3 4 4 4 5 4 ,,P0:75;P1:75;P2:75;P3:75;,01:49
A3BUWQ5C39GRQC,noPathNoEx,6,0,1568952662062,0,Ending game,,P0:;P1:;P2:;P3:,2 5 5 4 5 1 5 4 4 3 4 4 4 5 4 ,,P0:75;P1:75;P2:75;P3:75;,01:49
A3BUWQ5C39GRQC,noPathNoEx,4,1,1568952663658,0,Starting new game,,P0:;P1:;P2:;P3:,4 5 5 5 2 5 5 2 3 1 4 2 3 2 1 ,,P0:75;P1:75;P2:75;P3:75;,01:49

A3BUWQ5C39GRQC,noPathNoEx,4,1,1568952672718,0,Added cell 8-8-true,,P0:;P1:;P2:;P3:,5 5 5 2 5 5 2 3 1 4 2 3 2 1 ,,P0:70;P1:75;P2:75;P3:75;,02:52
A3BUWQ5C39GRQC,noPathNoEx,4,1,1568952673735,0,Added cell 7-8-true,,P0:;P1:;P2:;P3:,5 5 5 2 5 5 2 3 4 2 3 2 1 ,,P0:65;P1:75;P2:75;P3:75;,02:51
A3BUWQ5C39GRQC,noPathNoEx,4,1,1568952679438,0,Added cell 6-7-true,,P0:;P1:;P2:;P3:,5 5 2 5 5 2 3 4 2 3 2 1 ,,P0:60;P1:75;P2:75;P3:75;,02:46
A3BUWQ5C39GRQC,noPathNoEx,4,1,1568952679953,0,Added cell 5-7-true,,P0:;P1:;P2:;P3:,5 5 5 5 2 3 4 2 3 2 1 ,,P0:55;P1:75;P2:75;P3:75;,02:45
A3BUWQ5C39GRQC,noPathNoEx,4,1,1568952680562,0,Added cell 4-7-true,,P0:;P1:;P2:;P3:,5 5 5 5 3 4 2 3 2 1 ,,P0:50;P1:75;P2:75;P3:75;,02:45
A3BUWQ5C39GRQC,noPathNoEx,4,1,1568952684914,0,Added cell 3-7-true,,P0:;P1:;P2:;P3:,5 5 5 3 4 2 3 2 1 ,,P0:45;P1:75;P2:75;P3:75;,02:40
A3BUWQ5C39GRQC,noPathNoEx,4,1,1568952688054,0,Added cell 2-7-true,,P0:;P1:;P2:;P3:,5 5 5 4 2 3 2 1 ,,P0:40;P1:75;P2:75;P3:75;,02:37
A3BUWQ5C39GRQC,noPathNoEx,4,1,1568952689032,0,Added cell 1-7-true,,P0:;P1:;P2:;P3:,5 5 5 4 3 2 1 ,,P0:35;P1:75;P2:75;P3:75;,02:36
A3BUWQ5C39GRQC,noPathNoEx,4,1,1568952691124,0,Added cell 1-6-true,,P0:;P1:;P2:;P3:,5 5 5 4 3 2 ,,P0:30;P1:75;P2:75;P3:75;,02:34
A3BUWQ5C39GRQC,noPathNoEx,4,1,1568952701092,0,Removed cell 1-6-false,,P0:;P1:;P2:;P3:,5 5 5 4 3 2 1 ,,P0:35;P1:75;P2:75;P3:75;,02:24
A3BUWQ5C39GRQC,noPathNoEx,4,1,1568952702192,0,Removed cell 1-7-true,,P0:;P1:;P2:;P3:,5 5 5 4 3 2 1 2 ,,P0:40;P1:75;P2:75;P3:75;,02:23
A3BUWQ5C39GRQC,noPathNoEx,4,1,1568952704389,0,Added cell 2-6-true,,P0:;P1:;P2:;P3:,5 5 5 4 3 1 2 ,,P0:35;P1:75;P2:75;P3:75;,02:21
A3BUWQ5C39GRQC,noPathNoEx,4,1,1568952704848,0,Added cell 2-5-true,,P0:;P1:;P2:;P3:,5 5 5 4 3 1 ,,P0:30;P1:75;P2:75;P3:75;,02:20
A3BUWQ5C39GRQC,noPathNoEx,4,1,1568952705569,0,Added cell 2-4-true,,P0:;P1:;P2:;P3:,5 5 5 4 3 ,,P0:25;P1:75;P2:75;P3:75;,02:20
A3BUWQ5C39GRQC,noPathNoEx,4,1,1568952706203,0,Added cell 1-4-true,,P0:;P1:;P2:;P3:,5 5 5 4 ,,P0:20;P1:75;P2:75;P3:75;,02:19
A3BUWQ5C39GRQC,noPathNoEx,4,1,1568952714412,0,Clear path,,P0:;P1:;P2:;P3:,4 5 5 5 2 5 5 2 3 1 4 2 3 2 1 ,,P0:75;P1:75;P2:75;P3:75;,02:11
A3BUWQ5C39GRQC,noPathNoEx,4,1,1568952727760,0,Motivation: Earn more money by doing nothing. ,,P0:;P1:;P2:;P3:,4 5 5 5 2 5 5 2 3 1 4 2 3 2 1 ,,P0:75;P1:75;P2:75;P3:75;,01:57
A3BUWQ5C39GRQC,noPathNoEx,4,1,1568952727760,0,Ending game,,P0:;P1:;P2:;P3:,4 5 5 5 2 5 5 2 3 1 4 2 3 2 1 ,,P0:75;P1:75;P2:75;P3:75;,01:57
A3BUWQ5C39GRQC,noPathNoEx,8,2,1568952729427,0,Starting new game,,P0:;P1:;P2:;P3:,2 1 4 5 4 4 1 2 3 1 1 1 1 1 5 ,,P0:75;P1:75;P2:75;P3:75;,01:57

A3BUWQ5C39GRQC,noPathNoEx,8,2,1568952736831,0,Added cell 1-1-true,,P0:;P1:;P2:;P3:,2 1 4 4 4 1 2 3 1 1 1 1 1 5 ,,P0:70;P1:75;P2:75;P3:75;,02:54
A3BUWQ5C39GRQC,noPathNoEx,8,2,1568952737995,0,Added cell 2-1-true,,P0:;P1:;P2:;P3:,2 1 4 4 1 2 3 1 1 1 1 1 5 ,,P0:65;P1:75;P2:75;P3:75;,02:53
A3BUWQ5C39GRQC,noPathNoEx,8,2,1568952738925,0,Added cell 3-1-true,,P0:;P1:;P2:;P3:,1 4 4 1 2 3 1 1 1 1 1 5 ,,P0:60;P1:75;P2:75;P3:75;,02:52
A3BUWQ5C39GRQC,noPathNoEx,8,2,1568952739863,0,Removed cell 3-1-true,,P0:;P1:;P2:;P3:,1 4 4 1 2 3 1 1 1 1 1 5 2 ,,P0:65;P1:75;P2:75;P3:75;,02:51
A3BUWQ5C39GRQC,noPathNoEx,8,2,1568952740963,0,Added cell 4-1-true,,P0:;P1:;P2:;P3:,1 4 4 1 2 3 1 1 1 1 1 2 ,,P0:60;P1:75;P2:75;P3:75;,02:50
A3BUWQ5C39GRQC,noPathNoEx,8,2,1568952742027,0,Added cell 3-1-true,,P0:;P1:;P2:;P3:,1 4 4 1 3 1 1 1 1 1 2 ,,P0:55;P1:75;P2:75;P3:75;,02:49
A3BUWQ5C39GRQC,noPathNoEx,8,2,1568952743552,0,Denied adding cell 5-1-false,,P0:;P1:;P2:;P3:,1 4 4 1 3 1 1 1 1 1 2 ,,P0:55;P1:75;P2:75;P3:75;,02:47
A3BUWQ5C39GRQC,noPathNoEx,8,2,1568952754173,0,Clear path,,P0:;P1:;P2:;P3:,2 1 4 5 4 4 1 2 3 1 1 1 1 1 5 ,,P0:75;P1:75;P2:75;P3:75;,02:37
A3BUWQ5C39GRQC,noPathNoEx,8,2,1568952755127,0,Added cell 1-1-true,,P0:;P1:;P2:;P3:,2 1 4 4 4 1 2 3 1 1 1 1 1 5 ,,P0:70;P1:75;P2:75;P3:75;,02:36
A3BUWQ5C39GRQC,noPathNoEx,8,2,1568952755571,0,Added cell 1-0-true,,P0:;P1:;P2:;P3:,2 4 4 4 1 2 3 1 1 1 1 1 5 ,,P0:65;P1:75;P2:75;P3:75;,02:35
A3BUWQ5C39GRQC,noPathNoEx,8,2,1568952755961,0,Added cell 2-0-true,,P0:;P1:;P2:;P3:,2 4 4 4 2 3 1 1 1 1 1 5 ,,P0:60;P1:75;P2:75;P3:75;,02:35
A3BUWQ5C39GRQC,noPathNoEx,8,2,1568952756448,0,Added cell 3-0-true,,P0:;P1:;P2:;P3:,4 4 4 2 3 1 1 1 1 1 5 ,,P0:55;P1:75;P2:75;P3:75;,02:34
A3BUWQ5C39GRQC,noPathNoEx,8,2,1568952757345,0,Added cell 4-0-true,,P0:;P1:;P2:;P3:,4 4 4 2 1 1 1 1 1 5 ,,P0:50;P1:75;P2:75;P3:75;,02:34
A3BUWQ5C39GRQC,noPathNoEx,8,2,1568952758547,0,Added cell 5-0-true,,P0:;P1:;P2:;P3:,4 4 4 2 1 1 1 1 5 ,,P0:45;P1:75;P2:75;P3:75;,02:32
A3BUWQ5C39GRQC,noPathNoEx,8,2,1568952761181,0,Added cell 6-0-true,,P0:;P1:;P2:;P3:,4 4 4 1 1 1 1 5 ,,P0:40;P1:75;P2:75;P3:75;,02:30
A3BUWQ5C39GRQC,noPathNoEx,8,2,1568952765526,0,Clear path,,P0:;P1:;P2:;P3:,2 1 4 5 4 4 1 2 3 1 1 1 1 1 5 ,,P0:75;P1:75;P2:75;P3:75;,02:25
A3BUWQ5C39GRQC,noPathNoEx,8,2,1568952780134,0,Motivation: Earn more points by doing nothing.,,P0:;P1:;P2:;P3:,2 1 4 5 4 4 1 2 3 1 1 1 1 1 5 ,,P0:75;P1:75;P2:75;P3:75;,02:11
A3BUWQ5C39GRQC,noPathNoEx,8,2,1568952780134,0,Ending game,,P0:;P1:;P2:;P3:,2 1 4 5 4 4 1 2 3 1 1 1 1 1 5 ,,P0:75;P1:75;P2:75;P3:75;,02:11
A3BUWQ5C39GRQC,noPathNoEx,7,3,1568952781550,0,Starting new game,,P0:;P1:;P2:;P3:,3 4 1 2 4 2 2 5 2 1 4 5 1 3 2 ,,P0:75;P1:75;P2:75;P3:75;,02:11

A3BUWQ5C39GRQC,noPathNoEx,7,3,1568952789889,0,Added cell 1-8-true,,P0:;P1:;P2:;P3:,3 4 1 2 4 2 2 2 1 4 5 1 3 2 ,,P0:70;P1:75;P2:75;P3:75;,02:53
A3BUWQ5C39GRQC,noPathNoEx,7,3,1568952790785,0,Added cell 1-7-true,,P0:;P1:;P2:;P3:,4 1 2 4 2 2 2 1 4 5 1 3 2 ,,P0:65;P1:75;P2:75;P3:75;,02:52
A3BUWQ5C39GRQC,noPathNoEx,7,3,1568952791121,0,Added cell 1-6-true,,P0:;P1:;P2:;P3:,4 1 2 4 2 2 2 1 4 5 1 2 ,,P0:60;P1:75;P2:75;P3:75;,02:52
A3BUWQ5C39GRQC,noPathNoEx,7,3,1568952792089,0,Added cell 1-5-true,,P0:;P1:;P2:;P3:,4 1 4 2 2 2 1 4 5 1 2 ,,P0:55;P1:75;P2:75;P3:75;,02:51
A3BUWQ5C39GRQC,noPathNoEx,7,3,1568952793340,0,Added cell 1-4-true,,P0:;P1:;P2:;P3:,1 4 2 2 2 1 4 5 1 2 ,,P0:50;P1:75;P2:75;P3:75;,02:50
A3BUWQ5C39GRQC,noPathNoEx,7,3,1568952795299,0,Added cell 1-3-true,,P0:;P1:;P2:;P3:,4 2 2 2 1 4 5 1 2 ,,P0:45;P1:75;P2:75;P3:75;,02:48
A3BUWQ5C39GRQC,noPathNoEx,7,3,1568952796503,0,Added cell 1-2-true,,P0:;P1:;P2:;P3:,4 2 2 1 4 5 1 2 ,,P0:40;P1:75;P2:75;P3:75;,02:47
A3BUWQ5C39GRQC,noPathNoEx,7,3,1568952799181,0,Added cell 1-1-true,,P0:;P1:;P2:;P3:,2 2 1 4 5 1 2 ,,P0:35;P1:75;P2:75;P3:75;,02:44
A3BUWQ5C39GRQC,noPathNoEx,7,3,1568952800119,0,Added cell 2-1-true,,P0:;P1:;P2:;P3:,2 2 1 4 1 2 ,,P0:30;P1:75;P2:75;P3:75;,02:43
A3BUWQ5C39GRQC,noPathNoEx,7,3,1568952806762,0,Clear path,,P0:;P1:;P2:;P3:,3 4 1 2 4 2 2 5 2 1 4 5 1 3 2 ,,P0:75;P1:75;P2:75;P3:75;,02:36
A3BUWQ5C39GRQC,noPathNoEx,7,3,1568952818222,0,Motivation: Earn more points by doing nothing. ,,P0:;P1:;P2:;P3:,3 4 1 2 4 2 2 5 2 1 4 5 1 3 2 ,,P0:75;P1:75;P2:75;P3:75;,02:25
A3BUWQ5C39GRQC,noPathNoEx,7,3,1568952818222,0,Ending game,,P0:;P1:;P2:;P3:,3 4 1 2 4 2 2 5 2 1 4 5 1 3 2 ,,P0:75;P1:75;P2:75;P3:75;,02:25
A3BUWQ5C39GRQC,noPathNoEx,2,4,1568952819950,0,Starting new game,,P0:;P1:;P2:;P3:,4 2 2 5 1 3 2 1 2 1 4 4 1 2 1 ,,P0:75;P1:75;P2:75;P3:75;,02:25

A3BUWQ5C39GRQC,noPathNoEx,2,4,1568952827216,0,Added cell 1-6-true,,P0:;P1:;P2:;P3:,4 2 2 1 3 2 1 2 1 4 4 1 2 1 ,,P0:70;P1:75;P2:75;P3:75;,02:54
A3BUWQ5C39GRQC,noPathNoEx,2,4,1568952827567,0,Added cell 1-5-true,,P0:;P1:;P2:;P3:,4 2 1 3 2 1 2 1 4 4 1 2 1 ,,P0:65;P1:75;P2:75;P3:75;,02:54
A3BUWQ5C39GRQC,noPathNoEx,2,4,1568952827992,0,Added cell 1-4-true,,P0:;P1:;P2:;P3:,2 1 3 2 1 2 1 4 4 1 2 1 ,,P0:60;P1:75;P2:75;P3:75;,02:53
A3BUWQ5C39GRQC,noPathNoEx,2,4,1568952829124,0,Added cell 2-4-true,,P0:;P1:;P2:;P3:,2 1 2 1 2 1 4 4 1 2 1 ,,P0:55;P1:75;P2:75;P3:75;,02:52
A3BUWQ5C39GRQC,noPathNoEx,2,4,1568952830293,0,Added cell 3-4-true,,P0:;P1:;P2:;P3:,2 2 1 2 1 4 4 1 2 1 ,,P0:50;P1:75;P2:75;P3:75;,02:51
A3BUWQ5C39GRQC,noPathNoEx,2,4,1568952830948,0,Denied adding cell 4-4-false,,P0:;P1:;P2:;P3:,2 2 1 2 1 4 4 1 2 1 ,,P0:50;P1:75;P2:75;P3:75;,02:51
A3BUWQ5C39GRQC,noPathNoEx,2,4,1568952847153,0,Clear path,,P0:;P1:;P2:;P3:,4 2 2 5 1 3 2 1 2 1 4 4 1 2 1 ,,P0:75;P1:75;P2:75;P3:75;,02:34
A3BUWQ5C39GRQC,noPathNoEx,2,4,1568952848034,0,Added cell 1-8-true,,P0:;P1:;P2:;P3:,4 2 5 1 3 2 1 2 1 4 4 1 2 1 ,,P0:70;P1:75;P2:75;P3:75;,02:33
A3BUWQ5C39GRQC,noPathNoEx,2,4,1568952848417,0,Added cell 2-8-true,,P0:;P1:;P2:;P3:,4 2 5 3 2 1 2 1 4 4 1 2 1 ,,P0:65;P1:75;P2:75;P3:75;,02:33
A3BUWQ5C39GRQC,noPathNoEx,2,4,1568952848791,0,Added cell 3-8-true,,P0:;P1:;P2:;P3:,2 5 3 2 1 2 1 4 4 1 2 1 ,,P0:60;P1:75;P2:75;P3:75;,02:33
A3BUWQ5C39GRQC,noPathNoEx,2,4,1568952849189,0,Added cell 4-8-true,,P0:;P1:;P2:;P3:,2 5 3 2 2 1 4 4 1 2 1 ,,P0:55;P1:75;P2:75;P3:75;,02:32
A3BUWQ5C39GRQC,noPathNoEx,2,4,1568952849620,0,Added cell 5-8-true,,P0:;P1:;P2:;P3:,2 5 2 2 1 4 4 1 2 1 ,,P0:50;P1:75;P2:75;P3:75;,02:32
A3BUWQ5C39GRQC,noPathNoEx,2,4,1568952853638,0,Added cell 6-8-true,,P0:;P1:;P2:;P3:,5 2 2 1 4 4 1 2 1 ,,P0:45;P1:75;P2:75;P3:75;,02:28
A3BUWQ5C39GRQC,noPathNoEx,2,4,1568952854106,0,Added cell 6-7-true,,P0:;P1:;P2:;P3:,5 2 2 4 4 1 2 1 ,,P0:40;P1:75;P2:75;P3:75;,02:27
A3BUWQ5C39GRQC,noPathNoEx,2,4,1568952854448,0,Added cell 6-6-true,,P0:;P1:;P2:;P3:,5 2 4 4 1 2 1 ,,P0:35;P1:75;P2:75;P3:75;,02:27
A3BUWQ5C39GRQC,noPathNoEx,2,4,1568952854808,0,Added cell 6-5-true,,P0:;P1:;P2:;P3:,5 4 4 1 2 1 ,,P0:30;P1:75;P2:75;P3:75;,02:27
A3BUWQ5C39GRQC,noPathNoEx,2,4,1568952855244,0,Added cell 6-4-true,,P0:;P1:;P2:;P3:,5 4 4 1 1 ,,P0:25;P1:75;P2:75;P3:75;,02:26
A3BUWQ5C39GRQC,noPathNoEx,2,4,1568952856612,0,Added cell 5-4-true,,P0:;P1:;P2:;P3:,5 4 4 1 ,,P0:170;P1:75;P2:75;P3:75;,02:25
A3BUWQ5C39GRQC,noPathNoEx,2,4,1568952868444,0,Motivation: Earns the most amount of points. ,,P0:;P1:;P2:;P3:,5 4 4 1 ,,P0:170;P1:75;P2:75;P3:75;,02:13
A3BUWQ5C39GRQC,noPathNoEx,2,4,1568952868444,0,Ending game,,P0:;P1:;P2:;P3:,5 4 4 1 ,,P0:170;P1:75;P2:75;P3:75;,02:13
A3BUWQ5C39GRQC,noPathNoEx,5,5,1568952869809,0,Starting new game,,P0:;P1:;P2:;P3:,5 3 1 1 5 3 4 3 5 4 1 3 5 5 5 ,,P0:75;P1:75;P2:75;P3:75;,02:13

A3BUWQ5C39GRQC,noPathNoEx,5,5,1568952883040,0,Added cell 1-9-true,,P0:;P1:;P2:;P3:,5 1 1 5 3 4 3 5 4 1 3 5 5 5 ,,P0:70;P1:75;P2:75;P3:75;,02:48
A3BUWQ5C39GRQC,noPathNoEx,5,5,1568952883625,0,Added cell 2-9-true,,P0:;P1:;P2:;P3:,5 1 1 5 4 3 5 4 1 3 5 5 5 ,,P0:65;P1:75;P2:75;P3:75;,02:48
A3BUWQ5C39GRQC,noPathNoEx,5,5,1568952884843,0,Added cell 3-9-true,,P0:;P1:;P2:;P3:,5 1 5 4 3 5 4 1 3 5 5 5 ,,P0:60;P1:75;P2:75;P3:75;,02:46
A3BUWQ5C39GRQC,noPathNoEx,5,5,1568952885577,0,Added cell 4-9-true,,P0:;P1:;P2:;P3:,1 5 4 3 5 4 1 3 5 5 5 ,,P0:55;P1:75;P2:75;P3:75;,02:46
A3BUWQ5C39GRQC,noPathNoEx,5,5,1568952888361,0,Added cell 4-8-true,,P0:;P1:;P2:;P3:,1 5 4 5 4 1 3 5 5 5 ,,P0:50;P1:75;P2:75;P3:75;,02:43
A3BUWQ5C39GRQC,noPathNoEx,5,5,1568952889469,0,Added cell 4-7-true,,P0:;P1:;P2:;P3:,5 4 5 4 1 3 5 5 5 ,,P0:45;P1:75;P2:75;P3:75;,02:42
A3BUWQ5C39GRQC,noPathNoEx,5,5,1568952889869,0,Added cell 4-6-true,,P0:;P1:;P2:;P3:,5 4 5 4 3 5 5 5 ,,P0:40;P1:75;P2:75;P3:75;,02:41
A3BUWQ5C39GRQC,noPathNoEx,5,5,1568952897136,0,Clear path,,P0:;P1:;P2:;P3:,5 3 1 1 5 3 4 3 5 4 1 3 5 5 5 ,,P0:75;P1:75;P2:75;P3:75;,02:34
A3BUWQ5C39GRQC,noPathNoEx,5,5,1568952898166,0,Tried to add own cell 0-9,,P0:;P1:;P2:;P3:,5 3 1 1 5 3 4 3 5 4 1 3 5 5 5 ,,P0:75;P1:75;P2:75;P3:75;,02:33
A3BUWQ5C39GRQC,noPathNoEx,5,5,1568952902061,0,Added cell 1-9-true,,P0:;P1:;P2:;P3:,5 1 1 5 3 4 3 5 4 1 3 5 5 5 ,,P0:70;P1:75;P2:75;P3:75;,02:29
A3BUWQ5C39GRQC,noPathNoEx,5,5,1568952902507,0,Added cell 2-9-true,,P0:;P1:;P2:;P3:,5 1 1 5 4 3 5 4 1 3 5 5 5 ,,P0:65;P1:75;P2:75;P3:75;,02:29
A3BUWQ5C39GRQC,noPathNoEx,5,5,1568952903803,0,Added cell 2-8-true,,P0:;P1:;P2:;P3:,5 1 1 5 3 5 4 1 3 5 5 5 ,,P0:60;P1:75;P2:75;P3:75;,02:28
A3BUWQ5C39GRQC,noPathNoEx,5,5,1568952904195,0,Added cell 2-6-true,,P0:;P1:;P2:;P3:,1 1 5 3 5 4 1 3 5 5 5 ,,P0:55;P1:75;P2:75;P3:75;,02:27
A3BUWQ5C39GRQC,noPathNoEx,5,5,1568952904968,0,Added cell 2-7-true,,P0:;P1:;P2:;P3:,1 1 5 3 5 1 3 5 5 5 ,,P0:50;P1:75;P2:75;P3:75;,02:26
A3BUWQ5C39GRQC,noPathNoEx,5,5,1568952910380,0,Clear path,,P0:;P1:;P2:;P3:,5 3 1 1 5 3 4 3 5 4 1 3 5 5 5 ,,P0:75;P1:75;P2:75;P3:75;,02:21
A3BUWQ5C39GRQC,noPathNoEx,5,5,1568952911364,0,Added cell 1-9-true,,P0:;P1:;P2:;P3:,5 1 1 5 3 4 3 5 4 1 3 5 5 5 ,,P0:70;P1:75;P2:75;P3:75;,02:20
A3BUWQ5C39GRQC,noPathNoEx,5,5,1568952911700,0,Added cell 2-9-true,,P0:;P1:;P2:;P3:,5 1 1 5 4 3 5 4 1 3 5 5 5 ,,P0:65;P1:75;P2:75;P3:75;,02:20
A3BUWQ5C39GRQC,noPathNoEx,5,5,1568952912076,0,Added cell 2-8-true,,P0:;P1:;P2:;P3:,5 1 1 5 3 5 4 1 3 5 5 5 ,,P0:60;P1:75;P2:75;P3:75;,02:19
A3BUWQ5C39GRQC,noPathNoEx,5,5,1568952912552,0,Added cell 2-7-true,,P0:;P1:;P2:;P3:,5 1 1 5 3 5 1 3 5 5 5 ,,P0:55;P1:75;P2:75;P3:75;,02:19
A3BUWQ5C39GRQC,noPathNoEx,5,5,1568952913482,0,Added cell 3-7-true,,P0:;P1:;P2:;P3:,5 1 1 5 5 1 3 5 5 5 ,,P0:50;P1:75;P2:75;P3:75;,02:18
A3BUWQ5C39GRQC,noPathNoEx,5,5,1568952916262,0,Added cell 4-7-true,,P0:;P1:;P2:;P3:,5 1 5 5 1 3 5 5 5 ,,P0:45;P1:75;P2:75;P3:75;,02:15
A3BUWQ5C39GRQC,noPathNoEx,5,5,1568952924546,0,Clear path,,P0:;P1:;P2:;P3:,5 3 1 1 5 3 4 3 5 4 1 3 5 5 5 ,,P0:75;P1:75;P2:75;P3:75;,02:07
A3BUWQ5C39GRQC,noPathNoEx,5,5,1568952925641,0,Added cell 1-9-true,,P0:;P1:;P2:;P3:,5 1 1 5 3 4 3 5 4 1 3 5 5 5 ,,P0:70;P1:75;P2:75;P3:75;,02:06
A3BUWQ5C39GRQC,noPathNoEx,5,5,1568952925998,0,Added cell 1-8-true,,P0:;P1:;P2:;P3:,5 1 5 3 4 3 5 4 1 3 5 5 5 ,,P0:65;P1:75;P2:75;P3:75;,02:05
A3BUWQ5C39GRQC,noPathNoEx,5,5,1568952926382,0,Added cell 1-7-true,,P0:;P1:;P2:;P3:,5 5 3 4 3 5 4 1 3 5 5 5 ,,P0:60;P1:75;P2:75;P3:75;,02:05
A3BUWQ5C39GRQC,noPathNoEx,5,5,1568952933485,0,Added cell 1-6-true,,P0:;P1:;P2:;P3:,5 5 3 3 5 4 1 3 5 5 5 ,,P0:55;P1:75;P2:75;P3:75;,01:58
A3BUWQ5C39GRQC,noPathNoEx,5,5,1568952938447,0,Added cell 2-6-true,,P0:;P1:;P2:;P3:,5 3 3 5 4 1 3 5 5 5 ,,P0:50;P1:75;P2:75;P3:75;,01:53
A3BUWQ5C39GRQC,noPathNoEx,5,5,1568952941839,0,Added cell 3-5-true,,P0:;P1:;P2:;P3:,5 3 3 5 1 3 5 5 5 ,,P0:45;P1:75;P2:75;P3:75;,01:49
A3BUWQ5C39GRQC,noPathNoEx,5,5,1568952943166,0,Added cell 3-4-true,,P0:;P1:;P2:;P3:,3 3 5 1 3 5 5 5 ,,P0:40;P1:75;P2:75;P3:75;,01:48
A3BUWQ5C39GRQC,noPathNoEx,5,5,1568952944094,0,Denied adding cell 4-4-false,,P0:;P1:;P2:;P3:,3 3 5 1 3 5 5 5 ,,P0:40;P1:75;P2:75;P3:75;,01:47
A3BUWQ5C39GRQC,noPathNoEx,5,5,1568952946297,0,Clear path,,P0:;P1:;P2:;P3:,5 3 1 1 5 3 4 3 5 4 1 3 5 5 5 ,,P0:75;P1:75;P2:75;P3:75;,01:45
A3BUWQ5C39GRQC,noPathNoEx,5,5,1568952955592,0,Added cell 1-9-true,,P0:;P1:;P2:;P3:,5 1 1 5 3 4 3 5 4 1 3 5 5 5 ,,P0:70;P1:75;P2:75;P3:75;,01:36
A3BUWQ5C39GRQC,noPathNoEx,5,5,1568952955999,0,Added cell 1-8-true,,P0:;P1:;P2:;P3:,5 1 5 3 4 3 5 4 1 3 5 5 5 ,,P0:65;P1:75;P2:75;P3:75;,01:35
A3BUWQ5C39GRQC,noPathNoEx,5,5,1568952956348,0,Added cell 2-8-true,,P0:;P1:;P2:;P3:,5 1 5 3 3 5 4 1 3 5 5 5 ,,P0:60;P1:75;P2:75;P3:75;,01:35
A3BUWQ5C39GRQC,noPathNoEx,5,5,1568952956763,0,Added cell 3-8-true,,P0:;P1:;P2:;P3:,5 1 5 3 5 4 1 3 5 5 5 ,,P0:55;P1:75;P2:75;P3:75;,01:35
A3BUWQ5C39GRQC,noPathNoEx,5,5,1568952957114,0,Added cell 4-8-true,,P0:;P1:;P2:;P3:,5 1 5 5 4 1 3 5 5 5 ,,P0:50;P1:75;P2:75;P3:75;,01:34
A3BUWQ5C39GRQC,noPathNoEx,5,5,1568952957669,0,Added cell 5-8-true,,P0:;P1:;P2:;P3:,5 1 5 5 4 1 5 5 5 ,,P0:45;P1:75;P2:75;P3:75;,01:34
A3BUWQ5C39GRQC,noPathNoEx,5,5,1568952958903,0,Added cell 6-8-true,,P0:;P1:;P2:;P3:,1 5 5 4 1 5 5 5 ,,P0:40;P1:75;P2:75;P3:75;,01:32
A3BUWQ5C39GRQC,noPathNoEx,5,5,1568952959418,0,Added cell 6-7-true,,P0:;P1:;P2:;P3:,5 5 4 1 5 5 5 ,,P0:35;P1:75;P2:75;P3:75;,01:32
A3BUWQ5C39GRQC,noPathNoEx,5,5,1568952960090,0,Added cell 6-6-true,,P0:;P1:;P2:;P3:,5 4 1 5 5 5 ,,P0:30;P1:75;P2:75;P3:75;,01:31
A3BUWQ5C39GRQC,noPathNoEx,5,5,1568952961257,0,Denied adding cell 6-5-false,,P0:;P1:;P2:;P3:,5 4 1 5 5 5 ,,P0:30;P1:75;P2:75;P3:75;,01:30
A3BUWQ5C39GRQC,noPathNoEx,5,5,1568952972495,0,Clear path,,P0:;P1:;P2:;P3:,5 3 1 1 5 3 4 3 5 4 1 3 5 5 5 ,,P0:75;P1:75;P2:75;P3:75;,01:19
A3BUWQ5C39GRQC,noPathNoEx,5,5,1568952973854,0,Added cell 1-9-true,,P0:;P1:;P2:;P3:,5 1 1 5 3 4 3 5 4 1 3 5 5 5 ,,P0:70;P1:75;P2:75;P3:75;,01:17
A3BUWQ5C39GRQC,noPathNoEx,5,5,1568952974163,0,Added cell 2-9-true,,P0:;P1:;P2:;P3:,5 1 1 5 4 3 5 4 1 3 5 5 5 ,,P0:65;P1:75;P2:75;P3:75;,01:17
A3BUWQ5C39GRQC,noPathNoEx,5,5,1568952974526,0,Added cell 3-9-true,,P0:;P1:;P2:;P3:,5 1 5 4 3 5 4 1 3 5 5 5 ,,P0:60;P1:75;P2:75;P3:75;,01:17
A3BUWQ5C39GRQC,noPathNoEx,5,5,1568952975096,0,Added cell 4-9-true,,P0:;P1:;P2:;P3:,1 5 4 3 5 4 1 3 5 5 5 ,,P0:55;P1:75;P2:75;P3:75;,01:16
A3BUWQ5C39GRQC,noPathNoEx,5,5,1568952975503,0,Added cell 4-8-true,,P0:;P1:;P2:;P3:,1 5 4 5 4 1 3 5 5 5 ,,P0:50;P1:75;P2:75;P3:75;,01:16
A3BUWQ5C39GRQC,noPathNoEx,5,5,1568952975892,0,Added cell 5-8-true,,P0:;P1:;P2:;P3:,1 5 4 5 4 1 5 5 5 ,,P0:45;P1:75;P2:75;P3:75;,01:15
A3BUWQ5C39GRQC,noPathNoEx,5,5,1568952976778,0,Added cell 6-8-true,,P0:;P1:;P2:;P3:,1 4 5 4 1 5 5 5 ,,P0:40;P1:75;P2:75;P3:75;,01:15
A3BUWQ5C39GRQC,noPathNoEx,5,5,1568952977126,0,Added cell 6-6-true,,P0:;P1:;P2:;P3:,1 4 4 1 5 5 5 ,,P0:35;P1:75;P2:75;P3:75;,01:14
A3BUWQ5C39GRQC,noPathNoEx,5,5,1568952977954,0,Added cell 6-7-true,,P0:;P1:;P2:;P3:,4 4 1 5 5 5 ,,P0:30;P1:75;P2:75;P3:75;,01:13
A3BUWQ5C39GRQC,noPathNoEx,5,5,1568952983354,0,Denied adding cell 6-5-false,,P0:;P1:;P2:;P3:,4 4 1 5 5 5 ,,P0:30;P1:75;P2:75;P3:75;,01:08
A3BUWQ5C39GRQC,noPathNoEx,5,5,1568952991359,0,Clear path,,P0:;P1:;P2:;P3:,5 3 1 1 5 3 4 3 5 4 1 3 5 5 5 ,,P0:75;P1:75;P2:75;P3:75;,01:00
A3BUWQ5C39GRQC,noPathNoEx,5,5,1568952993164,0,Tried to add own cell 0-9,,P0:;P1:;P2:;P3:,5 3 1 1 5 3 4 3 5 4 1 3 5 5 5 ,,P0:75;P1:75;P2:75;P3:75;,00:58
A3BUWQ5C39GRQC,noPathNoEx,5,5,1568952995650,0,Added cell 1-9-true,,P0:;P1:;P2:;P3:,5 1 1 5 3 4 3 5 4 1 3 5 5 5 ,,P0:70;P1:75;P2:75;P3:75;,00:56
A3BUWQ5C39GRQC,noPathNoEx,5,5,1568952996076,0,Added cell 1-8-true,,P0:;P1:;P2:;P3:,5 1 5 3 4 3 5 4 1 3 5 5 5 ,,P0:65;P1:75;P2:75;P3:75;,00:55
A3BUWQ5C39GRQC,noPathNoEx,5,5,1568952996437,0,Added cell 2-8-true,,P0:;P1:;P2:;P3:,5 1 5 3 3 5 4 1 3 5 5 5 ,,P0:60;P1:75;P2:75;P3:75;,00:55
A3BUWQ5C39GRQC,noPathNoEx,5,5,1568953001491,0,Added cell 3-8-true,,P0:;P1:;P2:;P3:,5 1 5 3 5 4 1 3 5 5 5 ,,P0:55;P1:75;P2:75;P3:75;,00:50
A3BUWQ5C39GRQC,noPathNoEx,5,5,1568953002061,0,Added cell 4-8-true,,P0:;P1:;P2:;P3:,5 1 5 5 4 1 3 5 5 5 ,,P0:50;P1:75;P2:75;P3:75;,00:49
A3BUWQ5C39GRQC,noPathNoEx,5,5,1568953002569,0,Added cell 5-8-true,,P0:;P1:;P2:;P3:,5 1 5 5 4 1 5 5 5 ,,P0:45;P1:75;P2:75;P3:75;,00:49
A3BUWQ5C39GRQC,noPathNoEx,5,5,1568953003308,0,Added cell 6-8-true,,P0:;P1:;P2:;P3:,1 5 5 4 1 5 5 5 ,,P0:40;P1:75;P2:75;P3:75;,00:48
A3BUWQ5C39GRQC,noPathNoEx,5,5,1568953003981,0,Added cell 6-7-true,,P0:;P1:;P2:;P3:,5 5 4 1 5 5 5 ,,P0:35;P1:75;P2:75;P3:75;,00:47
A3BUWQ5C39GRQC,noPathNoEx,5,5,1568953004506,0,Added cell 6-6-true,,P0:;P1:;P2:;P3:,5 4 1 5 5 5 ,,P0:30;P1:75;P2:75;P3:75;,00:47
A3BUWQ5C39GRQC,noPathNoEx,5,5,1568953012152,0,Clear path,,P0:;P1:;P2:;P3:,5 3 1 1 5 3 4 3 5 4 1 3 5 5 5 ,,P0:75;P1:75;P2:75;P3:75;,00:39
A3BUWQ5C39GRQC,noPathNoEx,5,5,1568953013745,0,Added cell 1-9-true,,P0:;P1:;P2:;P3:,5 1 1 5 3 4 3 5 4 1 3 5 5 5 ,,P0:70;P1:75;P2:75;P3:75;,00:38
A3BUWQ5C39GRQC,noPathNoEx,5,5,1568953014138,0,Added cell 1-8-true,,P0:;P1:;P2:;P3:,5 1 5 3 4 3 5 4 1 3 5 5 5 ,,P0:65;P1:75;P2:75;P3:75;,00:37
A3BUWQ5C39GRQC,noPathNoEx,5,5,1568953014590,0,Added cell 1-7-true,,P0:;P1:;P2:;P3:,5 5 3 4 3 5 4 1 3 5 5 5 ,,P0:60;P1:75;P2:75;P3:75;,00:37
A3BUWQ5C39GRQC,noPathNoEx,5,5,1568953015097,0,Added cell 2-7-true,,P0:;P1:;P2:;P3:,5 5 3 3 5 4 1 3 5 5 5 ,,P0:55;P1:75;P2:75;P3:75;,00:36
A3BUWQ5C39GRQC,noPathNoEx,5,5,1568953016339,0,Added cell 3-7-true,,P0:;P1:;P2:;P3:,5 5 3 5 4 1 3 5 5 5 ,,P0:50;P1:75;P2:75;P3:75;,00:35
A3BUWQ5C39GRQC,noPathNoEx,5,5,1568953016845,0,Added cell 4-7-true,,P0:;P1:;P2:;P3:,5 5 3 5 4 3 5 5 5 ,,P0:45;P1:75;P2:75;P3:75;,00:34
A3BUWQ5C39GRQC,noPathNoEx,5,5,1568953018495,0,Added cell 4-8-true,,P0:;P1:;P2:;P3:,5 5 5 4 3 5 5 5 ,,P0:40;P1:75;P2:75;P3:75;,00:33
A3BUWQ5C39GRQC,noPathNoEx,5,5,1568953019018,0,Added cell 5-8-true,,P0:;P1:;P2:;P3:,5 5 5 4 5 5 5 ,,P0:35;P1:75;P2:75;P3:75;,00:32
A3BUWQ5C39GRQC,noPathNoEx,5,5,1568953021464,0,Added cell 6-8-true,,P0:;P1:;P2:;P3:,5 5 4 5 5 5 ,,P0:30;P1:75;P2:75;P3:75;,00:30
A3BUWQ5C39GRQC,noPathNoEx,5,5,1568953022028,0,Denied adding cell 6-7-false,,P0:;P1:;P2:;P3:,5 5 4 5 5 5 ,,P0:30;P1:75;P2:75;P3:75;,00:29
A3BUWQ5C39GRQC,noPathNoEx,5,5,1568953025236,0,Clear path,,P0:;P1:;P2:;P3:,5 3 1 1 5 3 4 3 5 4 1 3 5 5 5 ,,P0:75;P1:75;P2:75;P3:75;,00:26
A3BUWQ5C39GRQC,noPathNoEx,5,5,1568953040264,0,Motivation: Earns the most points by doing nothing,,P0:;P1:;P2:;P3:,5 3 1 1 5 3 4 3 5 4 1 3 5 5 5 ,,P0:75;P1:75;P2:75;P3:75;,00:11
A3BUWQ5C39GRQC,noPathNoEx,5,5,1568953040264,0,Ending game,,P0:;P1:;P2:;P3:,5 3 1 1 5 3 4 3 5 4 1 3 5 5 5 ,,P0:75;P1:75;P2:75;P3:75;,00:11
A3BUWQ5C39GRQC,noPathNoEx,1,6,1568953041741,0,Starting new game,,P0:;P1:;P2:;P3:,4 5 3 3 1 5 1 3 5 3 4 3 3 1 1 ,,P0:75;P1:75;P2:75;P3:75;,00:11

A3BUWQ5C39GRQC,noPathNoEx,1,6,1568953054716,0,Added cell 2-5-true,,P0:;P1:;P2:;P3:,4 5 3 3 5 1 3 5 3 4 3 3 1 1 ,,P0:70;P1:75;P2:75;P3:75;,02:49
A3BUWQ5C39GRQC,noPathNoEx,1,6,1568953055340,0,Added cell 2-6-true,,P0:;P1:;P2:;P3:,4 5 3 3 5 3 5 3 4 3 3 1 1 ,,P0:65;P1:75;P2:75;P3:75;,02:48
A3BUWQ5C39GRQC,noPathNoEx,1,6,1568953055928,0,Added cell 3-6-true,,P0:;P1:;P2:;P3:,5 3 3 5 3 5 3 4 3 3 1 1 ,,P0:60;P1:75;P2:75;P3:75;,02:47
A3BUWQ5C39GRQC,noPathNoEx,1,6,1568953056584,0,Added cell 4-6-true,,P0:;P1:;P2:;P3:,5 3 3 5 3 5 3 4 3 3 1 ,,P0:55;P1:75;P2:75;P3:75;,02:47
A3BUWQ5C39GRQC,noPathNoEx,1,6,1568953057397,0,Added cell 5-6-true,,P0:;P1:;P2:;P3:,5 3 3 5 3 5 3 4 3 3 ,,P0:50;P1:75;P2:75;P3:75;,02:46
A3BUWQ5C39GRQC,noPathNoEx,1,6,1568953058532,0,Removed cell 5-6-false,,P0:;P1:;P2:;P3:,5 3 3 5 3 5 3 4 3 3 1 ,,P0:55;P1:75;P2:75;P3:75;,02:45
A3BUWQ5C39GRQC,noPathNoEx,1,6,1568953060139,0,Added cell 5-6-true,,P0:;P1:;P2:;P3:,5 3 3 5 3 5 3 4 3 3 ,,P0:50;P1:75;P2:75;P3:75;,02:43
A3BUWQ5C39GRQC,noPathNoEx,1,6,1568953060600,0,Added cell 5-7-true,,P0:;P1:;P2:;P3:,5 3 3 5 3 5 3 3 3 ,,P0:45;P1:75;P2:75;P3:75;,02:43
A3BUWQ5C39GRQC,noPathNoEx,1,6,1568953061764,0,Added cell 5-8-true,,P0:;P1:;P2:;P3:,3 3 5 3 5 3 3 3 ,,P0:40;P1:75;P2:75;P3:75;,02:41
A3BUWQ5C39GRQC,noPathNoEx,1,6,1568953062312,0,Denied adding cell 6-8-false,,P0:;P1:;P2:;P3:,3 3 5 3 5 3 3 3 ,,P0:40;P1:75;P2:75;P3:75;,02:41
A3BUWQ5C39GRQC,noPathNoEx,1,6,1568953080146,0,Clear path,,P0:;P1:;P2:;P3:,4 5 3 3 1 5 1 3 5 3 4 3 3 1 1 ,,P0:75;P1:75;P2:75;P3:75;,02:23
A3BUWQ5C39GRQC,noPathNoEx,1,6,1568953082254,0,Added cell 2-5-true,,P0:;P1:;P2:;P3:,4 5 3 3 5 1 3 5 3 4 3 3 1 1 ,,P0:70;P1:75;P2:75;P3:75;,02:21
A3BUWQ5C39GRQC,noPathNoEx,1,6,1568953082787,0,Added cell 2-6-true,,P0:;P1:;P2:;P3:,4 5 3 3 5 3 5 3 4 3 3 1 1 ,,P0:65;P1:75;P2:75;P3:75;,02:20
A3BUWQ5C39GRQC,noPathNoEx,1,6,1568953083226,0,Added cell 3-6-true,,P0:;P1:;P2:;P3:,5 3 3 5 3 5 3 4 3 3 1 1 ,,P0:60;P1:75;P2:75;P3:75;,02:20
A3BUWQ5C39GRQC,noPathNoEx,1,6,1568953083894,0,Added cell 4-6-true,,P0:;P1:;P2:;P3:,5 3 3 5 3 5 3 4 3 3 1 ,,P0:55;P1:75;P2:75;P3:75;,02:19
A3BUWQ5C39GRQC,noPathNoEx,1,6,1568953085004,0,Added cell 4-5-true,,P0:;P1:;P2:;P3:,3 3 5 3 5 3 4 3 3 1 ,,P0:50;P1:75;P2:75;P3:75;,02:18
A3BUWQ5C39GRQC,noPathNoEx,1,6,1568953085481,0,Added cell 5-5-true,,P0:;P1:;P2:;P3:,3 3 3 5 3 4 3 3 1 ,,P0:45;P1:75;P2:75;P3:75;,02:18
A3BUWQ5C39GRQC,noPathNoEx,1,6,1568953086011,0,Added cell 6-5-true,,P0:;P1:;P2:;P3:,3 3 3 5 3 3 3 1 ,,P0:40;P1:75;P2:75;P3:75;,02:17
A3BUWQ5C39GRQC,noPathNoEx,1,6,1568953087262,0,Added cell 7-5-true,,P0:;P1:;P2:;P3:,3 3 5 3 3 3 1 ,,P0:35;P1:75;P2:75;P3:75;,02:16
A3BUWQ5C39GRQC,noPathNoEx,1,6,1568953092245,0,Clear path,,P0:;P1:;P2:;P3:,4 5 3 3 1 5 1 3 5 3 4 3 3 1 1 ,,P0:75;P1:75;P2:75;P3:75;,02:11
A3BUWQ5C39GRQC,noPathNoEx,1,6,1568953093299,0,Added cell 2-5-true,,P0:;P1:;P2:;P3:,4 5 3 3 5 1 3 5 3 4 3 3 1 1 ,,P0:70;P1:75;P2:75;P3:75;,02:10
A3BUWQ5C39GRQC,noPathNoEx,1,6,1568953093862,0,Added cell 2-6-true,,P0:;P1:;P2:;P3:,4 5 3 3 5 3 5 3 4 3 3 1 1 ,,P0:65;P1:75;P2:75;P3:75;,02:09
A3BUWQ5C39GRQC,noPathNoEx,1,6,1568953094209,0,Added cell 3-6-true,,P0:;P1:;P2:;P3:,5 3 3 5 3 5 3 4 3 3 1 1 ,,P0:60;P1:75;P2:75;P3:75;,02:09
A3BUWQ5C39GRQC,noPathNoEx,1,6,1568953094534,0,Added cell 4-6-true,,P0:;P1:;P2:;P3:,5 3 3 5 3 5 3 4 3 3 1 ,,P0:55;P1:75;P2:75;P3:75;,02:09
A3BUWQ5C39GRQC,noPathNoEx,1,6,1568953095510,0,Added cell 4-5-true,,P0:;P1:;P2:;P3:,3 3 5 3 5 3 4 3 3 1 ,,P0:50;P1:75;P2:75;P3:75;,02:08
A3BUWQ5C39GRQC,noPathNoEx,1,6,1568953096346,0,Added cell 5-5-true,,P0:;P1:;P2:;P3:,3 3 3 5 3 4 3 3 1 ,,P0:45;P1:75;P2:75;P3:75;,02:07
A3BUWQ5C39GRQC,noPathNoEx,1,6,1568953098362,0,Added cell 5-4-true,,P0:;P1:;P2:;P3:,3 3 3 5 3 4 3 3 ,,P0:40;P1:75;P2:75;P3:75;,02:05
A3BUWQ5C39GRQC,noPathNoEx,1,6,1568953099526,0,Added cell 6-4-true,,P0:;P1:;P2:;P3:,3 3 3 3 4 3 3 ,,P0:35;P1:75;P2:75;P3:75;,02:04
A3BUWQ5C39GRQC,noPathNoEx,1,6,1568953100846,0,Added cell 7-4-true,,P0:;P1:;P2:;P3:,3 3 3 4 3 3 ,,P0:30;P1:75;P2:75;P3:75;,02:02
A3BUWQ5C39GRQC,noPathNoEx,1,6,1568953101276,0,Added cell 7-5-true,,P0:;P1:;P2:;P3:,3 3 4 3 3 ,,P0:25;P1:75;P2:75;P3:75;,02:02
A3BUWQ5C39GRQC,noPathNoEx,1,6,1568953101807,0,Added cell 7-6-true,,P0:;P1:;P2:;P3:,3 3 3 3 ,,P0:20;P1:75;P2:75;P3:75;,02:01
A3BUWQ5C39GRQC,noPathNoEx,1,6,1568953115891,0,Clear path,,P0:;P1:;P2:;P3:,4 5 3 3 1 5 1 3 5 3 4 3 3 1 1 ,,P0:75;P1:75;P2:75;P3:75;,01:47
A3BUWQ5C39GRQC,noPathNoEx,1,6,1568953127785,0,Motivation: Earns the most point by doing nothing,,P0:;P1:;P2:;P3:,4 5 3 3 1 5 1 3 5 3 4 3 3 1 1 ,,P0:75;P1:75;P2:75;P3:75;,01:35
A3BUWQ5C39GRQC,noPathNoEx,1,6,1568953127785,0,Ending game,,P0:;P1:;P2:;P3:,4 5 3 3 1 5 1 3 5 3 4 3 3 1 1 ,,P0:75;P1:75;P2:75;P3:75;,01:35
A3BUWQ5C39GRQC,noPathNoEx,3,7,1568953129261,0,Starting new game,,P0:;P1:;P2:;P3:,3 1 2 3 4 3 2 1 2 4 1 1 3 4 4 ,,P0:75;P1:75;P2:75;P3:75;,01:35

A3BUWQ5C39GRQC,noPathNoEx,3,7,1568953137612,0,Denied adding cell 1-0-false,,P0:;P1:;P2:;P3:,3 1 2 3 4 3 2 1 2 4 1 1 3 4 4 ,,P0:75;P1:75;P2:75;P3:75;,02:53
A3BUWQ5C39GRQC,noPathNoEx,3,7,1568953144538,0,Added cell 0-1-true,,P0:;P1:;P2:;P3:,3 1 3 4 3 2 1 2 4 1 1 3 4 4 ,,P0:70;P1:75;P2:75;P3:75;,02:46
A3BUWQ5C39GRQC,noPathNoEx,3,7,1568953145524,0,Added cell 0-2-true,,P0:;P1:;P2:;P3:,3 1 3 3 2 1 2 4 1 1 3 4 4 ,,P0:65;P1:75;P2:75;P3:75;,02:45
A3BUWQ5C39GRQC,noPathNoEx,3,7,1568953146524,0,Added cell 1-2-true,,P0:;P1:;P2:;P3:,3 3 3 2 1 2 4 1 1 3 4 4 ,,P0:60;P1:75;P2:75;P3:75;,02:44
A3BUWQ5C39GRQC,noPathNoEx,3,7,1568953162791,0,ChipRequest;From;3;Colour;1;ReqNrOfChips;1;Success;true,,P0:;P1:;P2:;P3:,3 3 3 2 1 2 4 1 1 3 4 4 ,,P0:60;P1:75;P2:75;P3:75;,02:28
A3BUWQ5C39GRQC,noPathNoEx,3,7,1568953169774,0,ChipRequest min:;From;3;Colour;0;ReqNrOfChips;0;Success;1,0,P0:;P1:;P2:;P3:0;,3 3 3 2 2 4 1 1 3 4 4 1 , ,P0:-11;P1:75;P2:75;P3:75;,02:21
A3BUWQ5C39GRQC,noPathNoEx,3,7,1568953192936,0,ChipRequest;From;2;Colour;5;ReqNrOfChips;1;Success;true,,P0:;P1:;P2:;P3:,3 3 3 2 2 4 1 1 3 4 4 1 , ,P0:60;P1:75;P2:75;P3:75;,01:58
A3BUWQ5C39GRQC,noPathNoEx,3,7,1568953194790,0,Added cell 2-2-false,4,P0:;P1:;P2:4;;P3:,3 3 3 2 2 4 1 1 3 4 4 1  , 5 ,P0:-16;P1:75;P2:75;P3:75;,01:56
A3BUWQ5C39GRQC,noPathNoEx,3,7,1568953195911,0,Added cell 2-1-true,4,P0:;P1:;P2:4;;P3:,3 3 3 2 4 1 1 3 4 4 1  , 5 ,P0:-21;P1:75;P2:75;P3:75;,01:55
A3BUWQ5C39GRQC,noPathNoEx,3,7,1568953196474,0,Added cell 3-1-true,4,P0:;P1:;P2:4;;P3:,3 3 3 2 1 1 3 4 4 1  , 5 ,P0:-26;P1:75;P2:75;P3:75;,01:54
A3BUWQ5C39GRQC,noPathNoEx,3,7,1568953198299,0,Added cell 4-1-true,4,P0:;P1:;P2:4;;P3:,3 3 2 1 1 3 4 4 1  , 5 ,P0:-31;P1:75;P2:75;P3:75;,01:52
A3BUWQ5C39GRQC,noPathNoEx,3,7,1568953204975,0,Clear path,,P0:;P1:;P2:;P3:,3 1 2 3 4 3 2 1 2 4 1 1 3 4 4 ,,P0:75;P1:75;P2:75;P3:75;,01:46
A3BUWQ5C39GRQC,noPathNoEx,3,7,1568953216849,0,Motivation: Earn the most points by doing nothing,,P0:;P1:;P2:;P3:,3 1 2 3 4 3 2 1 2 4 1 1 3 4 4 ,,P0:75;P1:75;P2:75;P3:75;,01:34
A3BUWQ5C39GRQC,noPathNoEx,3,7,1568953216850,0,Ending game,,P0:;P1:;P2:;P3:,3 1 2 3 4 3 2 1 2 4 1 1 3 4 4 ,,P0:75;P1:75;P2:75;P3:75;,01:34
A3BUWQ5C39GRQC,noPathNoEx,10,8,1568953218285,0,Starting new game,,P0:;P1:;P2:;P3:,1 5 2 5 4 1 2 2 2 1 4 5 1 5 5 ,,P0:75;P1:75;P2:75;P3:75;,01:34

A3BUWQ5C39GRQC,noPathNoEx,10,8,1568953226411,0,Added cell 1-1-true,,P0:;P1:;P2:;P3:,1 5 2 5 1 2 2 2 1 4 5 1 5 5 ,,P0:70;P1:75;P2:75;P3:75;,02:53
A3BUWQ5C39GRQC,noPathNoEx,10,8,1568953227091,0,Added cell 1-0-true,,P0:;P1:;P2:;P3:,5 2 5 1 2 2 2 1 4 5 1 5 5 ,,P0:65;P1:75;P2:75;P3:75;,02:53
A3BUWQ5C39GRQC,noPathNoEx,10,8,1568953227873,0,Added cell 2-0-true,,P0:;P1:;P2:;P3:,2 5 1 2 2 2 1 4 5 1 5 5 ,,P0:60;P1:75;P2:75;P3:75;,02:52
A3BUWQ5C39GRQC,noPathNoEx,10,8,1568953228573,0,Added cell 3-0-true,,P0:;P1:;P2:;P3:,2 1 2 2 2 1 4 5 1 5 5 ,,P0:55;P1:75;P2:75;P3:75;,02:51
A3BUWQ5C39GRQC,noPathNoEx,10,8,1568953229427,0,Added cell 4-0-true,,P0:;P1:;P2:;P3:,2 2 2 2 1 4 5 1 5 5 ,,P0:50;P1:75;P2:75;P3:75;,02:50
A3BUWQ5C39GRQC,noPathNoEx,10,8,1568953236941,0,Added cell 4-1-true,,P0:;P1:;P2:;P3:,2 2 2 2 1 4 1 5 5 ,,P0:45;P1:75;P2:75;P3:75;,02:43
A3BUWQ5C39GRQC,noPathNoEx,10,8,1568953248018,0,Clear path,,P0:;P1:;P2:;P3:,1 5 2 5 4 1 2 2 2 1 4 5 1 5 5 ,,P0:75;P1:75;P2:75;P3:75;,02:32
A3BUWQ5C39GRQC,noPathNoEx,10,8,1568953259345,0,Motivation: Earns the most points by doing nothing,,P0:;P1:;P2:;P3:,1 5 2 5 4 1 2 2 2 1 4 5 1 5 5 ,,P0:75;P1:75;P2:75;P3:75;,02:20
A3BUWQ5C39GRQC,noPathNoEx,10,8,1568953259345,0,Ending game,,P0:;P1:;P2:;P3:,1 5 2 5 4 1 2 2 2 1 4 5 1 5 5 ,,P0:75;P1:75;P2:75;P3:75;,02:20
A3BUWQ5C39GRQC,noPathNoEx,9,9,1568953260566,0,Starting new game,,P0:;P1:;P2:;P3:,5 4 3 3 5 4 5 4 3 2 2 1 5 2 2 ,,P0:75;P1:75;P2:75;P3:75;,02:20

A3BUWQ5C39GRQC,noPathNoEx,9,9,1568953270696,0,Added cell 8-8-true,,P0:;P1:;P2:;P3:,4 3 3 5 4 5 4 3 2 2 1 5 2 2 ,,P0:70;P1:75;P2:75;P3:75;,02:51
A3BUWQ5C39GRQC,noPathNoEx,9,9,1568953271154,0,Added cell 8-7-true,,P0:;P1:;P2:;P3:,3 3 5 4 5 4 3 2 2 1 5 2 2 ,,P0:65;P1:75;P2:75;P3:75;,02:51
A3BUWQ5C39GRQC,noPathNoEx,9,9,1568953272665,0,Added cell 8-6-true,,P0:;P1:;P2:;P3:,3 3 5 4 5 4 3 2 1 5 2 2 ,,P0:60;P1:75;P2:75;P3:75;,02:49
A3BUWQ5C39GRQC,noPathNoEx,9,9,1568953273045,0,Added cell 8-5-true,,P0:;P1:;P2:;P3:,3 3 5 4 5 4 3 1 5 2 2 ,,P0:55;P1:75;P2:75;P3:75;,02:49
A3BUWQ5C39GRQC,noPathNoEx,9,9,1568953276547,0,Added cell 8-4-true,,P0:;P1:;P2:;P3:,3 3 5 5 4 3 1 5 2 2 ,,P0:50;P1:75;P2:75;P3:75;,02:46
A3BUWQ5C39GRQC,noPathNoEx,9,9,1568953277905,0,Added cell 7-4-true,,P0:;P1:;P2:;P3:,3 3 5 5 4 3 5 2 2 ,,P0:45;P1:75;P2:75;P3:75;,02:44
A3BUWQ5C39GRQC,noPathNoEx,9,9,1568953279116,0,Added cell 7-3-true,,P0:;P1:;P2:;P3:,3 3 5 4 3 5 2 2 ,,P0:40;P1:75;P2:75;P3:75;,02:43
A3BUWQ5C39GRQC,noPathNoEx,9,9,1568953279733,0,Added cell 7-2-true,,P0:;P1:;P2:;P3:,3 3 4 3 5 2 2 ,,P0:35;P1:75;P2:75;P3:75;,02:42
A3BUWQ5C39GRQC,noPathNoEx,9,9,1568953281933,0,Added cell 7-1-true,,P0:;P1:;P2:;P3:,3 4 3 5 2 2 ,,P0:30;P1:75;P2:75;P3:75;,02:40
A3BUWQ5C39GRQC,noPathNoEx,9,9,1568953283381,0,Added cell 7-0-true,,P0:;P1:;P2:;P3:,3 3 5 2 2 ,,P0:25;P1:75;P2:75;P3:75;,02:39
A3BUWQ5C39GRQC,noPathNoEx,9,9,1568953284084,0,Added cell 6-0-true,,P0:;P1:;P2:;P3:,3 3 5 2 ,,P0:170;P1:75;P2:75;P3:75;,02:38
A3BUWQ5C39GRQC,noPathNoEx,9,9,1568953294311,0,Motivation: Earns the most amount of points.,,P0:;P1:;P2:;P3:,3 3 5 2 ,,P0:170;P1:75;P2:75;P3:75;,02:28
A3BUWQ5C39GRQC,noPathNoEx,9,9,1568953294311,0,Ending game,,P0:;P1:;P2:;P3:,3 3 5 2 ,,P0:170;P1:75;P2:75;P3:75;,02:28

