A3NZAEOHAO5LT6,InstructionQuestions,1,1,1,1,0,0,1,0,1,0
A3NZAEOHAO5LT6,InstructionQuestions,1,1,1,1,1,1,1,0,1,1
A3NZAEOHAO5LT6,InstructionQuestions,1,1,1,1,1,1,1,1,1,1

A3NZAEOHAO5LT6,0,4,0,1568964635977,0,Read score file,,P0:;P1:;P2:;P3:;P4:;P5:,-,,,undefined:undefined
A3NZAEOHAO5LT6,0,4,0,1568964861370,0,Read new file,,P0:;P1:;P2:;P3:;P4:;P5:,-,,,undefined:undefined
A3NZAEOHAO5LT6,0,4,0,1568964861979,0,Starting new game,,P0:;P1:;P2:,1 1 4 3 4 1 4 3 4 1,,P0:50;P1:50;P2:50;,undefined:undefined
A3NZAEOHAO5LT6,0,4,0,1568964891288,0,ChipRequest;From;1;Colour;4;ReqNrOfChips;1;Success;true,,P0:;P1:;P2:,1 1 4 3 4 1 4 3 4 1,,P0:50;P1:50;P2:50;,03:32
A3NZAEOHAO5LT6,0,4,0,1568964894902,0,Denied adding cell 3-3-false,3,P0:;P1:3;;P2:,1 1 4 3 4 1 4 3 4 1 4 , 4 ,P0:-21;P1:50;P2:50;,03:29
A3NZAEOHAO5LT6,0,4,0,1568964906630,0,ChipRequest;From;1;Colour;2;ReqNrOfChips;1;Success;true,3,P0:;P1:3;;P2:,1 1 4 3 4 1 4 3 4 1 4 , 4 ,P0:-21;P1:50;P2:50;,03:17
A3NZAEOHAO5LT6,0,4,0,1568964909018,0,Added cell 3-3-false,1 3,P0:;P1:1;3;;P2:,1 1 4 3 4 1 4 3 4 1 4  , 4 2 ,P0:-27;P1:50;P2:50;,03:14
A3NZAEOHAO5LT6,0,4,0,1568964910817,0,Removed cell 3-3-false,1 3,P0:;P1:1;3;;P2:,1 1 4 3 4 1 4 3 4 1 4  2 , 4 2 ,P0:-22;P1:50;P2:50;,03:13
A3NZAEOHAO5LT6,0,4,0,1568964916975,0,ChipRequest min:;From;2;Colour;1;ReqNrOfChips;-1;Success;0,1 3,P0:;P1:1;3;;P2:,1 1 4 3 4 1 4 3 4 1 4 2 , 4 2 ,P0:-22;P1:50;P2:50;,03:07
A3NZAEOHAO5LT6,0,4,0,1568964926090,0,Added cell 3-4-false,1 3,P0:;P1:1;3;;P2:,1 1 4 3 4 1 4 3 4 1 4 , 4 2 ,P0:-27;P1:50;P2:50;,02:57
A3NZAEOHAO5LT6,0,4,0,1568964928213,0,Denied adding cell 3-3-false,1 3,P0:;P1:1;3;;P2:,1 1 4 3 4 1 4 3 4 1 4 , 4 2 ,P0:-27;P1:50;P2:50;,02:55
A3NZAEOHAO5LT6,0,4,0,1568964934423,0,ChipRequest;From;2;Colour;2;ReqNrOfChips;1;Success;true,1 3,P0:;P1:1;3;;P2:,1 1 4 3 4 1 4 3 4 1 4 , 4 2 ,P0:-27;P1:50;P2:50;,02:49
A3NZAEOHAO5LT6,0,4,0,1568964936786,0,Added cell 3-3-false,1 3 1,P0:;P1:1;3;;P2:1;,1 1 4 3 4 1 4 3 4 1 4  , 4 2 2 ,P0:-103;P1:50;P2:50;,02:47
A3NZAEOHAO5LT6,0,4,0,1568964940798,0,Denied adding cell 3-2-false,1 3 1,P0:;P1:1;3;;P2:1;,1 1 4 3 4 1 4 3 4 1 4 , 4 2 2 ,P0:-103;P1:50;P2:50;,02:43
A3NZAEOHAO5LT6,0,4,0,1568964948830,0,Denied adding cell 3-2-false,1 3 1,P0:;P1:1;3;;P2:1;,1 1 4 3 4 1 4 3 4 1 4 , 4 2 2 ,P0:-103;P1:50;P2:50;,02:35
A3NZAEOHAO5LT6,0,4,0,1568964952407,0,ChipRequest;From;2;Colour;2;ReqNrOfChips;2;Success;true,1 3 1,P0:;P1:1;3;;P2:1;,1 1 4 3 4 1 4 3 4 1 4 , 4 2 2 ,P0:-103;P1:50;P2:50;,02:31
A3NZAEOHAO5LT6,0,4,0,1568964954652,0,Added cell 3-2-false,1 3 1 1,P0:;P1:1;3;;P2:1;1;,1 1 4 3 4 1 4 3 4 1 4  , 4 2 2 2 ,P0:41;P1:50;P2:50;,02:29
A3NZAEOHAO5LT6,0,4,0,1568964957358,0,Tried to add own cell 4-4,1 3 1 1,P0:;P1:1;3;;P2:1;1;,1 1 4 3 4 1 4 3 4 1 4 , 4 2 2 2 ,P0:41;P1:50;P2:50;,02:26
A3NZAEOHAO5LT6,0,4,0,1568964986894,0,Motivation: shortest path,1 3 1 1,P0:;P1:1;3;;P2:1;1;,1 1 4 3 4 1 4 3 4 1 4 , 4 2 2 2 ,P0:41;P1:50;P2:50;,01:57
A3NZAEOHAO5LT6,0,4,0,1568964986896,0,Ending game,1 3 1 1,P0:;P1:1;3;;P2:1;1;,1 1 4 3 4 1 4 3 4 1 4 , 4 2 2 2 ,P0:41;P1:50;P2:50;,01:57
A3NZAEOHAO5LT6,0,4,0,1568964986903,0,wrong answer told to try again,1 3 1 1,P0:;P1:1;3;;P2:1;1;,1 1 4 3 4 1 4 3 4 1 4 , 4 2 2 2 ,P0:41;P1:50;P2:50;,01:57
A3NZAEOHAO5LT6,0,4,0,1568965007134,0,ChipRequest min:;From;1;Colour;1;ReqNrOfChips;0;Success;0,1 3 1 1,P0:;P1:1;3;;P2:1;1;,1 1 4 3 4 1 4 3 4 1 4 , 4 2 2 2 ,P0:41;P1:50;P2:50;,01:36
A3NZAEOHAO5LT6,0,4,0,1568965022798,0,ChipRequest;From;1;Colour;4;ReqNrOfChips;2;Success;true,1 3 1 1,P0:;P1:1;3;;P2:1;1;,1 1 4 3 4 1 4 3 4 1 4 , 4 2 2 2 ,P0:41;P1:50;P2:50;,01:21
A3NZAEOHAO5LT6,0,4,0,1568965028578,0,Added cell 4-3-true,1 3 3 1 1,P0:;P1:1;3;3;;P2:1;1;,1 4 3 4 1 4 3 4 1 4 4 , 4 2 2 2 4 ,P0:35;P1:50;P2:50;,01:15
A3NZAEOHAO5LT6,0,4,0,1568965035850,0,Removed cell 3-2-false,1 3 3 1 1,P0:;P1:1;3;3;;P2:1;1;,1 4 3 4 1 4 3 4 1 4 4 2 , 4 2 2 2 4 ,P0:-110;P1:50;P2:50;,01:08
A3NZAEOHAO5LT6,0,4,0,1568965037651,0,Added cell 3-2-false,1 3 3 1 1,P0:;P1:1;3;3;;P2:1;1;,1 4 3 4 1 4 3 4 1 4 4 , 4 2 2 2 4 ,P0:35;P1:50;P2:50;,01:06
A3NZAEOHAO5LT6,0,4,0,1568965038378,0,Removed cell 3-2-false,1 3 3 1 1,P0:;P1:1;3;3;;P2:1;1;,1 4 3 4 1 4 3 4 1 4 4 2 , 4 2 2 2 4 ,P0:-110;P1:50;P2:50;,01:05
A3NZAEOHAO5LT6,0,4,0,1568965044034,0,Added cell 4-2-true,1 3 3 1 1,P0:;P1:1;3;3;;P2:1;1;,1 3 4 1 4 3 4 1 4 4 2 , 4 2 2 2 4 ,P0:-115;P1:50;P2:50;,00:59
A3NZAEOHAO5LT6,0,4,0,1568965044986,0,Added cell 3-2-false,1 3 3 1 1,P0:;P1:1;3;3;;P2:1;1;,1 3 4 1 4 3 4 1 4 4 , 4 2 2 2 4 ,P0:30;P1:50;P2:50;,00:58
A3NZAEOHAO5LT6,0,4,0,1568965045906,0,Removed cell 3-2-false,1 3 3 1 1,P0:;P1:1;3;3;;P2:1;1;,1 3 4 1 4 3 4 1 4 4 2 , 4 2 2 2 4 ,P0:-115;P1:50;P2:50;,00:58
A3NZAEOHAO5LT6,0,4,0,1568965047226,0,Removed cell 4-2-true,1 3 3 1 1,P0:;P1:1;3;3;;P2:1;1;,1 3 4 1 4 3 4 1 4 4 2 4 , 4 2 2 2 4 ,P0:-110;P1:50;P2:50;,00:56
A3NZAEOHAO5LT6,0,4,0,1568965049299,0,Added cell 3-2-false,1 3 3 1 1,P0:;P1:1;3;3;;P2:1;1;,1 3 4 1 4 3 4 1 4 4 4 , 4 2 2 2 4 ,P0:35;P1:50;P2:50;,00:54
A3NZAEOHAO5LT6,0,4,0,1568965050010,0,Removed cell 3-2-false,1 3 3 1 1,P0:;P1:1;3;3;;P2:1;1;,1 3 4 1 4 3 4 1 4 4 4 2 , 4 2 2 2 4 ,P0:-110;P1:50;P2:50;,00:53
A3NZAEOHAO5LT6,0,4,0,1568965050475,0,Removed cell 3-3-true,1 3 3 1 1,P0:;P1:1;3;3;;P2:1;1;,1 3 4 1 4 3 4 1 4 4 4 2 2 , 4 2 2 2 4 ,P0:-105;P1:50;P2:50;,00:53
A3NZAEOHAO5LT6,0,4,0,1568965050938,0,Removed cell 3-4-true,1 3 3 1 1,P0:;P1:1;3;3;;P2:1;1;,1 3 4 1 4 3 4 1 4 4 4 2 2 2 , 4 2 2 2 4 ,P0:-100;P1:50;P2:50;,00:53
A3NZAEOHAO5LT6,0,4,0,1568965066170,0,Added cell 4-2-true,1 3 3 1 1,P0:;P1:1;3;3;;P2:1;1;,1 3 1 4 3 4 1 4 4 4 2 2 2 , 4 2 2 2 4 ,P0:-105;P1:50;P2:50;,00:37
A3NZAEOHAO5LT6,0,4,0,1568965067227,0,Added cell 3-2-false,1 3 3 1 1,P0:;P1:1;3;3;;P2:1;1;,1 3 1 4 3 4 1 4 4 4 2 2 , 4 2 2 2 4 ,P0:40;P1:50;P2:50;,00:36
A3NZAEOHAO5LT6,0,4,0,1568965068963,0,Removed cell 3-2-true,1 3 3 1 1,P0:;P1:1;3;3;;P2:1;1;,1 3 1 4 3 4 1 4 4 4 2 2 2 , 4 2 2 2 4 ,P0:-105;P1:50;P2:50;,00:35
A3NZAEOHAO5LT6,0,4,0,1568965076787,0,Added cell 3-2-false,1 3 3 1 1,P0:;P1:1;3;3;;P2:1;1;,1 3 1 4 3 4 1 4 4 4 2 2 , 4 2 2 2 4 ,P0:40;P1:50;P2:50;,00:27
A3NZAEOHAO5LT6,0,4,0,1568965077778,0,Removed cell 3-2-true,1 3 3 1 1,P0:;P1:1;3;3;;P2:1;1;,1 3 1 4 3 4 1 4 4 4 2 2 2 , 4 2 2 2 4 ,P0:-105;P1:50;P2:50;,00:26
A3NZAEOHAO5LT6,0,4,0,1568965081510,0,Tried to add own cell 4-4,1 3 3 1 1,P0:;P1:1;3;3;;P2:1;1;,1 3 1 4 3 4 1 4 4 4 2 2 2 , 4 2 2 2 4 ,P0:-105;P1:50;P2:50;,00:22
A3NZAEOHAO5LT6,0,4,0,1568965085347,0,Added cell 4-1-true,1 3 3 1 1,P0:;P1:1;3;3;;P2:1;1;,1 3 1 3 4 1 4 4 4 2 2 2 , 4 2 2 2 4 ,P0:-110;P1:50;P2:50;,00:18
A3NZAEOHAO5LT6,0,4,0,1568965087106,0,Removed cell 4-1-true,1 3 3 1 1,P0:;P1:1;3;3;;P2:1;1;,1 3 1 3 4 1 4 4 4 2 2 2 4 , 4 2 2 2 4 ,P0:-105;P1:50;P2:50;,00:16
A3NZAEOHAO5LT6,0,4,0,1568965089235,0,Removed cell 4-2-true,1 3 3 1 1,P0:;P1:1;3;3;;P2:1;1;,1 3 1 3 4 1 4 4 4 2 2 2 4 4 , 4 2 2 2 4 ,P0:-100;P1:50;P2:50;,00:14
A3NZAEOHAO5LT6,0,4,0,1568965089706,0,Removed cell 4-3-true,1 3 3 1 1,P0:;P1:1;3;3;;P2:1;1;,1 3 1 3 4 1 4 4 4 2 2 2 4 4 1 , 4 2 2 2 4 ,P0:-95;P1:50;P2:50;,00:14
A3NZAEOHAO5LT6,0,4,0,1568965090563,0,Added cell 4-2-true,1 3 3 1 1,P0:;P1:1;3;3;;P2:1;1;,1 3 1 3 1 4 4 4 2 2 2 4 4 1 , 4 2 2 2 4 ,P0:-100;P1:50;P2:50;,00:13
A3NZAEOHAO5LT6,0,4,0,1568965092633,0,Added cell 3-2-false,1 3 3 1 1,P0:;P1:1;3;3;;P2:1;1;,1 3 1 3 1 4 4 4 2 2 4 4 1 , 4 2 2 2 4 ,P0:-105;P1:50;P2:50;,00:11
A3NZAEOHAO5LT6,0,4,0,1568965094330,0,Removed cell 3-2-true,1 3 3 1 1,P0:;P1:1;3;3;;P2:1;1;,1 3 1 3 1 4 4 4 2 2 4 4 1 2 , 4 2 2 2 4 ,P0:-100;P1:50;P2:50;,00:09
A3NZAEOHAO5LT6,0,4,0,1568965095612,0,Added cell 4-1-true,1 3 3 1 1,P0:;P1:1;3;3;;P2:1;1;,1 3 1 3 1 4 4 2 2 4 4 1 2 , 4 2 2 2 4 ,P0:-105;P1:50;P2:50;,00:08
A3NZAEOHAO5LT6,0,4,0,1568965096730,0,Removed cell 4-1-true,1 3 3 1 1,P0:;P1:1;3;3;;P2:1;1;,1 3 1 3 1 4 4 2 2 4 4 1 2 4 , 4 2 2 2 4 ,P0:-100;P1:50;P2:50;,00:07
A3NZAEOHAO5LT6,0,4,0,1568965097650,0,Removed cell 4-2-true,1 3 3 1 1,P0:;P1:1;3;3;;P2:1;1;,1 3 1 3 1 4 4 2 2 4 4 1 2 4 4 , 4 2 2 2 4 ,P0:-95;P1:50;P2:50;,00:06
A3NZAEOHAO5LT6,0,4,0,1568965102890,0,Added cell 4-2-true,1 3 3 1 1,P0:;P1:1;3;3;;P2:1;1;,1 3 1 3 1 4 2 2 4 4 1 2 4 4 , 4 2 2 2 4 ,P0:-100;P1:50;P2:50;,00:01
A3NZAEOHAO5LT6,0,4,0,1568965102982,0,Time is up!,1 3 3 1 1,P0:;P1:1;3;3;;P2:1;1;,1 3 1 3 1 4 2 2 4 4 1 2 4 4 , 4 2 2 2 4 ,P0:-100;P1:50;P2:50;,00:00
A3NZAEOHAO5LT6,0,4,0,1568965102984,0,Ending game,1 3 3 1 1,P0:;P1:1;3;3;;P2:1;1;,1 3 1 3 1 4 2 2 4 4 1 2 4 4 , 4 2 2 2 4 ,P0:-100;P1:50;P2:50;,00:00
A3NZAEOHAO5LT6,0,4,0,1568965102991,0,timed out,1 3 3 1 1,P0:;P1:1;3;3;;P2:1;1;,1 3 1 3 1 4 2 2 4 4 1 2 4 4 , 4 2 2 2 4 ,P0:-100;P1:50;P2:50;,00:00
A3NZAEOHAO5LT6,0,2,1,1568965107869,0,Starting new game,,P0:;P1:;P2:,2 4 1 4 3 2 2 2 2 1,,P0:50;P1:50;P2:50;,00:00

A3NZAEOHAO5LT6,0,2,1,1568965140555,0,Added cell 3-2-true,,P0:;P1:;P2:,2 4 1 4 2 2 2 2 1 ,,P0:45;P1:50;P2:50;,03:29
A3NZAEOHAO5LT6,0,2,1,1568965145554,0,Added cell 2-3-true,,P0:;P1:;P2:,2 1 4 2 2 2 2 1 ,,P0:40;P1:50;P2:50;,03:24
A3NZAEOHAO5LT6,0,2,1,1568965148202,0,Added cell 1-2-true,,P0:;P1:;P2:,2 1 2 2 2 2 1 ,,P0:35;P1:50;P2:50;,03:21
A3NZAEOHAO5LT6,0,2,1,1568965152543,0,ChipRequest;From;2;Colour;3;ReqNrOfChips;1;Success;true,,P0:;P1:;P2:,2 1 2 2 2 2 1 ,,P0:35;P1:50;P2:50;,03:17
A3NZAEOHAO5LT6,0,2,1,1568965154011,0,Added cell 1-1-false,2,P0:;P1:;P2:2;,2 1 2 2 2 2 1  , 3 ,P0:-41;P1:50;P2:50;,03:15
A3NZAEOHAO5LT6,0,2,1,1568965155170,0,Removed cell 1-1-false,2,P0:;P1:;P2:2;,2 1 2 2 2 2 1  3 , 3 ,P0:-36;P1:50;P2:50;,03:14
A3NZAEOHAO5LT6,0,2,1,1568965159418,0,Added cell 1-1-false,2,P0:;P1:;P2:2;,2 1 2 2 2 2 1  , 3 ,P0:-41;P1:50;P2:50;,03:10
A3NZAEOHAO5LT6,0,2,1,1568965160882,0,Removed cell 1-1-false,2,P0:;P1:;P2:2;,2 1 2 2 2 2 1  3 , 3 ,P0:-36;P1:50;P2:50;,03:08
A3NZAEOHAO5LT6,0,2,1,1568965167658,0,Removed cell 1-2-false,2,P0:;P1:;P2:2;,2 1 2 2 2 2 1 3 4 , 3 ,P0:-31;P1:50;P2:50;,03:02
A3NZAEOHAO5LT6,0,2,1,1568965172211,0,Added cell 2-2-false,2,P0:;P1:;P2:2;,2 1 2 2 2 2 1 4 , 3 ,P0:-36;P1:50;P2:50;,02:57
A3NZAEOHAO5LT6,0,2,1,1568965173314,0,Removed cell 2-2-false,2,P0:;P1:;P2:2;,2 1 2 2 2 2 1 4 3 , 3 ,P0:-31;P1:50;P2:50;,02:56
A3NZAEOHAO5LT6,0,2,1,1568965176256,0,Added cell 2-2-false,2,P0:;P1:;P2:2;,2 1 2 2 2 2 1 4 , 3 ,P0:-36;P1:50;P2:50;,02:53
A3NZAEOHAO5LT6,0,2,1,1568965177557,0,Denied adding cell 2-1-false,2,P0:;P1:;P2:2;,2 1 2 2 2 2 1 4 , 3 ,P0:-36;P1:50;P2:50;,02:52
A3NZAEOHAO5LT6,0,2,1,1568965183015,0,ChipRequest;From;2;Colour;3;ReqNrOfChips;2;Success;true,2,P0:;P1:;P2:2;,2 1 2 2 2 2 1 4 , 3 ,P0:-36;P1:50;P2:50;,02:46
A3NZAEOHAO5LT6,0,2,1,1568965185570,0,Added cell 2-1-false,2 2,P0:;P1:;P2:2;2;,2 1 2 2 2 2 1 4  , 3 3 ,P0:-42;P1:50;P2:50;,02:44
A3NZAEOHAO5LT6,0,2,1,1568965187429,0,Denied adding cell 1-1-false,2 2,P0:;P1:;P2:2;2;,2 1 2 2 2 2 1 4 , 3 3 ,P0:-42;P1:50;P2:50;,02:42
A3NZAEOHAO5LT6,0,2,1,1568965194350,0,ChipRequest;From;2;Colour;3;ReqNrOfChips;3;Success;true,2 2,P0:;P1:;P2:2;2;,2 1 2 2 2 2 1 4 , 3 3 ,P0:-42;P1:50;P2:50;,02:35
A3NZAEOHAO5LT6,0,2,1,1568965196619,0,Added cell 1-1-false,2 2 2,P0:;P1:;P2:2;2;2;,2 1 2 2 2 2 1 4  , 3 3 3 ,P0:102;P1:50;P2:50;,02:33
A3NZAEOHAO5LT6,0,2,1,1568965204628,0,Removed cell 2-3-true,2 2 2,P0:;P1:;P2:2;2;2;,2 1 2 2 2 2 1 4  4 , 3 3 3 ,P0:107;P1:50;P2:50;,02:25
A3NZAEOHAO5LT6,0,2,1,1568965213258,0,Removed cell 3-2-false,2 2 2,P0:;P1:;P2:2;2;2;,2 1 2 2 2 2 1 4 4 3 , 3 3 3 ,P0:-38;P1:50;P2:50;,02:16
A3NZAEOHAO5LT6,0,2,1,1568965215027,0,Added cell 2-3-true,2 2 2,P0:;P1:;P2:2;2;2;,2 1 2 2 2 2 1 4 3 , 3 3 3 ,P0:107;P1:50;P2:50;,02:14
A3NZAEOHAO5LT6,0,2,1,1568965218427,0,Removed cell 2-3-true,2 2 2,P0:;P1:;P2:2;2;2;,2 1 2 2 2 2 1 4 3 4 , 3 3 3 ,P0:-38;P1:50;P2:50;,02:11
A3NZAEOHAO5LT6,0,2,1,1568965219692,0,Added cell 3-2-true,2 2 2,P0:;P1:;P2:2;2;2;,2 1 2 2 2 2 1 4 4 , 3 3 3 ,P0:107;P1:50;P2:50;,02:10
A3NZAEOHAO5LT6,0,2,1,1568965239360,0,Motivation: short path,2 2 2,P0:;P1:;P2:2;2;2;,2 1 2 2 2 2 1 4 4 , 3 3 3 ,P0:107;P1:50;P2:50;,01:50
A3NZAEOHAO5LT6,0,2,1,1568965239361,0,Ending game,2 2 2,P0:;P1:;P2:2;2;2;,2 1 2 2 2 2 1 4 4 , 3 3 3 ,P0:107;P1:50;P2:50;,01:50
A3NZAEOHAO5LT6,0,2,1,1568965239369,0,wrong answer told to try again,2 2 2,P0:;P1:;P2:2;2;2;,2 1 2 2 2 2 1 4 4 , 3 3 3 ,P0:107;P1:50;P2:50;,01:50
A3NZAEOHAO5LT6,0,2,1,1568965259131,0,Removed cell 1-1-false,2 2 2,P0:;P1:;P2:2;2;2;,2 1 2 2 2 2 1 4 4 3 , 3 3 3 ,P0:-38;P1:50;P2:50;,01:30
A3NZAEOHAO5LT6,0,2,1,1568965259948,0,Removed cell 2-2-true,2 2 2,P0:;P1:;P2:2;2;2;,2 1 2 2 2 2 1 4 4 3 3 , 3 3 3 ,P0:-33;P1:50;P2:50;,01:29
A3NZAEOHAO5LT6,0,2,1,1568965260427,0,Removed cell 2-1-true,2 2 2,P0:;P1:;P2:2;2;2;,2 1 2 2 2 2 1 4 4 3 3 3 , 3 3 3 ,P0:-28;P1:50;P2:50;,01:29
A3NZAEOHAO5LT6,0,2,1,1568965261028,0,Removed cell 3-2-true,2 2 2,P0:;P1:;P2:2;2;2;,2 1 2 2 2 2 1 4 4 3 3 3 3 , 3 3 3 ,P0:-23;P1:50;P2:50;,01:28
A3NZAEOHAO5LT6,0,2,1,1568965267692,0,Added cell 2-3-true,2 2 2,P0:;P1:;P2:2;2;2;,2 1 2 2 2 2 1 4 3 3 3 3 , 3 3 3 ,P0:-28;P1:50;P2:50;,01:22
A3NZAEOHAO5LT6,0,2,1,1568965268892,0,Added cell 1-2-true,2 2 2,P0:;P1:;P2:2;2;2;,2 1 2 2 2 2 1 3 3 3 3 , 3 3 3 ,P0:-33;P1:50;P2:50;,01:20
A3NZAEOHAO5LT6,0,2,1,1568965270100,0,Added cell 1-1-true,2 2 2,P0:;P1:;P2:2;2;2;,2 1 2 2 2 2 1 3 3 3 , 3 3 3 ,P0:-38;P1:50;P2:50;,01:19
A3NZAEOHAO5LT6,0,2,1,1568965292422,0,Motivation: high score doing nothing,2 2 2,P0:;P1:;P2:2;2;2;,2 1 2 2 2 2 1 3 3 3 , 3 3 3 ,P0:-38;P1:50;P2:50;,00:57
A3NZAEOHAO5LT6,0,2,1,1568965292423,0,Ending game,2 2 2,P0:;P1:;P2:2;2;2;,2 1 2 2 2 2 1 3 3 3 , 3 3 3 ,P0:-38;P1:50;P2:50;,00:57
A3NZAEOHAO5LT6,0,2,1,1568965292430,0,wrong answer told to try again,2 2 2,P0:;P1:;P2:2;2;2;,2 1 2 2 2 2 1 3 3 3 , 3 3 3 ,P0:-38;P1:50;P2:50;,00:57
A3NZAEOHAO5LT6,0,2,1,1568965302172,0,Added cell 1-3-false,2 2 2,P0:;P1:;P2:2;2;2;,2 1 2 2 2 2 1 3 3 , 3 3 3 ,P0:107;P1:50;P2:50;,00:47
A3NZAEOHAO5LT6,0,2,1,1568965302899,0,Removed cell 1-3-true,2 2 2,P0:;P1:;P2:2;2;2;,2 1 2 2 2 2 1 3 3 3 , 3 3 3 ,P0:-38;P1:50;P2:50;,00:46
A3NZAEOHAO5LT6,0,2,1,1568965307737,0,Removed cell 1-1-true,2 2 2,P0:;P1:;P2:2;2;2;,2 1 2 2 2 2 1 3 3 3 3 , 3 3 3 ,P0:-33;P1:50;P2:50;,00:42
A3NZAEOHAO5LT6,0,2,1,1568965308171,0,Removed cell 1-2-false,2 2 2,P0:;P1:;P2:2;2;2;,2 1 2 2 2 2 1 3 3 3 3 4 , 3 3 3 ,P0:-28;P1:50;P2:50;,00:41
A3NZAEOHAO5LT6,0,2,1,1568965308803,0,Removed cell 2-3-true,2 2 2,P0:;P1:;P2:2;2;2;,2 1 2 2 2 2 1 3 3 3 3 4 4 , 3 3 3 ,P0:-23;P1:50;P2:50;,00:41
A3NZAEOHAO5LT6,0,2,1,1568965313763,0,Added cell 2-3-true,2 2 2,P0:;P1:;P2:2;2;2;,2 1 2 2 2 2 1 3 3 3 3 4 , 3 3 3 ,P0:-28;P1:50;P2:50;,00:36
A3NZAEOHAO5LT6,0,2,1,1568965315155,0,Added cell 2-2-true,2 2 2,P0:;P1:;P2:2;2;2;,2 1 2 2 2 2 1 3 3 3 4 , 3 3 3 ,P0:-33;P1:50;P2:50;,00:34
A3NZAEOHAO5LT6,0,2,1,1568965316316,0,Added cell 1-2-true,2 2 2,P0:;P1:;P2:2;2;2;,2 1 2 2 2 2 1 3 3 3 , 3 3 3 ,P0:-38;P1:50;P2:50;,00:33
A3NZAEOHAO5LT6,0,2,1,1568965317236,0,Added cell 1-1-false,2 2 2,P0:;P1:;P2:2;2;2;,2 1 2 2 2 2 1 3 3 , 3 3 3 ,P0:107;P1:50;P2:50;,00:32
A3NZAEOHAO5LT6,0,2,1,1568965318637,0,Removed cell 1-1-true,2 2 2,P0:;P1:;P2:2;2;2;,2 1 2 2 2 2 1 3 3 3 , 3 3 3 ,P0:-38;P1:50;P2:50;,00:31
A3NZAEOHAO5LT6,0,2,1,1568965319932,0,Removed cell 1-2-false,2 2 2,P0:;P1:;P2:2;2;2;,2 1 2 2 2 2 1 3 3 3 4 , 3 3 3 ,P0:-33;P1:50;P2:50;,00:29
A3NZAEOHAO5LT6,0,2,1,1568965320332,0,Removed cell 2-2-true,2 2 2,P0:;P1:;P2:2;2;2;,2 1 2 2 2 2 1 3 3 3 4 3 , 3 3 3 ,P0:-28;P1:50;P2:50;,00:29
A3NZAEOHAO5LT6,0,2,1,1568965320764,0,Removed cell 2-3-true,2 2 2,P0:;P1:;P2:2;2;2;,2 1 2 2 2 2 1 3 3 3 4 3 4 , 3 3 3 ,P0:-23;P1:50;P2:50;,00:29
A3NZAEOHAO5LT6,0,2,1,1568965324711,0,Added cell 3-2-true,2 2 2,P0:;P1:;P2:2;2;2;,2 1 2 2 2 2 1 3 3 4 3 4 , 3 3 3 ,P0:-28;P1:50;P2:50;,00:25
A3NZAEOHAO5LT6,0,2,1,1568965326796,0,Added cell 3-1-true,2 2 2,P0:;P1:;P2:2;2;2;,2 2 2 2 2 1 3 3 4 3 4 , 3 3 3 ,P0:-33;P1:50;P2:50;,00:23
A3NZAEOHAO5LT6,0,2,1,1568965329620,0,Added cell 3-0-true,2 2 2,P0:;P1:;P2:2;2;2;,2 2 2 2 2 1 3 3 3 4 , 3 3 3 ,P0:-38;P1:50;P2:50;,00:20
A3NZAEOHAO5LT6,0,2,1,1568965334188,0,Added cell 2-0-true,2 2 2,P0:;P1:;P2:2;2;2;,2 2 2 2 1 3 3 3 4 , 3 3 3 ,P0:-43;P1:50;P2:50;,00:15
A3NZAEOHAO5LT6,0,2,1,1568965338621,0,Added cell 1-0-false,2 2 2,P0:;P1:;P2:2;2;2;,2 2 2 2 1 3 3 4 , 3 3 3 ,P0:-48;P1:50;P2:50;,00:11
A3NZAEOHAO5LT6,0,2,1,1568965340012,0,Removed cell 1-0-true,2 2 2,P0:;P1:;P2:2;2;2;,2 2 2 2 1 3 3 4 3 , 3 3 3 ,P0:-43;P1:50;P2:50;,00:09
A3NZAEOHAO5LT6,0,2,1,1568965341284,0,Added cell 1-0-false,2 2 2,P0:;P1:;P2:2;2;2;,2 2 2 2 1 3 4 3 , 3 3 3 ,P0:-48;P1:50;P2:50;,00:08
A3NZAEOHAO5LT6,0,2,1,1568965341836,0,Added cell 1-1-false,2 2 2,P0:;P1:;P2:2;2;2;,2 2 2 2 1 4 3 , 3 3 3 ,P0:97;P1:50;P2:50;,00:08
A3NZAEOHAO5LT6,0,2,1,1568965345684,0,Removed cell 1-1-true,2 2 2,P0:;P1:;P2:2;2;2;,2 2 2 2 1 4 3 3 , 3 3 3 ,P0:-48;P1:50;P2:50;,00:04
A3NZAEOHAO5LT6,0,2,1,1568965346197,0,Removed cell 1-0-true,2 2 2,P0:;P1:;P2:2;2;2;,2 2 2 2 1 4 3 3 3 , 3 3 3 ,P0:-43;P1:50;P2:50;,00:03
A3NZAEOHAO5LT6,0,2,1,1568965347196,0,Removed cell 2-0-true,2 2 2,P0:;P1:;P2:2;2;2;,2 2 2 2 1 4 3 3 3 2 , 3 3 3 ,P0:-38;P1:50;P2:50;,00:02
A3NZAEOHAO5LT6,0,2,1,1568965347572,0,Removed cell 3-0-true,2 2 2,P0:;P1:;P2:2;2;2;,2 2 2 2 1 4 3 3 3 2 4 , 3 3 3 ,P0:-33;P1:50;P2:50;,00:02
A3NZAEOHAO5LT6,0,2,1,1568965348061,0,Removed cell 3-1-true,2 2 2,P0:;P1:;P2:2;2;2;,2 2 2 2 1 4 3 3 3 2 4 1 , 3 3 3 ,P0:-28;P1:50;P2:50;,00:01
A3NZAEOHAO5LT6,0,2,1,1568965348461,0,Removed cell 3-2-true,2 2 2,P0:;P1:;P2:2;2;2;,2 2 2 2 1 4 3 3 3 2 4 1 3 , 3 3 3 ,P0:-23;P1:50;P2:50;,00:01
A3NZAEOHAO5LT6,0,2,1,1568965348872,0,Time is up!,2 2 2,P0:;P1:;P2:2;2;2;,2 2 2 2 1 4 3 3 3 2 4 1 3 , 3 3 3 ,P0:-23;P1:50;P2:50;,00:00
A3NZAEOHAO5LT6,0,2,1,1568965348872,0,Ending game,2 2 2,P0:;P1:;P2:2;2;2;,2 2 2 2 1 4 3 3 3 2 4 1 3 , 3 3 3 ,P0:-23;P1:50;P2:50;,00:00
A3NZAEOHAO5LT6,0,2,1,1568965348889,0,timed out,2 2 2,P0:;P1:;P2:2;2;2;,2 2 2 2 1 4 3 3 3 2 4 1 3 , 3 3 3 ,P0:-23;P1:50;P2:50;,00:00
A3NZAEOHAO5LT6,0,3,2,1568965351849,0,Starting new game,,P0:;P1:;P2:,3 2 2 2 4 4 2 3 2 4,,P0:50;P1:50;P2:50;,00:00

A3NZAEOHAO5LT6,0,3,2,1568965369925,0,Added cell 1-2-true,,P0:;P1:;P2:,3 2 2 4 4 2 3 2 4 ,,P0:45;P1:50;P2:50;,03:43
A3NZAEOHAO5LT6,0,3,2,1568965370541,0,Added cell 2-2-true,,P0:;P1:;P2:,3 2 4 4 2 3 2 4 ,,P0:40;P1:50;P2:50;,03:43
A3NZAEOHAO5LT6,0,3,2,1568965371309,0,Added cell 2-1-true,,P0:;P1:;P2:,3 4 4 2 3 2 4 ,,P0:35;P1:50;P2:50;,03:42
A3NZAEOHAO5LT6,0,3,2,1568965371901,0,Added cell 3-1-true,,P0:;P1:;P2:,3 4 4 3 2 4 ,,P0:30;P1:50;P2:50;,03:41
A3NZAEOHAO5LT6,0,3,2,1568965372590,0,Added cell 4-1-true,,P0:;P1:;P2:,3 4 3 2 4 ,,P0:25;P1:50;P2:50;,03:41
A3NZAEOHAO5LT6,0,3,2,1568965373117,0,Added cell 4-2-true,,P0:;P1:;P2:,3 4 3 4 ,,P0:20;P1:50;P2:50;,03:40
A3NZAEOHAO5LT6,0,3,2,1568965373813,0,Added cell 4-3-true,,P0:;P1:;P2:,3 3 4 ,,P0:165;P1:50;P2:50;,03:40
A3NZAEOHAO5LT6,0,3,2,1568965391784,0,Motivation: without request scored high,,P0:;P1:;P2:,3 3 4 ,,P0:165;P1:50;P2:50;,03:22
A3NZAEOHAO5LT6,0,3,2,1568965391784,0,Ending game,,P0:;P1:;P2:,3 3 4 ,,P0:165;P1:50;P2:50;,03:22
A3NZAEOHAO5LT6,0,1,3,1568965394120,0,Starting new game,,P0:;P1:;P2:,3 3 3 3 3 3 3 3 3 3,,P0:50;P1:50;P2:50;,03:22

A3NZAEOHAO5LT6,0,1,3,1568965407896,0,ChipRequest;From;2;Colour;1;ReqNrOfChips;1;Success;true,,P0:;P1:;P2:,3 3 3 3 3 3 3 3 3 3,,P0:50;P1:50;P2:50;,03:48
A3NZAEOHAO5LT6,0,1,3,1568965409671,0,ChipRequest;From;1;Colour;4;ReqNrOfChips;1;Success;true,0,P0:;P1:;P2:0;,3 3 3 3 3 3 3 3 3 3 1 , 1 ,P0:-21;P1:50;P2:50;,03:46
A3NZAEOHAO5LT6,0,1,3,1568965412101,0,Added cell 1-0-true,3 0,P0:;P1:3;;P2:0;,3 3 3 3 3 3 3 3 3 1 4 , 1 4 ,P0:-97;P1:50;P2:50;,03:44
A3NZAEOHAO5LT6,0,1,3,1568965413323,0,Added cell 2-0-false,3 0,P0:;P1:3;;P2:0;,3 3 3 3 3 3 3 3 3 1 , 1 4 ,P0:-102;P1:50;P2:50;,03:42
A3NZAEOHAO5LT6,0,1,3,1568965414396,0,Added cell 3-0-false,3 0,P0:;P1:3;;P2:0;,3 3 3 3 3 3 3 3 3 , 1 4 ,P0:43;P1:50;P2:50;,03:41
A3NZAEOHAO5LT6,0,1,3,1568965434719,0,Motivation: i needed blue and yellow chips,3 0,P0:;P1:3;;P2:0;,3 3 3 3 3 3 3 3 3 , 1 4 ,P0:43;P1:50;P2:50;,03:21
A3NZAEOHAO5LT6,0,1,3,1568965434719,0,Ending game,3 0,P0:;P1:3;;P2:0;,3 3 3 3 3 3 3 3 3 , 1 4 ,P0:43;P1:50;P2:50;,03:21
A3NZAEOHAO5LT6,0,1,3,1568965434726,0,wrong answer told to try again,3 0,P0:;P1:3;;P2:0;,3 3 3 3 3 3 3 3 3 , 1 4 ,P0:43;P1:50;P2:50;,03:21
A3NZAEOHAO5LT6,0,1,3,1568965445589,0,Removed cell 3-0-false,3 0,P0:;P1:3;;P2:0;,3 3 3 3 3 3 3 3 3 1 , 1 4 ,P0:-102;P1:50;P2:50;,03:10
A3NZAEOHAO5LT6,0,1,3,1568965446156,0,Removed cell 2-0-false,3 0,P0:;P1:3;;P2:0;,3 3 3 3 3 3 3 3 3 1 4 , 1 4 ,P0:-97;P1:50;P2:50;,03:09
A3NZAEOHAO5LT6,0,1,3,1568965446508,0,Removed cell 1-0-true,3 0,P0:;P1:3;;P2:0;,3 3 3 3 3 3 3 3 3 1 4 3 , 1 4 ,P0:-92;P1:50;P2:50;,03:09
A3NZAEOHAO5LT6,0,1,3,1568965449389,0,Added cell 1-0-true,3 0,P0:;P1:3;;P2:0;,3 3 3 3 3 3 3 3 1 4 3 , 1 4 ,P0:-97;P1:50;P2:50;,03:06
A3NZAEOHAO5LT6,0,1,3,1568965450357,0,Removed cell 1-0-true,3 0,P0:;P1:3;;P2:0;,3 3 3 3 3 3 3 3 1 4 3 3 , 1 4 ,P0:-92;P1:50;P2:50;,03:05
A3NZAEOHAO5LT6,0,1,3,1568965532944,0,Clear path,,P0:;P1:;P2:,3 3 3 3 3 3 3 3 3 3,,P0:50;P1:50;P2:50;,01:43
A3NZAEOHAO5LT6,0,1,3,1568965560592,0,Motivation: nothing,,P0:;P1:;P2:,3 3 3 3 3 3 3 3 3 3,,P0:50;P1:50;P2:50;,01:15
A3NZAEOHAO5LT6,0,1,3,1568965560592,0,Ending game,,P0:;P1:;P2:,3 3 3 3 3 3 3 3 3 3,,P0:50;P1:50;P2:50;,01:15
A3NZAEOHAO5LT6,0,7,4,1568965564161,0,Starting new game,,P0:;P1:;P2:,1 1 3 3 2 1 2 3 3 2,,P0:50;P1:50;P2:50;,01:15

A3NZAEOHAO5LT6,0,7,4,1568965587150,0,Added cell 0-3-true,,P0:;P1:;P2:,1 1 3 3 1 2 3 3 2 ,,P0:45;P1:50;P2:50;,03:39
A3NZAEOHAO5LT6,0,7,4,1568965588645,0,Added cell 0-4-true,,P0:;P1:;P2:,1 1 3 1 2 3 3 2 ,,P0:40;P1:50;P2:50;,03:37
A3NZAEOHAO5LT6,0,7,4,1568965595576,0,ChipRequest;From;1;Colour;4;ReqNrOfChips;1;Success;true,,P0:;P1:;P2:,1 1 3 1 2 3 3 2 ,,P0:40;P1:50;P2:50;,03:30
A3NZAEOHAO5LT6,0,7,4,1568965597390,0,Added cell 1-4-false,3,P0:;P1:3;;P2:,1 1 3 1 2 3 3 2  , 4 ,P0:-36;P1:50;P2:50;,03:28
A3NZAEOHAO5LT6,0,7,4,1568965600869,0,Added cell 2-4-true,3,P0:;P1:3;;P2:,1 3 1 2 3 3 2  , 4 ,P0:109;P1:50;P2:50;,03:25
A3NZAEOHAO5LT6,0,7,4,1568965617976,0,Motivation: no yellow chip,3,P0:;P1:3;;P2:,1 3 1 2 3 3 2 , 4 ,P0:109;P1:50;P2:50;,03:08
A3NZAEOHAO5LT6,0,7,4,1568965617976,0,Ending game,3,P0:;P1:3;;P2:,1 3 1 2 3 3 2 , 4 ,P0:109;P1:50;P2:50;,03:08
A3NZAEOHAO5LT6,0,7,4,1568965617985,0,wrong answer told to try again,3,P0:;P1:3;;P2:,1 3 1 2 3 3 2 , 4 ,P0:109;P1:50;P2:50;,03:08
A3NZAEOHAO5LT6,0,7,4,1568965628517,0,Clear path,,P0:;P1:;P2:,1 1 3 3 2 1 2 3 3 2,,P0:50;P1:50;P2:50;,02:57
A3NZAEOHAO5LT6,0,7,4,1568965638184,0,Added cell 1-2-true,,P0:;P1:;P2:,1 3 3 2 1 2 3 3 2 ,,P0:45;P1:50;P2:50;,02:47
A3NZAEOHAO5LT6,0,7,4,1568965640917,0,Added cell 2-2-true,,P0:;P1:;P2:,1 3 2 1 2 3 3 2 ,,P0:40;P1:50;P2:50;,02:45
A3NZAEOHAO5LT6,0,7,4,1568965642349,0,Added cell 3-2-true,,P0:;P1:;P2:,1 3 1 2 3 3 2 ,,P0:35;P1:50;P2:50;,02:43
A3NZAEOHAO5LT6,0,7,4,1568965643965,0,Added cell 3-3-true,,P0:;P1:;P2:,1 1 2 3 3 2 ,,P0:30;P1:50;P2:50;,02:42
A3NZAEOHAO5LT6,0,7,4,1568965645182,0,Added cell 3-4-true,,P0:;P1:;P2:,1 2 3 3 2 ,,P0:25;P1:50;P2:50;,02:40
A3NZAEOHAO5LT6,0,7,4,1568965646589,0,Added cell 2-4-true,,P0:;P1:;P2:,2 3 3 2 ,,P0:170;P1:50;P2:50;,02:39
A3NZAEOHAO5LT6,0,7,4,1568965664185,0,Motivation: way with no requests,,P0:;P1:;P2:,2 3 3 2 ,,P0:170;P1:50;P2:50;,02:21
A3NZAEOHAO5LT6,0,7,4,1568965664185,0,Ending game,,P0:;P1:;P2:,2 3 3 2 ,,P0:170;P1:50;P2:50;,02:21
A3NZAEOHAO5LT6,0,5,5,1568965666567,0,Starting new game,,P0:;P1:;P2:,2 3 3 4 3 2 2 2 1 4,,P0:50;P1:50;P2:50;,02:21

A3NZAEOHAO5LT6,0,5,5,1568965673494,0,Added cell 3-4-true,,P0:;P1:;P2:,2 3 4 3 2 2 2 1 4 ,,P0:45;P1:50;P2:50;,03:55
A3NZAEOHAO5LT6,0,5,5,1568965675390,0,Added cell 2-4-true,,P0:;P1:;P2:,2 3 4 3 2 2 2 4 ,,P0:40;P1:50;P2:50;,03:53
A3NZAEOHAO5LT6,0,5,5,1568965681053,0,Removed cell 2-4-false,,P0:;P1:;P2:,2 3 4 3 2 2 2 4 1 ,,P0:45;P1:50;P2:50;,03:47
A3NZAEOHAO5LT6,0,5,5,1568965685870,0,Added cell 3-3-true,,P0:;P1:;P2:,3 4 3 2 2 2 4 1 ,,P0:40;P1:50;P2:50;,03:42
A3NZAEOHAO5LT6,0,5,5,1568965687333,0,Added cell 3-2-true,,P0:;P1:;P2:,4 3 2 2 2 4 1 ,,P0:35;P1:50;P2:50;,03:41
A3NZAEOHAO5LT6,0,5,5,1568965689166,0,Added cell 2-2-true,,P0:;P1:;P2:,4 3 2 2 2 4 ,,P0:30;P1:50;P2:50;,03:39
A3NZAEOHAO5LT6,0,5,5,1568965691605,0,Added cell 1-2-true,,P0:;P1:;P2:,3 2 2 2 4 ,,P0:25;P1:50;P2:50;,03:36
A3NZAEOHAO5LT6,0,5,5,1568965692670,0,Added cell 0-2-true,,P0:;P1:;P2:,3 2 2 4 ,,P0:170;P1:50;P2:50;,03:35
A3NZAEOHAO5LT6,0,5,5,1568965705279,0,Motivation: no requests needed,,P0:;P1:;P2:,3 2 2 4 ,,P0:170;P1:50;P2:50;,03:23
A3NZAEOHAO5LT6,0,5,5,1568965705279,0,Ending game,,P0:;P1:;P2:,3 2 2 4 ,,P0:170;P1:50;P2:50;,03:23
A3NZAEOHAO5LT6,0,8,6,1568965707612,0,Starting new game,,P0:;P1:;P2:,4 2 2 2 4 4 4 2 2 4,,P0:50;P1:50;P2:50;,03:23

A3NZAEOHAO5LT6,0,8,6,1568965741176,0,ChipRequest;From;1;Colour;1;ReqNrOfChips;1;Success;true,,P0:;P1:;P2:,4 2 2 2 4 4 4 2 2 4,,P0:50;P1:50;P2:50;,03:28
A3NZAEOHAO5LT6,0,8,6,1568965744696,0,ChipRequest;From;2;Colour;3;ReqNrOfChips;1;Success;true,0,P0:;P1:0;;P2:,4 2 2 2 4 4 4 2 2 4 1 , 1 ,P0:-21;P1:50;P2:50;,03:24
A3NZAEOHAO5LT6,0,8,6,1568965748007,0,Added cell 2-1-false,0 2,P0:;P1:0;;P2:2;,4 2 2 2 4 4 4 2 2 4 3 , 1 3 ,P0:-97;P1:50;P2:50;,03:21
A3NZAEOHAO5LT6,0,8,6,1568965748918,0,Added cell 1-1-false,0 2,P0:;P1:0;;P2:2;,4 2 2 2 4 4 4 2 2 4 , 1 3 ,P0:48;P1:50;P2:50;,03:20
A3NZAEOHAO5LT6,0,8,6,1568965759528,0,Motivation: needed request,0 2,P0:;P1:0;;P2:2;,4 2 2 2 4 4 4 2 2 4 , 1 3 ,P0:48;P1:50;P2:50;,03:10
A3NZAEOHAO5LT6,0,8,6,1568965759528,0,Ending game,0 2,P0:;P1:0;;P2:2;,4 2 2 2 4 4 4 2 2 4 , 1 3 ,P0:48;P1:50;P2:50;,03:10
A3NZAEOHAO5LT6,0,8,6,1568965759536,0,wrong answer told to try again,0 2,P0:;P1:0;;P2:2;,4 2 2 2 4 4 4 2 2 4 , 1 3 ,P0:48;P1:50;P2:50;,03:10
A3NZAEOHAO5LT6,0,8,6,1568965766608,0,Clear path,,P0:;P1:;P2:,4 2 2 2 4 4 4 2 2 4,,P0:50;P1:50;P2:50;,03:03
A3NZAEOHAO5LT6,0,8,6,1568965781064,0,Motivation: no moves,,P0:;P1:;P2:,4 2 2 2 4 4 4 2 2 4,,P0:50;P1:50;P2:50;,02:48
A3NZAEOHAO5LT6,0,8,6,1568965781064,0,Ending game,,P0:;P1:;P2:,4 2 2 2 4 4 4 2 2 4,,P0:50;P1:50;P2:50;,02:48
A3NZAEOHAO5LT6,0,6,7,1568965783354,0,Starting new game,,P0:;P1:;P2:,2 2 2 2 2 2 2 2 4 2,,P0:50;P1:50;P2:50;,02:48

A3NZAEOHAO5LT6,0,6,7,1568965801318,0,Added cell 3-2-true,,P0:;P1:;P2:,2 2 2 2 2 2 2 4 2 ,,P0:45;P1:50;P2:50;,03:44
A3NZAEOHAO5LT6,0,6,7,1568965801982,0,Added cell 2-2-true,,P0:;P1:;P2:,2 2 2 2 2 2 4 2 ,,P0:40;P1:50;P2:50;,03:43
A3NZAEOHAO5LT6,0,6,7,1568965815445,0,Added cell 2-3-true,,P0:;P1:;P2:,2 2 2 2 2 4 2 ,,P0:35;P1:50;P2:50;,03:29
A3NZAEOHAO5LT6,0,6,7,1568965816038,0,Added cell 2-4-true,,P0:;P1:;P2:,2 2 2 2 4 2 ,,P0:30;P1:50;P2:50;,03:29
A3NZAEOHAO5LT6,0,6,7,1568965816544,0,Added cell 1-4-true,,P0:;P1:;P2:,2 2 2 4 2 ,,P0:25;P1:50;P2:50;,03:28
A3NZAEOHAO5LT6,0,6,7,1568965817374,0,Added cell 0-4-true,,P0:;P1:;P2:,2 2 4 2 ,,P0:20;P1:50;P2:50;,03:27
A3NZAEOHAO5LT6,0,6,7,1568965818926,0,Added cell 0-3-true,,P0:;P1:;P2:,2 2 2 ,,P0:15;P1:50;P2:50;,03:26
A3NZAEOHAO5LT6,0,6,7,1568965823925,0,Removed cell 0-3-false,,P0:;P1:;P2:,2 2 2 4 ,,P0:20;P1:50;P2:50;,03:21
A3NZAEOHAO5LT6,0,6,7,1568965824294,0,Removed cell 0-4-true,,P0:;P1:;P2:,2 2 2 4 2 ,,P0:25;P1:50;P2:50;,03:21
A3NZAEOHAO5LT6,0,6,7,1568965824685,0,Removed cell 1-4-true,,P0:;P1:;P2:,2 2 2 4 2 2 ,,P0:30;P1:50;P2:50;,03:20
A3NZAEOHAO5LT6,0,6,7,1568965825141,0,Removed cell 2-4-true,,P0:;P1:;P2:,2 2 2 4 2 2 2 ,,P0:35;P1:50;P2:50;,03:20
A3NZAEOHAO5LT6,0,6,7,1568965825581,0,Removed cell 2-3-true,,P0:;P1:;P2:,2 2 2 4 2 2 2 2 ,,P0:40;P1:50;P2:50;,03:19
A3NZAEOHAO5LT6,0,6,7,1568965826109,0,Removed cell 2-2-true,,P0:;P1:;P2:,2 2 2 4 2 2 2 2 2 ,,P0:45;P1:50;P2:50;,03:19
A3NZAEOHAO5LT6,0,6,7,1568965828262,0,Added cell 2-2-true,,P0:;P1:;P2:,2 2 4 2 2 2 2 2 ,,P0:40;P1:50;P2:50;,03:17
A3NZAEOHAO5LT6,0,6,7,1568965829678,0,Added cell 1-2-true,,P0:;P1:;P2:,2 2 2 2 2 2 2 ,,P0:35;P1:50;P2:50;,03:15
A3NZAEOHAO5LT6,0,6,7,1568965834903,0,ChipRequest;From;1;Colour;4;ReqNrOfChips;1;Success;true,,P0:;P1:;P2:,2 2 2 2 2 2 2 ,,P0:35;P1:50;P2:50;,03:10
A3NZAEOHAO5LT6,0,6,7,1568965836526,0,Added cell 1-1-false,3,P0:;P1:3;;P2:,2 2 2 2 2 2 2  , 4 ,P0:-41;P1:50;P2:50;,03:08
A3NZAEOHAO5LT6,0,6,7,1568965837383,0,Added cell 0-1-true,3,P0:;P1:3;;P2:,2 2 2 2 2 2  , 4 ,P0:104;P1:50;P2:50;,03:07
A3NZAEOHAO5LT6,0,6,7,1568965851112,0,Motivation: needed chip,3,P0:;P1:3;;P2:,2 2 2 2 2 2 , 4 ,P0:104;P1:50;P2:50;,02:54
A3NZAEOHAO5LT6,0,6,7,1568965851112,0,Ending game,3,P0:;P1:3;;P2:,2 2 2 2 2 2 , 4 ,P0:104;P1:50;P2:50;,02:54
A3NZAEOHAO5LT6,0,6,7,1568965851121,0,wrong answer told to try again,3,P0:;P1:3;;P2:,2 2 2 2 2 2 , 4 ,P0:104;P1:50;P2:50;,02:54
A3NZAEOHAO5LT6,0,6,7,1568965869575,0,Clear path,,P0:;P1:;P2:,2 2 2 2 2 2 2 2 4 2,,P0:50;P1:50;P2:50;,02:35
A3NZAEOHAO5LT6,0,6,7,1568965894216,0,ChipRequest;From;1;Colour;3;ReqNrOfChips;1;Success;true,,P0:;P1:;P2:,2 2 2 2 2 2 2 2 4 2,,P0:50;P1:50;P2:50;,02:11
A3NZAEOHAO5LT6,0,6,7,1568965895854,0,Added cell 3-2-true,2,P0:;P1:2;;P2:,2 2 2 2 2 2 2 4 2 3 , 3 ,P0:-26;P1:50;P2:50;,02:09
A3NZAEOHAO5LT6,0,6,7,1568965896950,0,Added cell 2-2-true,2,P0:;P1:2;;P2:,2 2 2 2 2 2 4 2 3 , 3 ,P0:-31;P1:50;P2:50;,02:08
A3NZAEOHAO5LT6,0,6,7,1568965901768,0,ChipRequest;From;1;Colour;3;ReqNrOfChips;2;Success;true,2,P0:;P1:2;;P2:,2 2 2 2 2 2 4 2 3 , 3 ,P0:-31;P1:50;P2:50;,02:03
A3NZAEOHAO5LT6,0,6,7,1568965903056,0,ChipRequest;From;1;Colour;3;ReqNrOfChips;3;Success;true,2 2,P0:;P1:2;2;;P2:,2 2 2 2 2 2 4 2 3 3 , 3 3 ,P0:-32;P1:50;P2:50;,02:02
A3NZAEOHAO5LT6,0,6,7,1568965904463,0,Added cell 2-1-false,2 2 2,P0:;P1:2;2;2;;P2:,2 2 2 2 2 2 4 2 3 3 , 3 3 3 ,P0:-38;P1:50;P2:50;,02:00
A3NZAEOHAO5LT6,0,6,7,1568965904983,0,Added cell 2-0-false,2 2 2,P0:;P1:2;2;2;;P2:,2 2 2 2 2 2 4 2 3 , 3 3 3 ,P0:-43;P1:50;P2:50;,02:00
A3NZAEOHAO5LT6,0,6,7,1568965905374,0,Added cell 1-0-false,2 2 2,P0:;P1:2;2;2;;P2:,2 2 2 2 2 2 4 2 , 3 3 3 ,P0:-48;P1:50;P2:50;,01:59
A3NZAEOHAO5LT6,0,6,7,1568965905847,0,Added cell 0-0-true,2 2 2,P0:;P1:2;2;2;;P2:,2 2 2 2 2 4 2 , 3 3 3 ,P0:-53;P1:50;P2:50;,01:59
A3NZAEOHAO5LT6,0,6,7,1568965906327,0,Added cell 0-1-true,2 2 2,P0:;P1:2;2;2;;P2:,2 2 2 2 4 2 , 3 3 3 ,P0:92;P1:50;P2:50;,01:59
A3NZAEOHAO5LT6,0,6,7,1568965917072,0,Motivation: chips required,2 2 2,P0:;P1:2;2;2;;P2:,2 2 2 2 4 2 , 3 3 3 ,P0:92;P1:50;P2:50;,01:48
A3NZAEOHAO5LT6,0,6,7,1568965917072,0,Ending game,2 2 2,P0:;P1:2;2;2;;P2:,2 2 2 2 4 2 , 3 3 3 ,P0:92;P1:50;P2:50;,01:48
A3NZAEOHAO5LT6,0,6,7,1568965917081,0,wrong answer told to try again,2 2 2,P0:;P1:2;2;2;;P2:,2 2 2 2 4 2 , 3 3 3 ,P0:92;P1:50;P2:50;,01:48
A3NZAEOHAO5LT6,0,6,7,1568965925065,0,Clear path,,P0:;P1:;P2:,2 2 2 2 2 2 2 2 4 2,,P0:50;P1:50;P2:50;,01:40
A3NZAEOHAO5LT6,0,6,7,1568965932544,0,Motivation: nothing,,P0:;P1:;P2:,2 2 2 2 2 2 2 2 4 2,,P0:50;P1:50;P2:50;,01:32
A3NZAEOHAO5LT6,0,6,7,1568965932544,0,Ending game,,P0:;P1:;P2:,2 2 2 2 2 2 2 2 4 2,,P0:50;P1:50;P2:50;,01:32

END_TRAINING_START_GAME


A3NZAEOHAO5LT6,noPathNoEx,10,0,1568965945964,0,Read score file,,P0:;P1:;P2:;P3:;P4:;P5:,-,,,undefined:undefined
A3NZAEOHAO5LT6,noPathNoEx,10,0,1568965946264,0,Read new file,,P0:;P1:;P2:;P3:;P4:;P5:,-,,,undefined:undefined
A3NZAEOHAO5LT6,noPathNoEx,10,0,1568965946646,0,Starting new game,,P0:;P1:;P2:;P3:,1 5 2 5 4 1 2 2 2 1 4 5 1 5 5 ,,P0:75;P1:75;P2:75;P3:75;,undefined:undefined
A3NZAEOHAO5LT6,noPathNoEx,10,0,1568965972296,0,Denied adding cell 2-2-false,,P0:;P1:;P2:;P3:,1 5 2 5 4 1 2 2 2 1 4 5 1 5 5 ,,P0:75;P1:75;P2:75;P3:75;,02:36
A3NZAEOHAO5LT6,noPathNoEx,10,0,1568966008834,0,ChipRequest;From;2;Colour;3;ReqNrOfChips;1;Success;true,,P0:;P1:;P2:;P3:,1 5 2 5 4 1 2 2 2 1 4 5 1 5 5 ,,P0:75;P1:75;P2:75;P3:75;,01:59
A3NZAEOHAO5LT6,noPathNoEx,10,0,1568966009449,0,ChipRequest;From;2;Colour;3;ReqNrOfChips;2;Success;true,2,P0:;P1:;P2:2;;P3:,1 5 2 5 4 1 2 2 2 1 4 5 1 5 5 3 , 3 ,P0:4;P1:75;P2:75;P3:75;,01:59
A3NZAEOHAO5LT6,noPathNoEx,10,0,1568966013841,0,ChipRequest;From;2;Colour;3;ReqNrOfChips;3;Success;true,2 2,P0:;P1:;P2:2;2;;P3:,1 5 2 5 4 1 2 2 2 1 4 5 1 5 5 3 3 , 3 3 ,P0:3;P1:75;P2:75;P3:75;,01:54
A3NZAEOHAO5LT6,noPathNoEx,10,0,1568966016979,0,Added cell 2-2-false,2 2 2,P0:;P1:;P2:2;2;2;;P3:,1 5 2 5 4 1 2 2 2 1 4 5 1 5 5 3 3 , 3 3 3 ,P0:-3;P1:75;P2:75;P3:75;,01:51
A3NZAEOHAO5LT6,noPathNoEx,10,0,1568966017779,0,Added cell 3-2-true,2 2 2,P0:;P1:;P2:2;2;2;;P3:,1 2 5 4 1 2 2 2 1 4 5 1 5 5 3 3 , 3 3 3 ,P0:-8;P1:75;P2:75;P3:75;,01:50
A3NZAEOHAO5LT6,noPathNoEx,10,0,1568966019043,0,Added cell 3-3-true,2 2 2,P0:;P1:;P2:2;2;2;;P3:,1 2 5 1 2 2 2 1 4 5 1 5 5 3 3 , 3 3 3 ,P0:-13;P1:75;P2:75;P3:75;,01:49
A3NZAEOHAO5LT6,noPathNoEx,10,0,1568966019596,0,Added cell 4-3-true,2 2 2,P0:;P1:;P2:2;2;2;;P3:,2 5 1 2 2 2 1 4 5 1 5 5 3 3 , 3 3 3 ,P0:-18;P1:75;P2:75;P3:75;,01:49
A3NZAEOHAO5LT6,noPathNoEx,10,0,1568966020027,0,Added cell 4-4-true,2 2 2,P0:;P1:;P2:2;2;2;;P3:,5 1 2 2 2 1 4 5 1 5 5 3 3 , 3 3 3 ,P0:-23;P1:75;P2:75;P3:75;,01:48
A3NZAEOHAO5LT6,noPathNoEx,10,0,1568966020516,0,Added cell 4-5-true,2 2 2,P0:;P1:;P2:2;2;2;;P3:,5 1 2 2 1 4 5 1 5 5 3 3 , 3 3 3 ,P0:-28;P1:75;P2:75;P3:75;,01:48
A3NZAEOHAO5LT6,noPathNoEx,10,0,1568966021156,0,Added cell 4-6-true,2 2 2,P0:;P1:;P2:2;2;2;;P3:,5 2 2 1 4 5 1 5 5 3 3 , 3 3 3 ,P0:-33;P1:75;P2:75;P3:75;,01:47
A3NZAEOHAO5LT6,noPathNoEx,10,0,1568966022052,0,Added cell 5-6-false,2 2 2,P0:;P1:;P2:2;2;2;;P3:,5 2 2 1 4 5 1 5 5 3 , 3 3 3 ,P0:-38;P1:75;P2:75;P3:75;,01:46
A3NZAEOHAO5LT6,noPathNoEx,10,0,1568966024548,0,Added cell 5-7-true,2 2 2,P0:;P1:;P2:2;2;2;;P3:,5 2 2 1 5 1 5 5 3 , 3 3 3 ,P0:-43;P1:75;P2:75;P3:75;,01:44
A3NZAEOHAO5LT6,noPathNoEx,10,0,1568966025476,0,Added cell 5-8-true,2 2 2,P0:;P1:;P2:2;2;2;;P3:,5 2 1 5 1 5 5 3 , 3 3 3 ,P0:-48;P1:75;P2:75;P3:75;,01:43
A3NZAEOHAO5LT6,noPathNoEx,10,0,1568966026045,0,Added cell 5-9-false,2 2 2,P0:;P1:;P2:2;2;2;;P3:,5 2 1 5 1 5 5 , 3 3 3 ,P0:97;P1:75;P2:75;P3:75;,01:42
A3NZAEOHAO5LT6,noPathNoEx,10,0,1568966046224,0,Motivation: required chips,2 2 2,P0:;P1:;P2:2;2;2;;P3:,5 2 1 5 1 5 5 , 3 3 3 ,P0:97;P1:75;P2:75;P3:75;,01:22
A3NZAEOHAO5LT6,noPathNoEx,10,0,1568966046225,0,Ending game,2 2 2,P0:;P1:;P2:2;2;2;;P3:,5 2 1 5 1 5 5 , 3 3 3 ,P0:97;P1:75;P2:75;P3:75;,01:22
A3NZAEOHAO5LT6,noPathNoEx,8,1,1568966048946,0,Starting new game,,P0:;P1:;P2:;P3:,2 1 4 5 4 4 1 2 3 1 1 1 1 1 5 ,,P0:75;P1:75;P2:75;P3:75;,01:22

A3NZAEOHAO5LT6,noPathNoEx,8,1,1568966119710,0,Added cell 1-1-true,,P0:;P1:;P2:;P3:,2 1 4 4 4 1 2 3 1 1 1 1 1 5 ,,P0:70;P1:75;P2:75;P3:75;,01:51
A3NZAEOHAO5LT6,noPathNoEx,8,1,1568966120630,0,Added cell 1-0-true,,P0:;P1:;P2:;P3:,2 4 4 4 1 2 3 1 1 1 1 1 5 ,,P0:65;P1:75;P2:75;P3:75;,01:50
A3NZAEOHAO5LT6,noPathNoEx,8,1,1568966121894,0,Added cell 2-0-true,,P0:;P1:;P2:;P3:,2 4 4 4 2 3 1 1 1 1 1 5 ,,P0:60;P1:75;P2:75;P3:75;,01:49
A3NZAEOHAO5LT6,noPathNoEx,8,1,1568966122526,0,Added cell 3-0-true,,P0:;P1:;P2:;P3:,4 4 4 2 3 1 1 1 1 1 5 ,,P0:55;P1:75;P2:75;P3:75;,01:48
A3NZAEOHAO5LT6,noPathNoEx,8,1,1568966123647,0,Added cell 4-0-true,,P0:;P1:;P2:;P3:,4 4 4 2 1 1 1 1 1 5 ,,P0:50;P1:75;P2:75;P3:75;,01:47
A3NZAEOHAO5LT6,noPathNoEx,8,1,1568966125122,0,Added cell 5-0-true,,P0:;P1:;P2:;P3:,4 4 4 2 1 1 1 1 5 ,,P0:45;P1:75;P2:75;P3:75;,01:45
A3NZAEOHAO5LT6,noPathNoEx,8,1,1568966126686,0,Added cell 6-0-true,,P0:;P1:;P2:;P3:,4 4 4 1 1 1 1 5 ,,P0:40;P1:75;P2:75;P3:75;,01:44
A3NZAEOHAO5LT6,noPathNoEx,8,1,1568966129439,0,Denied adding cell 7-0-false,,P0:;P1:;P2:;P3:,4 4 4 1 1 1 1 5 ,,P0:40;P1:75;P2:75;P3:75;,01:41
A3NZAEOHAO5LT6,noPathNoEx,8,1,1568966134467,0,ChipRequest;From;1;Colour;3;ReqNrOfChips;1;Success;true,,P0:;P1:;P2:;P3:,4 4 4 1 1 1 1 5 ,,P0:40;P1:75;P2:75;P3:75;,01:36
A3NZAEOHAO5LT6,noPathNoEx,8,1,1568966136111,0,Added cell 7-0-false,2,P0:;P1:2;;P2:;P3:,4 4 4 1 1 1 1 5  , 3 ,P0:-36;P1:75;P2:75;P3:75;,01:34
A3NZAEOHAO5LT6,noPathNoEx,8,1,1568966137334,0,Denied adding cell 8-0-false,2,P0:;P1:2;;P2:;P3:,4 4 4 1 1 1 1 5 , 3 ,P0:-36;P1:75;P2:75;P3:75;,01:33
A3NZAEOHAO5LT6,noPathNoEx,8,1,1568966141279,0,Added cell 7-1-true,2,P0:;P1:2;;P2:;P3:,4 4 4 1 1 1 1 , 3 ,P0:-41;P1:75;P2:75;P3:75;,01:29
A3NZAEOHAO5LT6,noPathNoEx,8,1,1568966142775,0,Added cell 8-1-true,2,P0:;P1:2;;P2:;P3:,4 4 4 1 1 1 , 3 ,P0:-46;P1:75;P2:75;P3:75;,01:28
A3NZAEOHAO5LT6,noPathNoEx,8,1,1568966148395,0,ChipRequest;From;3;Colour;2;ReqNrOfChips;1;Success;true,2,P0:;P1:2;;P2:;P3:,4 4 4 1 1 1 , 3 ,P0:-46;P1:75;P2:75;P3:75;,01:22
A3NZAEOHAO5LT6,noPathNoEx,8,1,1568966149990,0,Added cell 9-1-false,2 1,P0:;P1:2;;P2:;P3:1;,4 4 4 1 1 1  , 3 2 ,P0:28;P1:75;P2:75;P3:75;,01:20
A3NZAEOHAO5LT6,noPathNoEx,8,1,1568966154225,0,Clear path,,P0:;P1:;P2:;P3:,2 1 4 5 4 4 1 2 3 1 1 1 1 1 5 ,,P0:75;P1:75;P2:75;P3:75;,01:16
A3NZAEOHAO5LT6,noPathNoEx,8,1,1568966156199,0,Added cell 2-2-true,,P0:;P1:;P2:;P3:,2 1 4 5 4 4 1 2 1 1 1 1 1 5 ,,P0:70;P1:75;P2:75;P3:75;,01:14
A3NZAEOHAO5LT6,noPathNoEx,8,1,1568966157639,0,Added cell 3-2-true,,P0:;P1:;P2:;P3:,2 1 5 4 4 1 2 1 1 1 1 1 5 ,,P0:65;P1:75;P2:75;P3:75;,01:13
A3NZAEOHAO5LT6,noPathNoEx,8,1,1568966160623,0,Added cell 3-1-true,,P0:;P1:;P2:;P3:,1 5 4 4 1 2 1 1 1 1 1 5 ,,P0:60;P1:75;P2:75;P3:75;,01:10
A3NZAEOHAO5LT6,noPathNoEx,8,1,1568966161123,0,Added cell 4-1-true,,P0:;P1:;P2:;P3:,1 4 4 1 2 1 1 1 1 1 5 ,,P0:55;P1:75;P2:75;P3:75;,01:09
A3NZAEOHAO5LT6,noPathNoEx,8,1,1568966161607,0,Added cell 5-1-true,,P0:;P1:;P2:;P3:,1 4 4 1 2 1 1 1 1 1 ,,P0:50;P1:75;P2:75;P3:75;,01:09
A3NZAEOHAO5LT6,noPathNoEx,8,1,1568966168831,0,Added cell 5-0-true,,P0:;P1:;P2:;P3:,4 4 1 2 1 1 1 1 1 ,,P0:45;P1:75;P2:75;P3:75;,01:02
A3NZAEOHAO5LT6,noPathNoEx,8,1,1568966170271,0,Added cell 6-0-true,,P0:;P1:;P2:;P3:,4 4 1 1 1 1 1 1 ,,P0:40;P1:75;P2:75;P3:75;,01:00
A3NZAEOHAO5LT6,noPathNoEx,8,1,1568966179035,0,ChipRequest;From;1;Colour;3;ReqNrOfChips;1;Success;true,,P0:;P1:;P2:;P3:,4 4 1 1 1 1 1 1 ,,P0:40;P1:75;P2:75;P3:75;,00:51
A3NZAEOHAO5LT6,noPathNoEx,8,1,1568966180197,0,Added cell 7-0-false,2,P0:;P1:2;;P2:;P3:,4 4 1 1 1 1 1 1  , 3 ,P0:-36;P1:75;P2:75;P3:75;,00:50
A3NZAEOHAO5LT6,noPathNoEx,8,1,1568966186152,0,ChipRequest;From;3;Colour;2;ReqNrOfChips;1;Success;true,2,P0:;P1:2;;P2:;P3:,4 4 1 1 1 1 1 1 , 3 ,P0:-36;P1:75;P2:75;P3:75;,00:44
A3NZAEOHAO5LT6,noPathNoEx,8,1,1568966187244,0,Added cell 8-0-false,2 1,P0:;P1:2;;P2:;P3:1;,4 4 1 1 1 1 1 1  , 3 2 ,P0:-112;P1:75;P2:75;P3:75;,00:43
A3NZAEOHAO5LT6,noPathNoEx,8,1,1568966192452,0,Added cell 8-1-true,2 1,P0:;P1:2;;P2:;P3:1;,4 4 1 1 1 1 1  , 3 2 ,P0:-117;P1:75;P2:75;P3:75;,00:38
A3NZAEOHAO5LT6,noPathNoEx,8,1,1568966195264,0,ChipRequest;From;1;Colour;2;ReqNrOfChips;1;Success;true,2 1,P0:;P1:2;;P2:;P3:1;,4 4 1 1 1 1 1 , 3 2 ,P0:-117;P1:75;P2:75;P3:75;,00:35
A3NZAEOHAO5LT6,noPathNoEx,8,1,1568966196868,0,Added cell 9-1-false,1 2 1,P0:;P1:1;2;;P2:;P3:1;,4 4 1 1 1 1 1  , 3 2 2 ,P0:27;P1:75;P2:75;P3:75;,00:34
A3NZAEOHAO5LT6,noPathNoEx,8,1,1568966199437,0,Clear path,,P0:;P1:;P2:;P3:,2 1 4 5 4 4 1 2 3 1 1 1 1 1 5 ,,P0:75;P1:75;P2:75;P3:75;,00:31
A3NZAEOHAO5LT6,noPathNoEx,8,1,1568966211336,0,Motivation: no move,,P0:;P1:;P2:;P3:,2 1 4 5 4 4 1 2 3 1 1 1 1 1 5 ,,P0:75;P1:75;P2:75;P3:75;,00:19
A3NZAEOHAO5LT6,noPathNoEx,8,1,1568966211337,0,Ending game,,P0:;P1:;P2:;P3:,2 1 4 5 4 4 1 2 3 1 1 1 1 1 5 ,,P0:75;P1:75;P2:75;P3:75;,00:19
A3NZAEOHAO5LT6,noPathNoEx,5,2,1568966215898,0,Starting new game,,P0:;P1:;P2:;P3:,5 3 1 1 5 3 4 3 5 4 1 3 5 5 5 ,,P0:75;P1:75;P2:75;P3:75;,00:19

A3NZAEOHAO5LT6,noPathNoEx,5,2,1568966225030,0,Added cell 1-9-true,,P0:;P1:;P2:;P3:,5 1 1 5 3 4 3 5 4 1 3 5 5 5 ,,P0:70;P1:75;P2:75;P3:75;,02:52
A3NZAEOHAO5LT6,noPathNoEx,5,2,1568966225476,0,Added cell 1-8-true,,P0:;P1:;P2:;P3:,5 1 5 3 4 3 5 4 1 3 5 5 5 ,,P0:65;P1:75;P2:75;P3:75;,02:52
A3NZAEOHAO5LT6,noPathNoEx,5,2,1568966226380,0,Added cell 1-7-true,,P0:;P1:;P2:;P3:,5 5 3 4 3 5 4 1 3 5 5 5 ,,P0:60;P1:75;P2:75;P3:75;,02:51
A3NZAEOHAO5LT6,noPathNoEx,5,2,1568966235900,0,Added cell 1-6-true,,P0:;P1:;P2:;P3:,5 5 3 3 5 4 1 3 5 5 5 ,,P0:55;P1:75;P2:75;P3:75;,02:42
A3NZAEOHAO5LT6,noPathNoEx,5,2,1568966236372,0,Added cell 2-6-true,,P0:;P1:;P2:;P3:,5 3 3 5 4 1 3 5 5 5 ,,P0:50;P1:75;P2:75;P3:75;,02:41
A3NZAEOHAO5LT6,noPathNoEx,5,2,1568966243195,0,Denied adding cell 3-6-false,,P0:;P1:;P2:;P3:,5 3 3 5 4 1 3 5 5 5 ,,P0:50;P1:75;P2:75;P3:75;,02:34
A3NZAEOHAO5LT6,noPathNoEx,5,2,1568966247797,0,Added cell 2-7-true,,P0:;P1:;P2:;P3:,5 3 3 5 1 3 5 5 5 ,,P0:45;P1:75;P2:75;P3:75;,02:30
A3NZAEOHAO5LT6,noPathNoEx,5,2,1568966248621,0,Added cell 3-7-true,,P0:;P1:;P2:;P3:,5 3 5 1 3 5 5 5 ,,P0:40;P1:75;P2:75;P3:75;,02:29
A3NZAEOHAO5LT6,noPathNoEx,5,2,1568966250709,0,Added cell 4-7-true,,P0:;P1:;P2:;P3:,5 3 5 3 5 5 5 ,,P0:35;P1:75;P2:75;P3:75;,02:27
A3NZAEOHAO5LT6,noPathNoEx,5,2,1568966260615,0,Clear path,,P0:;P1:;P2:;P3:,5 3 1 1 5 3 4 3 5 4 1 3 5 5 5 ,,P0:75;P1:75;P2:75;P3:75;,02:17
A3NZAEOHAO5LT6,noPathNoEx,5,2,1568966271000,0,Motivation: nothing,,P0:;P1:;P2:;P3:,5 3 1 1 5 3 4 3 5 4 1 3 5 5 5 ,,P0:75;P1:75;P2:75;P3:75;,02:06
A3NZAEOHAO5LT6,noPathNoEx,5,2,1568966271000,0,Ending game,,P0:;P1:;P2:;P3:,5 3 1 1 5 3 4 3 5 4 1 3 5 5 5 ,,P0:75;P1:75;P2:75;P3:75;,02:06
A3NZAEOHAO5LT6,noPathNoEx,2,3,1568966273012,0,Starting new game,,P0:;P1:;P2:;P3:,4 2 2 5 1 3 2 1 2 1 4 4 1 2 1 ,,P0:75;P1:75;P2:75;P3:75;,02:06

A3NZAEOHAO5LT6,noPathNoEx,2,3,1568966278701,0,Added cell 1-6-true,,P0:;P1:;P2:;P3:,4 2 2 1 3 2 1 2 1 4 4 1 2 1 ,,P0:70;P1:75;P2:75;P3:75;,02:56
A3NZAEOHAO5LT6,noPathNoEx,2,3,1568966279293,0,Added cell 2-6-true,,P0:;P1:;P2:;P3:,2 2 1 3 2 1 2 1 4 4 1 2 1 ,,P0:65;P1:75;P2:75;P3:75;,02:55
A3NZAEOHAO5LT6,noPathNoEx,2,3,1568966286645,0,Removed cell 2-6-true,,P0:;P1:;P2:;P3:,2 2 1 3 2 1 2 1 4 4 1 2 1 4 ,,P0:70;P1:75;P2:75;P3:75;,02:48
A3NZAEOHAO5LT6,noPathNoEx,2,3,1568966287770,0,Added cell 1-5-true,,P0:;P1:;P2:;P3:,2 1 3 2 1 2 1 4 4 1 2 1 4 ,,P0:65;P1:75;P2:75;P3:75;,02:47
A3NZAEOHAO5LT6,noPathNoEx,2,3,1568966290773,0,Added cell 1-4-true,,P0:;P1:;P2:;P3:,2 1 3 2 1 2 1 4 1 2 1 4 ,,P0:60;P1:75;P2:75;P3:75;,02:44
A3NZAEOHAO5LT6,noPathNoEx,2,3,1568966297637,0,Added cell 1-3-true,,P0:;P1:;P2:;P3:,2 1 2 1 2 1 4 1 2 1 4 ,,P0:55;P1:75;P2:75;P3:75;,02:37
A3NZAEOHAO5LT6,noPathNoEx,2,3,1568966298238,0,Added cell 2-3-true,,P0:;P1:;P2:;P3:,1 2 1 2 1 4 1 2 1 4 ,,P0:50;P1:75;P2:75;P3:75;,02:36
A3NZAEOHAO5LT6,noPathNoEx,2,3,1568966298989,0,Added cell 3-3-true,,P0:;P1:;P2:;P3:,1 1 2 1 4 1 2 1 4 ,,P0:45;P1:75;P2:75;P3:75;,02:36
A3NZAEOHAO5LT6,noPathNoEx,2,3,1568966303478,0,ChipRequest;From;1;Colour;3;ReqNrOfChips;1;Success;true,,P0:;P1:;P2:;P3:,1 1 2 1 4 1 2 1 4 ,,P0:45;P1:75;P2:75;P3:75;,02:31
A3NZAEOHAO5LT6,noPathNoEx,2,3,1568966304804,0,Added cell 4-3-false,2,P0:;P1:2;;P2:;P3:,1 1 2 1 4 1 2 1 4  , 3 ,P0:-31;P1:75;P2:75;P3:75;,02:30
A3NZAEOHAO5LT6,noPathNoEx,2,3,1568966305588,0,Added cell 5-3-true,2,P0:;P1:2;;P2:;P3:,1 2 1 4 1 2 1 4  , 3 ,P0:-36;P1:75;P2:75;P3:75;,02:29
A3NZAEOHAO5LT6,noPathNoEx,2,3,1568966306157,0,Added cell 5-4-true,2,P0:;P1:2;;P2:;P3:,2 1 4 1 2 1 4  , 3 ,P0:109;P1:75;P2:75;P3:75;,02:28
A3NZAEOHAO5LT6,noPathNoEx,2,3,1568966323887,0,Motivation: 1 request enough,2,P0:;P1:2;;P2:;P3:,2 1 4 1 2 1 4 , 3 ,P0:109;P1:75;P2:75;P3:75;,02:11
A3NZAEOHAO5LT6,noPathNoEx,2,3,1568966323888,0,Ending game,2,P0:;P1:2;;P2:;P3:,2 1 4 1 2 1 4 , 3 ,P0:109;P1:75;P2:75;P3:75;,02:11
A3NZAEOHAO5LT6,noPathNoEx,4,4,1568966326316,0,Starting new game,,P0:;P1:;P2:;P3:,4 5 5 5 2 5 5 2 3 1 4 2 3 2 1 ,,P0:75;P1:75;P2:75;P3:75;,02:11

A3NZAEOHAO5LT6,noPathNoEx,4,4,1568966336060,0,Added cell 9-7-true,,P0:;P1:;P2:;P3:,4 5 5 5 5 5 2 3 1 4 2 3 2 1 ,,P0:70;P1:75;P2:75;P3:75;,02:52
A3NZAEOHAO5LT6,noPathNoEx,4,4,1568966339428,0,Added cell 9-6-true,,P0:;P1:;P2:;P3:,4 5 5 5 5 5 2 3 4 2 3 2 1 ,,P0:65;P1:75;P2:75;P3:75;,02:48
A3NZAEOHAO5LT6,noPathNoEx,4,4,1568966343484,0,Added cell 8-6-true,,P0:;P1:;P2:;P3:,5 5 5 5 5 2 3 4 2 3 2 1 ,,P0:60;P1:75;P2:75;P3:75;,02:44
A3NZAEOHAO5LT6,noPathNoEx,4,4,1568966347397,0,Added cell 7-6-true,,P0:;P1:;P2:;P3:,5 5 5 5 2 3 4 2 3 2 1 ,,P0:55;P1:75;P2:75;P3:75;,02:40
A3NZAEOHAO5LT6,noPathNoEx,4,4,1568966349692,0,Added cell 7-5-true,,P0:;P1:;P2:;P3:,5 5 5 5 2 4 2 3 2 1 ,,P0:50;P1:75;P2:75;P3:75;,02:38
A3NZAEOHAO5LT6,noPathNoEx,4,4,1568966350388,0,Added cell 6-5-true,,P0:;P1:;P2:;P3:,5 5 5 2 4 2 3 2 1 ,,P0:45;P1:75;P2:75;P3:75;,02:37
A3NZAEOHAO5LT6,noPathNoEx,4,4,1568966353965,0,Added cell 6-4-true,,P0:;P1:;P2:;P3:,5 5 5 4 2 3 2 1 ,,P0:40;P1:75;P2:75;P3:75;,02:34
A3NZAEOHAO5LT6,noPathNoEx,4,4,1568966356644,0,Removed cell 6-4-true,,P0:;P1:;P2:;P3:,5 5 5 4 2 3 2 1 2 ,,P0:45;P1:75;P2:75;P3:75;,02:31
A3NZAEOHAO5LT6,noPathNoEx,4,4,1568966357772,0,Added cell 5-5-true,,P0:;P1:;P2:;P3:,5 5 4 2 3 2 1 2 ,,P0:40;P1:75;P2:75;P3:75;,02:30
A3NZAEOHAO5LT6,noPathNoEx,4,4,1568966359957,0,Added cell 4-5-true,,P0:;P1:;P2:;P3:,5 4 2 3 2 1 2 ,,P0:35;P1:75;P2:75;P3:75;,02:28
A3NZAEOHAO5LT6,noPathNoEx,4,4,1568966360685,0,Added cell 3-5-true,,P0:;P1:;P2:;P3:,5 2 3 2 1 2 ,,P0:30;P1:75;P2:75;P3:75;,02:27
A3NZAEOHAO5LT6,noPathNoEx,4,4,1568966362589,0,Added cell 2-5-true,,P0:;P1:;P2:;P3:,5 3 2 1 2 ,,P0:25;P1:75;P2:75;P3:75;,02:25
A3NZAEOHAO5LT6,noPathNoEx,4,4,1568966366238,0,Added cell 1-5-true,,P0:;P1:;P2:;P3:,5 3 2 2 ,,P0:20;P1:75;P2:75;P3:75;,02:22
A3NZAEOHAO5LT6,noPathNoEx,4,4,1568966367470,0,Added cell 1-4-true,,P0:;P1:;P2:;P3:,5 2 2 ,,P0:165;P1:75;P2:75;P3:75;,02:20
A3NZAEOHAO5LT6,noPathNoEx,4,4,1568966380152,0,Motivation: no request needed,,P0:;P1:;P2:;P3:,5 2 2 ,,P0:165;P1:75;P2:75;P3:75;,02:08
A3NZAEOHAO5LT6,noPathNoEx,4,4,1568966380153,0,Ending game,,P0:;P1:;P2:;P3:,5 2 2 ,,P0:165;P1:75;P2:75;P3:75;,02:08
A3NZAEOHAO5LT6,noPathNoEx,7,5,1568966382122,0,Starting new game,,P0:;P1:;P2:;P3:,3 4 1 2 4 2 2 5 2 1 4 5 1 3 2 ,,P0:75;P1:75;P2:75;P3:75;,02:08

A3NZAEOHAO5LT6,noPathNoEx,7,5,1568966389374,0,Added cell 2-9-true,,P0:;P1:;P2:;P3:,3 4 2 4 2 2 5 2 1 4 5 1 3 2 ,,P0:70;P1:75;P2:75;P3:75;,02:54
A3NZAEOHAO5LT6,noPathNoEx,7,5,1568966390390,0,Added cell 2-8-true,,P0:;P1:;P2:;P3:,3 4 2 4 2 2 5 2 4 5 1 3 2 ,,P0:65;P1:75;P2:75;P3:75;,02:53
A3NZAEOHAO5LT6,noPathNoEx,7,5,1568966391326,0,Added cell 2-7-true,,P0:;P1:;P2:;P3:,3 4 2 4 2 2 2 4 5 1 3 2 ,,P0:60;P1:75;P2:75;P3:75;,02:52
A3NZAEOHAO5LT6,noPathNoEx,7,5,1568966393966,0,Added cell 2-6-true,,P0:;P1:;P2:;P3:,3 4 4 2 2 2 4 5 1 3 2 ,,P0:55;P1:75;P2:75;P3:75;,02:50
A3NZAEOHAO5LT6,noPathNoEx,7,5,1568966395165,0,Added cell 2-5-true,,P0:;P1:;P2:;P3:,3 4 2 2 2 4 5 1 3 2 ,,P0:50;P1:75;P2:75;P3:75;,02:48
A3NZAEOHAO5LT6,noPathNoEx,7,5,1568966400286,0,Removed cell 2-5-true,,P0:;P1:;P2:;P3:,3 4 2 2 2 4 5 1 3 2 4 ,,P0:55;P1:75;P2:75;P3:75;,02:43
A3NZAEOHAO5LT6,noPathNoEx,7,5,1568966401190,0,Removed cell 2-6-true,,P0:;P1:;P2:;P3:,3 4 2 2 2 4 5 1 3 2 4 2 ,,P0:60;P1:75;P2:75;P3:75;,02:42
A3NZAEOHAO5LT6,noPathNoEx,7,5,1568966403774,0,Removed cell 2-7-true,,P0:;P1:;P2:;P3:,3 4 2 2 2 4 5 1 3 2 4 2 5 ,,P0:65;P1:75;P2:75;P3:75;,02:40
A3NZAEOHAO5LT6,noPathNoEx,7,5,1568966407110,0,Added cell 2-7-true,,P0:;P1:;P2:;P3:,3 4 2 2 2 4 1 3 2 4 2 5 ,,P0:60;P1:75;P2:75;P3:75;,02:37
A3NZAEOHAO5LT6,noPathNoEx,7,5,1568966407726,0,Added cell 3-7-true,,P0:;P1:;P2:;P3:,3 2 2 2 4 1 3 2 4 2 5 ,,P0:55;P1:75;P2:75;P3:75;,02:36
A3NZAEOHAO5LT6,noPathNoEx,7,5,1568966408854,0,Added cell 4-7-true,,P0:;P1:;P2:;P3:,3 2 2 2 1 3 2 4 2 5 ,,P0:50;P1:75;P2:75;P3:75;,02:35
A3NZAEOHAO5LT6,noPathNoEx,7,5,1568966412111,0,Added cell 4-6-true,,P0:;P1:;P2:;P3:,2 2 2 1 3 2 4 2 5 ,,P0:45;P1:75;P2:75;P3:75;,02:32
A3NZAEOHAO5LT6,noPathNoEx,7,5,1568966413175,0,Added cell 5-6-true,,P0:;P1:;P2:;P3:,2 2 2 1 3 2 2 5 ,,P0:40;P1:75;P2:75;P3:75;,02:30
A3NZAEOHAO5LT6,noPathNoEx,7,5,1568966416870,0,Added cell 5-5-true,,P0:;P1:;P2:;P3:,2 2 2 1 2 2 5 ,,P0:35;P1:75;P2:75;P3:75;,02:27
A3NZAEOHAO5LT6,noPathNoEx,7,5,1568966417622,0,Added cell 5-4-true,,P0:;P1:;P2:;P3:,2 2 2 1 2 2 ,,P0:30;P1:75;P2:75;P3:75;,02:26
A3NZAEOHAO5LT6,noPathNoEx,7,5,1568966421694,0,Removed cell 5-4-false,,P0:;P1:;P2:;P3:,2 2 2 1 2 2 5 ,,P0:35;P1:75;P2:75;P3:75;,02:22
A3NZAEOHAO5LT6,noPathNoEx,7,5,1568966422366,0,Removed cell 5-5-false,,P0:;P1:;P2:;P3:,2 2 2 1 2 2 5 3 ,,P0:40;P1:75;P2:75;P3:75;,02:21
A3NZAEOHAO5LT6,noPathNoEx,7,5,1568966424582,0,Added cell 6-6-true,,P0:;P1:;P2:;P3:,2 2 2 1 2 2 5 ,,P0:35;P1:75;P2:75;P3:75;,02:19
A3NZAEOHAO5LT6,noPathNoEx,7,5,1568966432569,0,Clear path,,P0:;P1:;P2:;P3:,3 4 1 2 4 2 2 5 2 1 4 5 1 3 2 ,,P0:75;P1:75;P2:75;P3:75;,02:11
A3NZAEOHAO5LT6,noPathNoEx,7,5,1568966436183,0,Added cell 2-9-true,,P0:;P1:;P2:;P3:,3 4 2 4 2 2 5 2 1 4 5 1 3 2 ,,P0:70;P1:75;P2:75;P3:75;,02:07
A3NZAEOHAO5LT6,noPathNoEx,7,5,1568966438286,0,Added cell 3-9-true,,P0:;P1:;P2:;P3:,3 2 4 2 2 5 2 1 4 5 1 3 2 ,,P0:65;P1:75;P2:75;P3:75;,02:05
A3NZAEOHAO5LT6,noPathNoEx,7,5,1568966440327,0,Added cell 4-9-true,,P0:;P1:;P2:;P3:,3 2 4 2 2 2 1 4 5 1 3 2 ,,P0:60;P1:75;P2:75;P3:75;,02:03
A3NZAEOHAO5LT6,noPathNoEx,7,5,1568966442622,0,Added cell 5-9-true,,P0:;P1:;P2:;P3:,3 2 4 2 2 2 4 5 1 3 2 ,,P0:55;P1:75;P2:75;P3:75;,02:01
A3NZAEOHAO5LT6,noPathNoEx,7,5,1568966446719,0,Added cell 5-8-true,,P0:;P1:;P2:;P3:,3 2 4 2 2 2 4 1 3 2 ,,P0:50;P1:75;P2:75;P3:75;,01:57
A3NZAEOHAO5LT6,noPathNoEx,7,5,1568966448158,0,Added cell 5-7-true,,P0:;P1:;P2:;P3:,3 4 2 2 2 4 1 3 2 ,,P0:45;P1:75;P2:75;P3:75;,01:55
A3NZAEOHAO5LT6,noPathNoEx,7,5,1568966449607,0,Added cell 6-7-true,,P0:;P1:;P2:;P3:,3 4 2 2 2 4 3 2 ,,P0:40;P1:75;P2:75;P3:75;,01:54
A3NZAEOHAO5LT6,noPathNoEx,7,5,1568966453895,0,Added cell 6-6-true,,P0:;P1:;P2:;P3:,4 2 2 2 4 3 2 ,,P0:35;P1:75;P2:75;P3:75;,01:50
A3NZAEOHAO5LT6,noPathNoEx,7,5,1568966459079,0,Added cell 6-5-true,,P0:;P1:;P2:;P3:,2 2 2 4 3 2 ,,P0:30;P1:75;P2:75;P3:75;,01:45
A3NZAEOHAO5LT6,noPathNoEx,7,5,1568966461023,0,Added cell 6-4-true,,P0:;P1:;P2:;P3:,2 2 2 4 2 ,,P0:25;P1:75;P2:75;P3:75;,01:43
A3NZAEOHAO5LT6,noPathNoEx,7,5,1568966474512,0,ChipRequest;From;1;Colour;3;ReqNrOfChips;1;Success;true,,P0:;P1:;P2:;P3:,2 2 2 4 2 ,,P0:25;P1:75;P2:75;P3:75;,01:29
A3NZAEOHAO5LT6,noPathNoEx,7,5,1568966476503,0,Added cell 7-4-false,2,P0:;P1:2;;P2:;P3:,2 2 2 4 2  , 3 ,P0:-51;P1:75;P2:75;P3:75;,01:27
A3NZAEOHAO5LT6,noPathNoEx,7,5,1568966480727,0,Added cell 7-3-true,2,P0:;P1:2;;P2:;P3:,2 2 4 2  , 3 ,P0:-56;P1:75;P2:75;P3:75;,01:23
A3NZAEOHAO5LT6,noPathNoEx,7,5,1568966481399,0,Added cell 7-2-true,2,P0:;P1:2;;P2:;P3:,2 4 2  , 3 ,P0:-61;P1:75;P2:75;P3:75;,01:22
A3NZAEOHAO5LT6,noPathNoEx,7,5,1568966482888,0,Added cell 8-2-true,2,P0:;P1:2;;P2:;P3:,2 2  , 3 ,P0:-66;P1:75;P2:75;P3:75;,01:21
A3NZAEOHAO5LT6,noPathNoEx,7,5,1568966485296,0,ChipRequest;From;1;Colour;1;ReqNrOfChips;1;Success;true,2,P0:;P1:2;;P2:;P3:,2 2 , 3 ,P0:-66;P1:75;P2:75;P3:75;,01:18
A3NZAEOHAO5LT6,noPathNoEx,7,5,1568966486655,0,Added cell 8-1-false,0 2,P0:;P1:0;2;;P2:;P3:,2 2  , 3 1 ,P0:78;P1:75;P2:75;P3:75;,01:17
A3NZAEOHAO5LT6,noPathNoEx,7,5,1568966496327,0,Clear path,,P0:;P1:;P2:;P3:,3 4 1 2 4 2 2 5 2 1 4 5 1 3 2 ,,P0:75;P1:75;P2:75;P3:75;,01:07
A3NZAEOHAO5LT6,noPathNoEx,7,5,1568966498553,0,Added cell 2-9-true,,P0:;P1:;P2:;P3:,3 4 2 4 2 2 5 2 1 4 5 1 3 2 ,,P0:70;P1:75;P2:75;P3:75;,01:05
A3NZAEOHAO5LT6,noPathNoEx,7,5,1568966499919,0,Added cell 3-9-true,,P0:;P1:;P2:;P3:,3 2 4 2 2 5 2 1 4 5 1 3 2 ,,P0:65;P1:75;P2:75;P3:75;,01:04
A3NZAEOHAO5LT6,noPathNoEx,7,5,1568966500918,0,Added cell 4-9-true,,P0:;P1:;P2:;P3:,3 2 4 2 2 2 1 4 5 1 3 2 ,,P0:60;P1:75;P2:75;P3:75;,01:03
A3NZAEOHAO5LT6,noPathNoEx,7,5,1568966502487,0,Added cell 5-9-true,,P0:;P1:;P2:;P3:,3 2 4 2 2 2 4 5 1 3 2 ,,P0:55;P1:75;P2:75;P3:75;,01:01
A3NZAEOHAO5LT6,noPathNoEx,7,5,1568966503752,0,Added cell 6-9-true,,P0:;P1:;P2:;P3:,3 2 2 2 2 4 5 1 3 2 ,,P0:50;P1:75;P2:75;P3:75;,01:00
A3NZAEOHAO5LT6,noPathNoEx,7,5,1568966505679,0,Added cell 7-9-true,,P0:;P1:;P2:;P3:,3 2 2 2 2 5 1 3 2 ,,P0:45;P1:75;P2:75;P3:75;,00:58
A3NZAEOHAO5LT6,noPathNoEx,7,5,1568966506367,0,Added cell 8-9-true,,P0:;P1:;P2:;P3:,2 2 2 2 5 1 3 2 ,,P0:40;P1:75;P2:75;P3:75;,00:57
A3NZAEOHAO5LT6,noPathNoEx,7,5,1568966507424,0,Added cell 8-8-true,,P0:;P1:;P2:;P3:,2 2 2 2 1 3 2 ,,P0:35;P1:75;P2:75;P3:75;,00:56
A3NZAEOHAO5LT6,noPathNoEx,7,5,1568966508799,0,Added cell 8-7-true,,P0:;P1:;P2:;P3:,2 2 2 2 1 2 ,,P0:30;P1:75;P2:75;P3:75;,00:55
A3NZAEOHAO5LT6,noPathNoEx,7,5,1568966510623,0,Added cell 8-6-true,,P0:;P1:;P2:;P3:,2 2 2 2 2 ,,P0:25;P1:75;P2:75;P3:75;,00:53
A3NZAEOHAO5LT6,noPathNoEx,7,5,1568966518945,0,Clear path,,P0:;P1:;P2:;P3:,3 4 1 2 4 2 2 5 2 1 4 5 1 3 2 ,,P0:75;P1:75;P2:75;P3:75;,00:45
A3NZAEOHAO5LT6,noPathNoEx,7,5,1568966520728,0,Added cell 2-9-true,,P0:;P1:;P2:;P3:,3 4 2 4 2 2 5 2 1 4 5 1 3 2 ,,P0:70;P1:75;P2:75;P3:75;,00:43
A3NZAEOHAO5LT6,noPathNoEx,7,5,1568966522787,0,Added cell 3-9-true,,P0:;P1:;P2:;P3:,3 2 4 2 2 5 2 1 4 5 1 3 2 ,,P0:65;P1:75;P2:75;P3:75;,00:41
A3NZAEOHAO5LT6,noPathNoEx,7,5,1568966526551,0,Added cell 3-8-true,,P0:;P1:;P2:;P3:,3 2 2 2 5 2 1 4 5 1 3 2 ,,P0:60;P1:75;P2:75;P3:75;,00:37
A3NZAEOHAO5LT6,noPathNoEx,7,5,1568966527872,0,Added cell 4-8-true,,P0:;P1:;P2:;P3:,3 2 2 2 5 2 4 5 1 3 2 ,,P0:55;P1:75;P2:75;P3:75;,00:36
A3NZAEOHAO5LT6,noPathNoEx,7,5,1568966529351,0,Added cell 5-8-true,,P0:;P1:;P2:;P3:,3 2 2 2 2 4 5 1 3 2 ,,P0:50;P1:75;P2:75;P3:75;,00:34
A3NZAEOHAO5LT6,noPathNoEx,7,5,1568966531008,0,Added cell 5-7-true,,P0:;P1:;P2:;P3:,3 2 2 2 4 5 1 3 2 ,,P0:45;P1:75;P2:75;P3:75;,00:33
A3NZAEOHAO5LT6,noPathNoEx,7,5,1568966533991,0,Added cell 5-6-true,,P0:;P1:;P2:;P3:,3 2 2 2 5 1 3 2 ,,P0:40;P1:75;P2:75;P3:75;,00:30
A3NZAEOHAO5LT6,noPathNoEx,7,5,1568966536064,0,Added cell 5-5-true,,P0:;P1:;P2:;P3:,2 2 2 5 1 3 2 ,,P0:35;P1:75;P2:75;P3:75;,00:28
A3NZAEOHAO5LT6,noPathNoEx,7,5,1568966537711,0,Added cell 5-4-true,,P0:;P1:;P2:;P3:,2 2 2 1 3 2 ,,P0:30;P1:75;P2:75;P3:75;,00:26
A3NZAEOHAO5LT6,noPathNoEx,7,5,1568966538577,0,Added cell 6-4-true,,P0:;P1:;P2:;P3:,2 2 2 1 2 ,,P0:25;P1:75;P2:75;P3:75;,00:25
A3NZAEOHAO5LT6,noPathNoEx,7,5,1568966542944,0,ChipRequest;From;1;Colour;3;ReqNrOfChips;1;Success;true,,P0:;P1:;P2:;P3:,2 2 2 1 2 ,,P0:25;P1:75;P2:75;P3:75;,00:21
A3NZAEOHAO5LT6,noPathNoEx,7,5,1568966543752,0,Added cell 7-4-false,2,P0:;P1:2;;P2:;P3:,2 2 2 1 2  , 3 ,P0:-51;P1:75;P2:75;P3:75;,00:20
A3NZAEOHAO5LT6,noPathNoEx,7,5,1568966545159,0,Added cell 7-3-true,2,P0:;P1:2;;P2:;P3:,2 2 1 2  , 3 ,P0:-56;P1:75;P2:75;P3:75;,00:18
A3NZAEOHAO5LT6,noPathNoEx,7,5,1568966545840,0,Added cell 7-2-true,2,P0:;P1:2;;P2:;P3:,2 1 2  , 3 ,P0:-61;P1:75;P2:75;P3:75;,00:18
A3NZAEOHAO5LT6,noPathNoEx,7,5,1568966551452,0,Denied adding cell 8-2-false,2,P0:;P1:2;;P2:;P3:,2 1 2 , 3 ,P0:-61;P1:75;P2:75;P3:75;,00:12
A3NZAEOHAO5LT6,noPathNoEx,7,5,1568966555104,0,ChipRequest;From;1;Colour;4;ReqNrOfChips;1;Success;true,2,P0:;P1:2;;P2:;P3:,2 1 2 , 3 ,P0:-61;P1:75;P2:75;P3:75;,00:09
A3NZAEOHAO5LT6,noPathNoEx,7,5,1568966556747,0,Added cell 8-2-false,2 3,P0:;P1:2;3;;P2:;P3:,2 1 2  , 3 4 ,P0:-67;P1:75;P2:75;P3:75;,00:07
A3NZAEOHAO5LT6,noPathNoEx,7,5,1568966558531,0,Added cell 8-1-true,2 3,P0:;P1:2;3;;P2:;P3:,2 2  , 3 4 ,P0:78;P1:75;P2:75;P3:75;,00:05
A3NZAEOHAO5LT6,noPathNoEx,7,5,1568966563119,0,Time is up!,2 3,P0:;P1:2;3;;P2:;P3:,2 2 , 3 4 ,P0:78;P1:75;P2:75;P3:75;,00:00
A3NZAEOHAO5LT6,noPathNoEx,7,5,1568966567659,0,Ending game,2 3,P0:;P1:2;3;;P2:;P3:,2 2 , 3 4 ,P0:78;P1:75;P2:75;P3:75;,00:00
A3NZAEOHAO5LT6,noPathNoEx,9,6,1568966570789,0,Starting new game,,P0:;P1:;P2:;P3:,5 4 3 3 5 4 5 4 3 2 2 1 5 2 2 ,,P0:75;P1:75;P2:75;P3:75;,00:00

A3NZAEOHAO5LT6,noPathNoEx,9,6,1568966576451,0,Added cell 8-8-true,,P0:;P1:;P2:;P3:,4 3 3 5 4 5 4 3 2 2 1 5 2 2 ,,P0:70;P1:75;P2:75;P3:75;,02:56
A3NZAEOHAO5LT6,noPathNoEx,9,6,1568966577596,0,Added cell 8-7-true,,P0:;P1:;P2:;P3:,3 3 5 4 5 4 3 2 2 1 5 2 2 ,,P0:65;P1:75;P2:75;P3:75;,02:55
A3NZAEOHAO5LT6,noPathNoEx,9,6,1568966578916,0,Added cell 8-6-true,,P0:;P1:;P2:;P3:,3 3 5 4 5 4 3 2 1 5 2 2 ,,P0:60;P1:75;P2:75;P3:75;,02:53
A3NZAEOHAO5LT6,noPathNoEx,9,6,1568966580038,0,Added cell 8-5-true,,P0:;P1:;P2:;P3:,3 3 5 4 5 4 3 1 5 2 2 ,,P0:55;P1:75;P2:75;P3:75;,02:52
A3NZAEOHAO5LT6,noPathNoEx,9,6,1568966581075,0,Added cell 8-4-true,,P0:;P1:;P2:;P3:,3 3 5 5 4 3 1 5 2 2 ,,P0:50;P1:75;P2:75;P3:75;,02:51
A3NZAEOHAO5LT6,noPathNoEx,9,6,1568966583155,0,Added cell 8-3-true,,P0:;P1:;P2:;P3:,3 3 5 5 3 1 5 2 2 ,,P0:45;P1:75;P2:75;P3:75;,02:49
A3NZAEOHAO5LT6,noPathNoEx,9,6,1568966585131,0,Added cell 8-2-true,,P0:;P1:;P2:;P3:,3 3 5 5 3 5 2 2 ,,P0:40;P1:75;P2:75;P3:75;,02:47
A3NZAEOHAO5LT6,noPathNoEx,9,6,1568966587188,0,Added cell 7-2-true,,P0:;P1:;P2:;P3:,3 3 5 3 5 2 2 ,,P0:35;P1:75;P2:75;P3:75;,02:45
A3NZAEOHAO5LT6,noPathNoEx,9,6,1568966588932,0,Added cell 7-1-true,,P0:;P1:;P2:;P3:,3 5 3 5 2 2 ,,P0:30;P1:75;P2:75;P3:75;,02:43
A3NZAEOHAO5LT6,noPathNoEx,9,6,1568966597884,0,Clear path,,P0:;P1:;P2:;P3:,5 4 3 3 5 4 5 4 3 2 2 1 5 2 2 ,,P0:75;P1:75;P2:75;P3:75;,02:34
A3NZAEOHAO5LT6,noPathNoEx,9,6,1568966605764,0,Added cell 8-8-true,,P0:;P1:;P2:;P3:,4 3 3 5 4 5 4 3 2 2 1 5 2 2 ,,P0:70;P1:75;P2:75;P3:75;,02:27
A3NZAEOHAO5LT6,noPathNoEx,9,6,1568966606579,0,Added cell 8-7-true,,P0:;P1:;P2:;P3:,3 3 5 4 5 4 3 2 2 1 5 2 2 ,,P0:65;P1:75;P2:75;P3:75;,02:26
A3NZAEOHAO5LT6,noPathNoEx,9,6,1568966609028,0,Added cell 8-6-true,,P0:;P1:;P2:;P3:,3 3 5 4 5 4 3 2 1 5 2 2 ,,P0:60;P1:75;P2:75;P3:75;,02:23
A3NZAEOHAO5LT6,noPathNoEx,9,6,1568966610236,0,Added cell 8-5-true,,P0:;P1:;P2:;P3:,3 3 5 4 5 4 3 1 5 2 2 ,,P0:55;P1:75;P2:75;P3:75;,02:22
A3NZAEOHAO5LT6,noPathNoEx,9,6,1568966616108,0,Added cell 7-5-true,,P0:;P1:;P2:;P3:,3 3 4 5 4 3 1 5 2 2 ,,P0:50;P1:75;P2:75;P3:75;,02:16
A3NZAEOHAO5LT6,noPathNoEx,9,6,1568966617359,0,Added cell 7-4-true,,P0:;P1:;P2:;P3:,3 3 4 5 4 3 5 2 2 ,,P0:45;P1:75;P2:75;P3:75;,02:15
A3NZAEOHAO5LT6,noPathNoEx,9,6,1568966619143,0,Added cell 7-3-true,,P0:;P1:;P2:;P3:,3 3 4 4 3 5 2 2 ,,P0:40;P1:75;P2:75;P3:75;,02:13
A3NZAEOHAO5LT6,noPathNoEx,9,6,1568966619664,0,Added cell 7-2-true,,P0:;P1:;P2:;P3:,3 3 4 4 3 2 2 ,,P0:35;P1:75;P2:75;P3:75;,02:13
A3NZAEOHAO5LT6,noPathNoEx,9,6,1568966620624,0,Added cell 7-1-true,,P0:;P1:;P2:;P3:,3 4 4 3 2 2 ,,P0:30;P1:75;P2:75;P3:75;,02:12
A3NZAEOHAO5LT6,noPathNoEx,9,6,1568966622026,0,Added cell 7-0-true,,P0:;P1:;P2:;P3:,3 4 3 2 2 ,,P0:25;P1:75;P2:75;P3:75;,02:10
A3NZAEOHAO5LT6,noPathNoEx,9,6,1568966622672,0,Added cell 6-0-true,,P0:;P1:;P2:;P3:,3 4 3 2 ,,P0:170;P1:75;P2:75;P3:75;,02:10
A3NZAEOHAO5LT6,noPathNoEx,9,6,1568966639911,0,Motivation: no requests needed,,P0:;P1:;P2:;P3:,3 4 3 2 ,,P0:170;P1:75;P2:75;P3:75;,01:52
A3NZAEOHAO5LT6,noPathNoEx,9,6,1568966639911,0,Ending game,,P0:;P1:;P2:;P3:,3 4 3 2 ,,P0:170;P1:75;P2:75;P3:75;,01:52
A3NZAEOHAO5LT6,noPathNoEx,3,7,1568966642166,0,Starting new game,,P0:;P1:;P2:;P3:,3 1 2 3 4 3 2 1 2 4 1 1 3 4 4 ,,P0:75;P1:75;P2:75;P3:75;,01:52

A3NZAEOHAO5LT6,noPathNoEx,3,7,1568966656631,0,Added cell 0-1-true,,P0:;P1:;P2:;P3:,3 1 3 4 3 2 1 2 4 1 1 3 4 4 ,,P0:70;P1:75;P2:75;P3:75;,02:47
A3NZAEOHAO5LT6,noPathNoEx,3,7,1568966659727,0,Removed cell 0-1-true,,P0:;P1:;P2:;P3:,3 1 3 4 3 2 1 2 4 1 1 3 4 4 2 ,,P0:75;P1:75;P2:75;P3:75;,02:44
A3NZAEOHAO5LT6,noPathNoEx,3,7,1568966663447,0,ChipRequest;From;1;Colour;5;ReqNrOfChips;1;Success;true,,P0:;P1:;P2:;P3:,3 1 3 4 3 2 1 2 4 1 1 3 4 4 2 ,,P0:75;P1:75;P2:75;P3:75;,02:40
A3NZAEOHAO5LT6,noPathNoEx,3,7,1568966665160,0,Added cell 1-0-false,4,P0:;P1:4;;P2:;P3:,3 1 3 4 3 2 1 2 4 1 1 3 4 4 2  , 5 ,P0:-1;P1:75;P2:75;P3:75;,02:39
A3NZAEOHAO5LT6,noPathNoEx,3,7,1568966666008,0,Added cell 2-0-true,4,P0:;P1:4;;P2:;P3:,3 1 3 3 2 1 2 4 1 1 3 4 4 2  , 5 ,P0:-6;P1:75;P2:75;P3:75;,02:38
A3NZAEOHAO5LT6,noPathNoEx,3,7,1568966667336,0,Added cell 3-0-true,4,P0:;P1:4;;P2:;P3:,1 3 3 2 1 2 4 1 1 3 4 4 2  , 5 ,P0:-11;P1:75;P2:75;P3:75;,02:36
A3NZAEOHAO5LT6,noPathNoEx,3,7,1568966670304,0,Added cell 3-1-true,4,P0:;P1:4;;P2:;P3:,1 3 3 2 1 2 1 1 3 4 4 2  , 5 ,P0:-16;P1:75;P2:75;P3:75;,02:33
A3NZAEOHAO5LT6,noPathNoEx,3,7,1568966671160,0,Added cell 4-1-true,4,P0:;P1:4;;P2:;P3:,1 3 2 1 2 1 1 3 4 4 2  , 5 ,P0:-21;P1:75;P2:75;P3:75;,02:33
A3NZAEOHAO5LT6,noPathNoEx,3,7,1568966675551,0,Removed cell 4-1-true,4,P0:;P1:4;;P2:;P3:,1 3 2 1 2 1 1 3 4 4 2  3 , 5 ,P0:-16;P1:75;P2:75;P3:75;,02:28
A3NZAEOHAO5LT6,noPathNoEx,3,7,1568966676217,0,Added cell 3-2-true,4,P0:;P1:4;;P2:;P3:,1 3 1 2 1 1 3 4 4 2 3 , 5 ,P0:-21;P1:75;P2:75;P3:75;,02:27
A3NZAEOHAO5LT6,noPathNoEx,3,7,1568966676792,0,Added cell 3-3-true,4,P0:;P1:4;;P2:;P3:,3 1 2 1 1 3 4 4 2 3 , 5 ,P0:-26;P1:75;P2:75;P3:75;,02:27
A3NZAEOHAO5LT6,noPathNoEx,3,7,1568966677377,0,Added cell 4-3-true,4,P0:;P1:4;;P2:;P3:,3 1 1 1 3 4 4 2 3 , 5 ,P0:-31;P1:75;P2:75;P3:75;,02:26
A3NZAEOHAO5LT6,noPathNoEx,3,7,1568966678562,0,Added cell 5-3-true,4,P0:;P1:4;;P2:;P3:,3 1 1 1 3 4 2 3 , 5 ,P0:-36;P1:75;P2:75;P3:75;,02:25
A3NZAEOHAO5LT6,noPathNoEx,3,7,1568966680002,0,Added cell 6-3-true,4,P0:;P1:4;;P2:;P3:,3 1 1 3 4 2 3 , 5 ,P0:-41;P1:75;P2:75;P3:75;,02:24
A3NZAEOHAO5LT6,noPathNoEx,3,7,1568966681098,0,Added cell 6-2-true,4,P0:;P1:4;;P2:;P3:,1 1 3 4 2 3 , 5 ,P0:104;P1:75;P2:75;P3:75;,02:23
A3NZAEOHAO5LT6,noPathNoEx,3,7,1568966692169,0,Motivation: 1 request,4,P0:;P1:4;;P2:;P3:,1 1 3 4 2 3 , 5 ,P0:104;P1:75;P2:75;P3:75;,02:12
A3NZAEOHAO5LT6,noPathNoEx,3,7,1568966692169,0,Ending game,4,P0:;P1:4;;P2:;P3:,1 1 3 4 2 3 , 5 ,P0:104;P1:75;P2:75;P3:75;,02:12
A3NZAEOHAO5LT6,noPathNoEx,1,8,1568966696411,0,Starting new game,,P0:;P1:;P2:;P3:,4 5 3 3 1 5 1 3 5 3 4 3 3 1 1 ,,P0:75;P1:75;P2:75;P3:75;,02:12

A3NZAEOHAO5LT6,noPathNoEx,1,8,1568966701843,0,Added cell 2-5-true,,P0:;P1:;P2:;P3:,4 5 3 3 5 1 3 5 3 4 3 3 1 1 ,,P0:70;P1:75;P2:75;P3:75;,02:56
A3NZAEOHAO5LT6,noPathNoEx,1,8,1568966702546,0,Added cell 2-6-true,,P0:;P1:;P2:;P3:,4 5 3 3 5 3 5 3 4 3 3 1 1 ,,P0:65;P1:75;P2:75;P3:75;,02:55
A3NZAEOHAO5LT6,noPathNoEx,1,8,1568966703698,0,Added cell 3-6-true,,P0:;P1:;P2:;P3:,5 3 3 5 3 5 3 4 3 3 1 1 ,,P0:60;P1:75;P2:75;P3:75;,02:54
A3NZAEOHAO5LT6,noPathNoEx,1,8,1568966706666,0,Added cell 4-6-true,,P0:;P1:;P2:;P3:,5 3 3 5 3 5 3 4 3 3 1 ,,P0:55;P1:75;P2:75;P3:75;,02:51
A3NZAEOHAO5LT6,noPathNoEx,1,8,1568966707258,0,Added cell 4-7-true,,P0:;P1:;P2:;P3:,5 3 3 5 3 5 3 4 3 3 ,,P0:50;P1:75;P2:75;P3:75;,02:51
A3NZAEOHAO5LT6,noPathNoEx,1,8,1568966709986,0,Removed cell 4-7-false,,P0:;P1:;P2:;P3:,5 3 3 5 3 5 3 4 3 3 1 ,,P0:55;P1:75;P2:75;P3:75;,02:48
A3NZAEOHAO5LT6,noPathNoEx,1,8,1568966711153,0,Removed cell 4-6-true,,P0:;P1:;P2:;P3:,5 3 3 5 3 5 3 4 3 3 1 1 ,,P0:60;P1:75;P2:75;P3:75;,02:47
A3NZAEOHAO5LT6,noPathNoEx,1,8,1568966714018,0,Removed cell 3-6-true,,P0:;P1:;P2:;P3:,5 3 3 5 3 5 3 4 3 3 1 1 4 ,,P0:65;P1:75;P2:75;P3:75;,02:44
A3NZAEOHAO5LT6,noPathNoEx,1,8,1568966714986,0,Added cell 2-7-true,,P0:;P1:;P2:;P3:,5 3 5 3 5 3 4 3 3 1 1 4 ,,P0:60;P1:75;P2:75;P3:75;,02:43
A3NZAEOHAO5LT6,noPathNoEx,1,8,1568966715690,0,Added cell 2-8-true,,P0:;P1:;P2:;P3:,5 5 3 5 3 4 3 3 1 1 4 ,,P0:55;P1:75;P2:75;P3:75;,02:42
A3NZAEOHAO5LT6,noPathNoEx,1,8,1568966716614,0,Added cell 3-8-true,,P0:;P1:;P2:;P3:,5 5 3 5 3 4 3 3 1 4 ,,P0:50;P1:75;P2:75;P3:75;,02:41
A3NZAEOHAO5LT6,noPathNoEx,1,8,1568966717684,0,Denied adding cell 4-8-false,,P0:;P1:;P2:;P3:,5 5 3 5 3 4 3 3 1 4 ,,P0:50;P1:75;P2:75;P3:75;,02:40
A3NZAEOHAO5LT6,noPathNoEx,1,8,1568966720714,0,Removed cell 3-8-true,,P0:;P1:;P2:;P3:,5 5 3 5 3 4 3 3 1 4 1 ,,P0:55;P1:75;P2:75;P3:75;,02:37
A3NZAEOHAO5LT6,noPathNoEx,1,8,1568966725058,0,Added cell 3-8-true,,P0:;P1:;P2:;P3:,5 5 3 5 3 4 3 3 4 1 ,,P0:50;P1:75;P2:75;P3:75;,02:33
A3NZAEOHAO5LT6,noPathNoEx,1,8,1568966732120,0,ChipRequest;From;1;Colour;2;ReqNrOfChips;1;Success;true,,P0:;P1:;P2:;P3:,5 5 3 5 3 4 3 3 4 1 ,,P0:50;P1:75;P2:75;P3:75;,02:26
A3NZAEOHAO5LT6,noPathNoEx,1,8,1568966733050,0,Added cell 4-8-false,1,P0:;P1:1;;P2:;P3:,5 5 3 5 3 4 3 3 4 1  , 2 ,P0:-26;P1:75;P2:75;P3:75;,02:25
A3NZAEOHAO5LT6,noPathNoEx,1,8,1568966733859,0,Added cell 5-8-true,1,P0:;P1:1;;P2:;P3:,5 3 5 3 4 3 3 4 1  , 2 ,P0:-31;P1:75;P2:75;P3:75;,02:24
A3NZAEOHAO5LT6,noPathNoEx,1,8,1568966735282,0,Added cell 6-8-true,1,P0:;P1:1;;P2:;P3:,5 3 5 3 4 3 3 4  , 2 ,P0:-36;P1:75;P2:75;P3:75;,02:23
A3NZAEOHAO5LT6,noPathNoEx,1,8,1568966737307,0,Added cell 7-8-true,1,P0:;P1:1;;P2:;P3:,3 5 3 4 3 3 4  , 2 ,P0:109;P1:75;P2:75;P3:75;,02:21
A3NZAEOHAO5LT6,noPathNoEx,1,8,1568966747824,0,Motivation: 1 request,1,P0:;P1:1;;P2:;P3:,3 5 3 4 3 3 4 , 2 ,P0:109;P1:75;P2:75;P3:75;,02:10
A3NZAEOHAO5LT6,noPathNoEx,1,8,1568966747824,0,Ending game,1,P0:;P1:1;;P2:;P3:,3 5 3 4 3 3 4 , 2 ,P0:109;P1:75;P2:75;P3:75;,02:10
A3NZAEOHAO5LT6,noPathNoEx,6,9,1568966750038,0,Starting new game,,P0:;P1:;P2:;P3:,2 5 5 4 5 1 5 4 4 3 4 4 4 5 4 ,,P0:75;P1:75;P2:75;P3:75;,02:10

A3NZAEOHAO5LT6,noPathNoEx,6,9,1568966773595,0,Added cell 4-6-true,,P0:;P1:;P2:;P3:,2 5 5 4 5 1 5 4 4 4 4 4 5 4 ,,P0:70;P1:75;P2:75;P3:75;,02:38
A3NZAEOHAO5LT6,noPathNoEx,6,9,1568966774794,0,Added cell 5-6-true,,P0:;P1:;P2:;P3:,2 5 5 5 1 5 4 4 4 4 4 5 4 ,,P0:65;P1:75;P2:75;P3:75;,02:37
A3NZAEOHAO5LT6,noPathNoEx,6,9,1568966777922,0,Added cell 6-6-true,,P0:;P1:;P2:;P3:,5 5 5 1 5 4 4 4 4 4 5 4 ,,P0:60;P1:75;P2:75;P3:75;,02:34
A3NZAEOHAO5LT6,noPathNoEx,6,9,1568966778474,0,Added cell 6-7-true,,P0:;P1:;P2:;P3:,5 5 5 1 5 4 4 4 4 5 4 ,,P0:55;P1:75;P2:75;P3:75;,02:33
A3NZAEOHAO5LT6,noPathNoEx,6,9,1568966779178,0,Added cell 7-7-true,,P0:;P1:;P2:;P3:,5 5 5 5 4 4 4 4 5 4 ,,P0:50;P1:75;P2:75;P3:75;,02:32
A3NZAEOHAO5LT6,noPathNoEx,6,9,1568966783331,0,Added cell 7-8-true,,P0:;P1:;P2:;P3:,5 5 5 5 4 4 4 5 4 ,,P0:45;P1:75;P2:75;P3:75;,02:28
A3NZAEOHAO5LT6,noPathNoEx,6,9,1568966786944,0,ChipRequest;From;1;Colour;3;ReqNrOfChips;1;Success;true,,P0:;P1:;P2:;P3:,5 5 5 5 4 4 4 5 4 ,,P0:45;P1:75;P2:75;P3:75;,02:25
A3NZAEOHAO5LT6,noPathNoEx,6,9,1568966787842,0,Added cell 8-8-false,2,P0:;P1:2;;P2:;P3:,5 5 5 5 4 4 4 5 4  , 3 ,P0:-31;P1:75;P2:75;P3:75;,02:24
A3NZAEOHAO5LT6,noPathNoEx,6,9,1568966788747,0,Added cell 9-8-true,2,P0:;P1:2;;P2:;P3:,5 5 5 4 4 4 5 4  , 3 ,P0:-36;P1:75;P2:75;P3:75;,02:23
A3NZAEOHAO5LT6,noPathNoEx,6,9,1568966791072,0,ChipRequest;From;1;Colour;2;ReqNrOfChips;1;Success;true,2,P0:;P1:2;;P2:;P3:,5 5 5 4 4 4 5 4 , 3 ,P0:-36;P1:75;P2:75;P3:75;,02:20
A3NZAEOHAO5LT6,noPathNoEx,6,9,1568966792243,0,Added cell 9-9-false,1 2,P0:;P1:1;2;;P2:;P3:,5 5 5 4 4 4 5 4  , 3 2 ,P0:108;P1:75;P2:75;P3:75;,02:19
A3NZAEOHAO5LT6,noPathNoEx,6,9,1568966817515,0,Motivation: 2 requests required,1 2,P0:;P1:1;2;;P2:;P3:,5 5 5 4 4 4 5 4 , 3 2 ,P0:108;P1:75;P2:75;P3:75;,01:54
A3NZAEOHAO5LT6,noPathNoEx,6,9,1568966817515,0,Ending game,1 2,P0:;P1:1;2;;P2:;P3:,5 5 5 4 4 4 5 4 , 3 2 ,P0:108;P1:75;P2:75;P3:75;,01:54

