A2WY6HLF2YLSOF,InstructionQuestions,1,1,1,1,1,1,1,1,1,1

A2WY6HLF2YLSOF,0,4,0,1568951345688,0,Read score file,,P0:;P1:;P2:;P3:;P4:;P5:,-,,,undefined:undefined
A2WY6HLF2YLSOF,0,4,0,1568951364283,0,Read new file,,P0:;P1:;P2:;P3:;P4:;P5:,-,,,undefined:undefined
A2WY6HLF2YLSOF,0,4,0,1568951364468,0,Starting new game,,P0:;P1:;P2:,1 1 4 3 4 1 4 3 4 1,,P0:50;P1:50;P2:50;,undefined:undefined
A2WY6HLF2YLSOF,0,4,0,1568951389762,0,ChipRequest;From;1;Colour;2;ReqNrOfChips;1;Success;true,,P0:;P1:;P2:,1 1 4 3 4 1 4 3 4 1,,P0:50;P1:50;P2:50;,03:36
A2WY6HLF2YLSOF,0,4,0,1568951395674,0,Added cell 4-3-true,1,P0:;P1:1;;P2:,1 4 3 4 1 4 3 4 1 2 , 2 ,P0:-26;P1:50;P2:50;,03:30
A2WY6HLF2YLSOF,0,4,0,1568951397136,0,Added cell 4-2-true,1,P0:;P1:1;;P2:,1 3 4 1 4 3 4 1 2 , 2 ,P0:-31;P1:50;P2:50;,03:29
A2WY6HLF2YLSOF,0,4,0,1568951397519,0,Added cell 3-2-false,1,P0:;P1:1;;P2:,1 3 4 1 4 3 4 1 , 2 ,P0:114;P1:50;P2:50;,03:28
A2WY6HLF2YLSOF,0,4,0,1568951404446,0,Removed cell 3-2-false,1,P0:;P1:1;;P2:,1 3 4 1 4 3 4 1 2 , 2 ,P0:-31;P1:50;P2:50;,03:22
A2WY6HLF2YLSOF,0,4,0,1568951405205,0,Added cell 3-2-false,1,P0:;P1:1;;P2:,1 3 4 1 4 3 4 1 , 2 ,P0:114;P1:50;P2:50;,03:21
A2WY6HLF2YLSOF,0,4,0,1568951405748,0,Removed cell 3-2-false,1,P0:;P1:1;;P2:,1 3 4 1 4 3 4 1 2 , 2 ,P0:-31;P1:50;P2:50;,03:20
A2WY6HLF2YLSOF,0,4,0,1568951406147,0,Added cell 3-2-false,1,P0:;P1:1;;P2:,1 3 4 1 4 3 4 1 , 2 ,P0:114;P1:50;P2:50;,03:20
A2WY6HLF2YLSOF,0,4,0,1568951407995,1,Changed player,1,P0:;P1:;P2:,1 2 3 1 3 2 3 1 4 4,,P0:114;P1:50;P2:50;,03:18
A2WY6HLF2YLSOF,0,4,0,1568951409041,1,Tried to add own cell 4-3,1,P0:;P1:;P2:,1 2 3 1 3 2 3 1 4 4,,P0:114;P1:50;P2:50;,03:17
A2WY6HLF2YLSOF,0,4,0,1568951411687,0,Changed player,1,P0:;P1:;P2:,1 3 4 1 4 3 4 1 , 2 ,P0:114;P1:50;P2:50;,03:14
A2WY6HLF2YLSOF,0,4,0,1568951431496,0,Motivation: Least amount of chips needed to request,1,P0:;P1:;P2:,1 3 4 1 4 3 4 1 , 2 ,P0:114;P1:50;P2:50;,02:54
A2WY6HLF2YLSOF,0,4,0,1568951431497,0,Ending game,1,P0:;P1:;P2:,1 3 4 1 4 3 4 1 , 2 ,P0:114;P1:50;P2:50;,02:54
A2WY6HLF2YLSOF,0,8,1,1568951433513,0,Starting new game,,P0:;P1:;P2:,4 2 2 2 4 4 4 2 2 4,,P0:50;P1:50;P2:50;,02:54

A2WY6HLF2YLSOF,0,8,1,1568951455003,0,Tried to add own cell 3-1,,P0:;P1:;P2:,4 2 2 2 4 4 4 2 2 4,,P0:50;P1:50;P2:50;,03:40
A2WY6HLF2YLSOF,0,8,1,1568951464164,0,Motivation: Do nothing is better than requesting,,P0:;P1:;P2:,4 2 2 2 4 4 4 2 2 4,,P0:50;P1:50;P2:50;,03:31
A2WY6HLF2YLSOF,0,8,1,1568951464164,0,Ending game,,P0:;P1:;P2:,4 2 2 2 4 4 4 2 2 4,,P0:50;P1:50;P2:50;,03:31
A2WY6HLF2YLSOF,0,3,2,1568951465778,0,Starting new game,,P0:;P1:;P2:,3 2 2 2 4 4 2 3 2 4,,P0:50;P1:50;P2:50;,03:31

A2WY6HLF2YLSOF,0,3,2,1568951474951,0,Added cell 1-2-true,,P0:;P1:;P2:,3 2 2 4 4 2 3 2 4 ,,P0:45;P1:50;P2:50;,03:52
A2WY6HLF2YLSOF,0,3,2,1568951475295,0,Added cell 2-2-true,,P0:;P1:;P2:,3 2 4 4 2 3 2 4 ,,P0:40;P1:50;P2:50;,03:52
A2WY6HLF2YLSOF,0,3,2,1568951475583,0,Added cell 2-1-true,,P0:;P1:;P2:,3 4 4 2 3 2 4 ,,P0:35;P1:50;P2:50;,03:52
A2WY6HLF2YLSOF,0,3,2,1568951475846,0,Added cell 3-1-true,,P0:;P1:;P2:,3 4 4 3 2 4 ,,P0:30;P1:50;P2:50;,03:51
A2WY6HLF2YLSOF,0,3,2,1568951476173,0,Added cell 4-1-true,,P0:;P1:;P2:,3 4 3 2 4 ,,P0:25;P1:50;P2:50;,03:51
A2WY6HLF2YLSOF,0,3,2,1568951476517,0,Added cell 4-2-true,,P0:;P1:;P2:,3 4 3 4 ,,P0:20;P1:50;P2:50;,03:51
A2WY6HLF2YLSOF,0,3,2,1568951476868,0,Added cell 4-3-true,,P0:;P1:;P2:,3 3 4 ,,P0:165;P1:50;P2:50;,03:50
A2WY6HLF2YLSOF,0,3,2,1568951485121,0,Motivation: No requests needed,,P0:;P1:;P2:,3 3 4 ,,P0:165;P1:50;P2:50;,03:42
A2WY6HLF2YLSOF,0,3,2,1568951485121,0,Ending game,,P0:;P1:;P2:,3 3 4 ,,P0:165;P1:50;P2:50;,03:42
A2WY6HLF2YLSOF,0,5,3,1568951486335,0,Starting new game,,P0:;P1:;P2:,2 3 3 4 3 2 2 2 1 4,,P0:50;P1:50;P2:50;,03:42

A2WY6HLF2YLSOF,0,5,3,1568951495101,0,Added cell 3-4-true,,P0:;P1:;P2:,2 3 4 3 2 2 2 1 4 ,,P0:45;P1:50;P2:50;,03:53
A2WY6HLF2YLSOF,0,5,3,1568951495732,0,Added cell 2-4-true,,P0:;P1:;P2:,2 3 4 3 2 2 2 4 ,,P0:40;P1:50;P2:50;,03:52
A2WY6HLF2YLSOF,0,5,3,1568951496156,0,Added cell 2-3-true,,P0:;P1:;P2:,3 4 3 2 2 2 4 ,,P0:35;P1:50;P2:50;,03:52
A2WY6HLF2YLSOF,0,5,3,1568951497540,0,Denied adding cell 1-3-false,,P0:;P1:;P2:,3 4 3 2 2 2 4 ,,P0:35;P1:50;P2:50;,03:50
A2WY6HLF2YLSOF,0,5,3,1568951509345,0,ChipRequest;From;1;Colour;1;ReqNrOfChips;1;Success;true,,P0:;P1:;P2:,3 4 3 2 2 2 4 ,,P0:35;P1:50;P2:50;,03:38
A2WY6HLF2YLSOF,0,5,3,1568951511120,0,Added cell 2-2-false,0,P0:;P1:0;;P2:,3 4 3 2 2 2 4  , 1 ,P0:-41;P1:50;P2:50;,03:37
A2WY6HLF2YLSOF,0,5,3,1568951512654,0,Added cell 1-2-true,0,P0:;P1:0;;P2:,3 3 2 2 2 4  , 1 ,P0:-46;P1:50;P2:50;,03:35
A2WY6HLF2YLSOF,0,5,3,1568951513006,0,Added cell 0-2-true,0,P0:;P1:0;;P2:,3 3 2 2 4  , 1 ,P0:99;P1:50;P2:50;,03:35
A2WY6HLF2YLSOF,0,5,3,1568951519173,0,Motivation: One request needed,0,P0:;P1:0;;P2:,3 3 2 2 4 , 1 ,P0:99;P1:50;P2:50;,03:29
A2WY6HLF2YLSOF,0,5,3,1568951519173,0,Ending game,0,P0:;P1:0;;P2:,3 3 2 2 4 , 1 ,P0:99;P1:50;P2:50;,03:29
A2WY6HLF2YLSOF,0,5,3,1568951519176,0,wrong answer told to try again,0,P0:;P1:0;;P2:,3 3 2 2 4 , 1 ,P0:99;P1:50;P2:50;,03:29
A2WY6HLF2YLSOF,0,5,3,1568951541713,0,Motivation: One request needed,0,P0:;P1:0;;P2:,3 3 2 2 4 , 1 ,P0:99;P1:50;P2:50;,03:06
A2WY6HLF2YLSOF,0,5,3,1568951541713,0,Ending game,0,P0:;P1:0;;P2:,3 3 2 2 4 , 1 ,P0:99;P1:50;P2:50;,03:06
A2WY6HLF2YLSOF,0,5,3,1568951541717,0,wrong answer told to try again,0,P0:;P1:0;;P2:,3 3 2 2 4 , 1 ,P0:99;P1:50;P2:50;,03:06
A2WY6HLF2YLSOF,0,5,3,1568951563335,0,Removed cell 1-2-true,0,P0:;P1:0;;P2:,3 3 2 2 4 4 , 1 ,P0:-46;P1:50;P2:50;,02:45
A2WY6HLF2YLSOF,0,5,3,1568951563575,0,Removed cell 2-2-false,0,P0:;P1:0;;P2:,3 3 2 2 4 4 1 , 1 ,P0:-41;P1:50;P2:50;,02:44
A2WY6HLF2YLSOF,0,5,3,1568951564038,0,Removed cell 0-2-true,0,P0:;P1:0;;P2:,3 3 2 2 4 4 1 2 , 1 ,P0:-36;P1:50;P2:50;,02:44
A2WY6HLF2YLSOF,0,5,3,1568951564829,0,Added cell 1-2-true,0,P0:;P1:0;;P2:,3 3 2 2 4 1 2 , 1 ,P0:-41;P1:50;P2:50;,02:43
A2WY6HLF2YLSOF,0,5,3,1568951565501,0,Added cell 0-2-true,0,P0:;P1:0;;P2:,3 3 2 4 1 2 , 1 ,P0:-46;P1:50;P2:50;,02:42
A2WY6HLF2YLSOF,0,5,3,1568951568129,0,Added cell 1-3-false,0,P0:;P1:0;;P2:,3 3 2 4 2 , 1 ,P0:99;P1:50;P2:50;,02:40
A2WY6HLF2YLSOF,0,5,3,1568951570151,0,ChipRequest;From;1;Colour;1;ReqNrOfChips;2;Success;false,0,P0:;P1:0;;P2:,3 3 2 4 2 , 1 ,P0:99;P1:50;P2:50;,02:38
A2WY6HLF2YLSOF,0,5,3,1568951572325,0,Removed cell 1-3-false,0,P0:;P1:0;;P2:,3 3 2 4 2 1 , 1 ,P0:-46;P1:50;P2:50;,02:36
A2WY6HLF2YLSOF,0,5,3,1568951573004,0,Removed cell 0-2-true,0,P0:;P1:0;;P2:,3 3 2 4 2 1 2 , 1 ,P0:-41;P1:50;P2:50;,02:35
A2WY6HLF2YLSOF,0,5,3,1568951573450,0,Removed cell 1-2-true,0,P0:;P1:0;;P2:,3 3 2 4 2 1 2 4 , 1 ,P0:-36;P1:50;P2:50;,02:34
A2WY6HLF2YLSOF,0,5,3,1568951574592,0,ChipRequest;From;1;Colour;1;ReqNrOfChips;2;Success;false,0,P0:;P1:0;;P2:,3 3 2 4 2 1 2 4 , 1 ,P0:-36;P1:50;P2:50;,02:33
A2WY6HLF2YLSOF,0,5,3,1568951576733,0,ChipRequest min:;From;1;Colour;0;ReqNrOfChips;0;Success;1,0,P0:;P1:0;;P2:,3 3 2 4 2 2 4 , ,P0:-36;P1:50;P2:50;,02:31
A2WY6HLF2YLSOF,0,5,3,1568951577574,0,Added cell 1-2-true,,P0:;P1:;P2:,3 3 2 2 2 4 , ,P0:30;P1:50;P2:50;,02:30
A2WY6HLF2YLSOF,0,5,3,1568951578029,0,Added cell 0-2-true,,P0:;P1:;P2:,3 3 2 2 4 , ,P0:25;P1:50;P2:50;,02:30
A2WY6HLF2YLSOF,0,5,3,1568951580316,0,Denied adding cell 2-2-false,,P0:;P1:;P2:,3 3 2 2 4 , ,P0:25;P1:50;P2:50;,02:28
A2WY6HLF2YLSOF,0,5,3,1568951582640,0,Removed cell 1-2-true,,P0:;P1:;P2:,3 3 2 2 4 4 , ,P0:30;P1:50;P2:50;,02:25
A2WY6HLF2YLSOF,0,5,3,1568951583279,0,Removed cell 0-2-true,,P0:;P1:;P2:,3 3 2 2 4 4 2 , ,P0:35;P1:50;P2:50;,02:25
A2WY6HLF2YLSOF,0,5,3,1568951583878,0,Removed cell 2-3-true,,P0:;P1:;P2:,3 3 2 2 4 4 2 2 , ,P0:40;P1:50;P2:50;,02:24
A2WY6HLF2YLSOF,0,5,3,1568951584149,0,Removed cell 2-4-false,,P0:;P1:;P2:,3 3 2 2 4 4 2 2 1 , ,P0:45;P1:50;P2:50;,02:24
A2WY6HLF2YLSOF,0,5,3,1568951584461,0,Removed cell 3-4-true,,P0:;P1:;P2:,3 3 2 2 4 4 2 2 1 3 , ,P0:50;P1:50;P2:50;,02:23
A2WY6HLF2YLSOF,0,5,3,1568951586699,0,Added cell 4-3-true,,P0:;P1:;P2:,3 3 2 2 4 2 2 1 3 , ,P0:45;P1:50;P2:50;,02:21
A2WY6HLF2YLSOF,0,5,3,1568951586957,0,Added cell 4-2-true,,P0:;P1:;P2:,3 3 2 2 2 2 1 3 , ,P0:40;P1:50;P2:50;,02:21
A2WY6HLF2YLSOF,0,5,3,1568951587186,0,Added cell 3-2-true,,P0:;P1:;P2:,3 2 2 2 2 1 3 , ,P0:35;P1:50;P2:50;,02:21
A2WY6HLF2YLSOF,0,5,3,1568951587738,0,Denied adding cell 1-2-false,,P0:;P1:;P2:,3 2 2 2 2 1 3 , ,P0:35;P1:50;P2:50;,02:20
A2WY6HLF2YLSOF,0,5,3,1568951593138,0,Removed cell 4-2-false,,P0:;P1:;P2:,3 2 2 2 2 1 3 4 , ,P0:40;P1:50;P2:50;,02:15
A2WY6HLF2YLSOF,0,5,3,1568951593984,0,Removed cell 4-3-true,,P0:;P1:;P2:,3 2 2 2 2 1 3 4 4 , ,P0:45;P1:50;P2:50;,02:14
A2WY6HLF2YLSOF,0,5,3,1568951594735,0,Added cell 3-4-true,,P0:;P1:;P2:,2 2 2 2 1 3 4 4 , ,P0:40;P1:50;P2:50;,02:13
A2WY6HLF2YLSOF,0,5,3,1568951595062,0,Added cell 3-3-true,,P0:;P1:;P2:,2 2 2 1 3 4 4 , ,P0:35;P1:50;P2:50;,02:13
A2WY6HLF2YLSOF,0,5,3,1568951595749,0,Added cell 2-2-true,,P0:;P1:;P2:,2 2 2 3 4 4 , ,P0:30;P1:50;P2:50;,02:12
A2WY6HLF2YLSOF,0,5,3,1568951596079,0,Added cell 1-2-true,,P0:;P1:;P2:,2 2 2 3 4 , ,P0:25;P1:50;P2:50;,02:12
A2WY6HLF2YLSOF,0,5,3,1568951596469,0,Added cell 0-2-true,,P0:;P1:;P2:,2 2 3 4 , ,P0:170;P1:50;P2:50;,02:11
A2WY6HLF2YLSOF,0,5,3,1568951603154,0,Motivation: No requests needed,,P0:;P1:;P2:,2 2 3 4 , ,P0:170;P1:50;P2:50;,02:05
A2WY6HLF2YLSOF,0,5,3,1568951603154,0,Ending game,,P0:;P1:;P2:,2 2 3 4 , ,P0:170;P1:50;P2:50;,02:05
A2WY6HLF2YLSOF,0,2,4,1568951604405,0,Starting new game,,P0:;P1:;P2:,2 4 1 4 3 2 2 2 2 1,,P0:50;P1:50;P2:50;,02:05

A2WY6HLF2YLSOF,0,2,4,1568951617650,0,Added cell 2-3-true,,P0:;P1:;P2:,2 1 4 3 2 2 2 2 1 ,,P0:45;P1:50;P2:50;,03:48
A2WY6HLF2YLSOF,0,2,4,1568951618063,0,Added cell 1-3-true,,P0:;P1:;P2:,2 1 4 2 2 2 2 1 ,,P0:40;P1:50;P2:50;,03:48
A2WY6HLF2YLSOF,0,2,4,1568951618423,0,Added cell 1-2-true,,P0:;P1:;P2:,2 1 2 2 2 2 1 ,,P0:35;P1:50;P2:50;,03:47
A2WY6HLF2YLSOF,0,2,4,1568951618751,0,Denied adding cell 1-1-false,,P0:;P1:;P2:,2 1 2 2 2 2 1 ,,P0:35;P1:50;P2:50;,03:47
A2WY6HLF2YLSOF,0,2,4,1568951622767,0,ChipRequest;From;2;Colour;3;ReqNrOfChips;1;Success;true,,P0:;P1:;P2:,2 1 2 2 2 2 1 ,,P0:35;P1:50;P2:50;,03:43
A2WY6HLF2YLSOF,0,2,4,1568951624302,0,Added cell 1-1-false,2,P0:;P1:;P2:2;,2 1 2 2 2 2 1  , 3 ,P0:109;P1:50;P2:50;,03:42
A2WY6HLF2YLSOF,0,2,4,1568951633631,0,Motivation: One request needed,2,P0:;P1:;P2:2;,2 1 2 2 2 2 1 , 3 ,P0:109;P1:50;P2:50;,03:32
A2WY6HLF2YLSOF,0,2,4,1568951633631,0,Ending game,2,P0:;P1:;P2:2;,2 1 2 2 2 2 1 , 3 ,P0:109;P1:50;P2:50;,03:32
A2WY6HLF2YLSOF,0,2,4,1568951633635,0,wrong answer told to try again,2,P0:;P1:;P2:2;,2 1 2 2 2 2 1 , 3 ,P0:109;P1:50;P2:50;,03:32
A2WY6HLF2YLSOF,0,2,4,1568951649173,0,Removed cell 1-1-false,2,P0:;P1:;P2:2;,2 1 2 2 2 2 1 3 , 3 ,P0:-36;P1:50;P2:50;,03:17
A2WY6HLF2YLSOF,0,2,4,1568951649956,0,Removed cell 2-3-false,2,P0:;P1:;P2:2;,2 1 2 2 2 2 1 3 4 , 3 ,P0:-31;P1:50;P2:50;,03:16
A2WY6HLF2YLSOF,0,2,4,1568951650339,0,Removed cell 1-3-true,2,P0:;P1:;P2:2;,2 1 2 2 2 2 1 3 4 3 , 3 ,P0:-26;P1:50;P2:50;,03:16
A2WY6HLF2YLSOF,0,2,4,1568951650683,0,Removed cell 1-2-true,2,P0:;P1:;P2:2;,2 1 2 2 2 2 1 3 4 3 4 , 3 ,P0:-21;P1:50;P2:50;,03:15
A2WY6HLF2YLSOF,0,2,4,1568951652295,0,ChipRequest min:;From;2;Colour;2;ReqNrOfChips;0;Success;1,2,P0:;P1:;P2:2;,2 1 2 2 2 2 1 4 3 4 , ,P0:-21;P1:50;P2:50;,03:14
A2WY6HLF2YLSOF,0,2,4,1568951655363,0,Motivation: Do nothing,,P0:;P1:;P2:,2 1 2 2 2 2 1 4 3 4 , ,P0:50;P1:50;P2:50;,03:11
A2WY6HLF2YLSOF,0,2,4,1568951655363,0,Ending game,,P0:;P1:;P2:,2 1 2 2 2 2 1 4 3 4 , ,P0:50;P1:50;P2:50;,03:11
A2WY6HLF2YLSOF,0,6,5,1568951656818,0,Starting new game,,P0:;P1:;P2:,2 2 2 2 2 2 2 2 4 2,,P0:50;P1:50;P2:50;,03:11

A2WY6HLF2YLSOF,0,6,5,1568951677160,0,Added cell 3-2-true,,P0:;P1:;P2:,2 2 2 2 2 2 2 4 2 ,,P0:45;P1:50;P2:50;,03:41
A2WY6HLF2YLSOF,0,6,5,1568951677488,0,Added cell 2-2-true,,P0:;P1:;P2:,2 2 2 2 2 2 4 2 ,,P0:40;P1:50;P2:50;,03:41
A2WY6HLF2YLSOF,0,6,5,1568951692349,0,Removed cell 2-2-true,,P0:;P1:;P2:,2 2 2 2 2 2 4 2 2 ,,P0:45;P1:50;P2:50;,03:26
A2WY6HLF2YLSOF,0,6,5,1568951693291,0,Removed cell 3-2-true,,P0:;P1:;P2:,2 2 2 2 2 2 4 2 2 2 ,,P0:50;P1:50;P2:50;,03:25
A2WY6HLF2YLSOF,0,6,5,1568951704453,0,Added cell 3-2-true,,P0:;P1:;P2:,2 2 2 2 2 4 2 2 2 ,,P0:45;P1:50;P2:50;,03:14
A2WY6HLF2YLSOF,0,6,5,1568951704741,0,Added cell 2-2-true,,P0:;P1:;P2:,2 2 2 2 4 2 2 2 ,,P0:40;P1:50;P2:50;,03:14
A2WY6HLF2YLSOF,0,6,5,1568951705068,0,Added cell 1-2-true,,P0:;P1:;P2:,2 2 2 2 2 2 2 ,,P0:35;P1:50;P2:50;,03:13
A2WY6HLF2YLSOF,0,6,5,1568951705844,0,Denied adding cell 1-1-false,,P0:;P1:;P2:,2 2 2 2 2 2 2 ,,P0:35;P1:50;P2:50;,03:12
A2WY6HLF2YLSOF,0,6,5,1568951708750,0,ChipRequest;From;1;Colour;4;ReqNrOfChips;1;Success;true,,P0:;P1:;P2:,2 2 2 2 2 2 2 ,,P0:35;P1:50;P2:50;,03:10
A2WY6HLF2YLSOF,0,6,5,1568951709518,0,Added cell 1-1-false,3,P0:;P1:3;;P2:,2 2 2 2 2 2 2  , 4 ,P0:-41;P1:50;P2:50;,03:09
A2WY6HLF2YLSOF,0,6,5,1568951709782,0,Added cell 0-1-true,3,P0:;P1:3;;P2:,2 2 2 2 2 2  , 4 ,P0:104;P1:50;P2:50;,03:09
A2WY6HLF2YLSOF,0,6,5,1568951720702,0,Motivation: One request needed,3,P0:;P1:3;;P2:,2 2 2 2 2 2 , 4 ,P0:104;P1:50;P2:50;,02:58
A2WY6HLF2YLSOF,0,6,5,1568951720702,0,Ending game,3,P0:;P1:3;;P2:,2 2 2 2 2 2 , 4 ,P0:104;P1:50;P2:50;,02:58
A2WY6HLF2YLSOF,0,6,5,1568951720706,0,wrong answer told to try again,3,P0:;P1:3;;P2:,2 2 2 2 2 2 , 4 ,P0:104;P1:50;P2:50;,02:58
A2WY6HLF2YLSOF,0,6,5,1568951730948,0,Added cell 0-0-true,3,P0:;P1:3;;P2:,2 2 2 2 2 , 4 ,P0:-51;P1:50;P2:50;,02:47
A2WY6HLF2YLSOF,0,6,5,1568951731291,0,Removed cell 0-1-true,3,P0:;P1:3;;P2:,2 2 2 2 2 2 , 4 ,P0:-46;P1:50;P2:50;,02:47
A2WY6HLF2YLSOF,0,6,5,1568951732194,0,Removed cell 1-2-false,3,P0:;P1:3;;P2:,2 2 2 2 2 2 4 , 4 ,P0:-41;P1:50;P2:50;,02:46
A2WY6HLF2YLSOF,0,6,5,1568951732498,0,Removed cell 1-1-true,3,P0:;P1:3;;P2:,2 2 2 2 2 2 4 4 , 4 ,P0:-36;P1:50;P2:50;,02:46
A2WY6HLF2YLSOF,0,6,5,1568951732809,0,Removed cell 0-0-true,3,P0:;P1:3;;P2:,2 2 2 2 2 2 4 4 2 , 4 ,P0:-31;P1:50;P2:50;,02:46
A2WY6HLF2YLSOF,0,6,5,1568951733225,0,Removed cell 2-2-true,3,P0:;P1:3;;P2:,2 2 2 2 2 2 4 4 2 2 , 4 ,P0:-26;P1:50;P2:50;,02:45
A2WY6HLF2YLSOF,0,6,5,1568951733521,0,Removed cell 3-2-true,3,P0:;P1:3;;P2:,2 2 2 2 2 2 4 4 2 2 2 , 4 ,P0:-21;P1:50;P2:50;,02:45
A2WY6HLF2YLSOF,0,6,5,1568951736899,0,Motivation: Do nothing,3,P0:;P1:3;;P2:,2 2 2 2 2 2 4 4 2 2 2 , 4 ,P0:-21;P1:50;P2:50;,02:41
A2WY6HLF2YLSOF,0,6,5,1568951736899,0,Ending game,3,P0:;P1:3;;P2:,2 2 2 2 2 2 4 4 2 2 2 , 4 ,P0:-21;P1:50;P2:50;,02:41
A2WY6HLF2YLSOF,0,6,5,1568951736902,0,wrong answer told to try again,3,P0:;P1:3;;P2:,2 2 2 2 2 2 4 4 2 2 2 , 4 ,P0:-21;P1:50;P2:50;,02:41
A2WY6HLF2YLSOF,0,6,5,1568951743658,0,ChipRequest min:;From;1;Colour;3;ReqNrOfChips;0;Success;1,3,P0:;P1:3;;P2:,2 2 2 2 2 2 4 2 2 2 , ,P0:-21;P1:50;P2:50;,02:35
A2WY6HLF2YLSOF,0,6,5,1568951746383,0,Motivation: Do nothing,,P0:;P1:;P2:,2 2 2 2 2 2 4 2 2 2 , ,P0:50;P1:50;P2:50;,02:32
A2WY6HLF2YLSOF,0,6,5,1568951746383,0,Ending game,,P0:;P1:;P2:,2 2 2 2 2 2 4 2 2 2 , ,P0:50;P1:50;P2:50;,02:32
A2WY6HLF2YLSOF,0,1,6,1568951747490,0,Starting new game,,P0:;P1:;P2:,3 3 3 3 3 3 3 3 3 3,,P0:50;P1:50;P2:50;,02:32

A2WY6HLF2YLSOF,0,1,6,1568951757284,0,Added cell 1-0-true,,P0:;P1:;P2:,3 3 3 3 3 3 3 3 3 ,,P0:45;P1:50;P2:50;,03:52
A2WY6HLF2YLSOF,0,1,6,1568951768061,0,ChipRequest;From;1;Colour;4;ReqNrOfChips;1;Success;true,,P0:;P1:;P2:,3 3 3 3 3 3 3 3 3 ,,P0:45;P1:50;P2:50;,03:41
A2WY6HLF2YLSOF,0,1,6,1568951768559,0,Added cell 2-0-false,3,P0:;P1:3;;P2:,3 3 3 3 3 3 3 3 3  , 4 ,P0:-31;P1:50;P2:50;,03:40
A2WY6HLF2YLSOF,0,1,6,1568951768847,0,Denied adding cell 3-0-false,3,P0:;P1:3;;P2:,3 3 3 3 3 3 3 3 3 , 4 ,P0:-31;P1:50;P2:50;,03:40
A2WY6HLF2YLSOF,0,1,6,1568951780488,0,Denied adding cell 3-0-false,3,P0:;P1:3;;P2:,3 3 3 3 3 3 3 3 3 , 4 ,P0:-31;P1:50;P2:50;,03:29
A2WY6HLF2YLSOF,0,1,6,1568951784184,0,ChipRequest;From;2;Colour;1;ReqNrOfChips;1;Success;true,3,P0:;P1:3;;P2:,3 3 3 3 3 3 3 3 3 , 4 ,P0:-31;P1:50;P2:50;,03:25
A2WY6HLF2YLSOF,0,1,6,1568951784905,0,Added cell 3-0-false,3 0,P0:;P1:3;;P2:0;,3 3 3 3 3 3 3 3 3  , 4 1 ,P0:43;P1:50;P2:50;,03:24
A2WY6HLF2YLSOF,0,1,6,1568951786871,0,Removed cell 3-0-false,3 0,P0:;P1:3;;P2:0;,3 3 3 3 3 3 3 3 3  1 , 4 1 ,P0:-102;P1:50;P2:50;,03:22
A2WY6HLF2YLSOF,0,1,6,1568951787414,0,Removed cell 1-0-true,3 0,P0:;P1:3;;P2:0;,3 3 3 3 3 3 3 3 3 1 3 , 4 1 ,P0:-97;P1:50;P2:50;,03:22
A2WY6HLF2YLSOF,0,1,6,1568951787909,0,Removed cell 2-0-false,3 0,P0:;P1:3;;P2:0;,3 3 3 3 3 3 3 3 3 1 3 4 , 4 1 ,P0:-92;P1:50;P2:50;,03:21
A2WY6HLF2YLSOF,0,1,6,1568951789385,0,ChipRequest min:;From;2;Colour;0;ReqNrOfChips;0;Success;1,3 0,P0:;P1:3;;P2:0;,3 3 3 3 3 3 3 3 3 3 4 , 4 ,P0:-92;P1:50;P2:50;,03:20
A2WY6HLF2YLSOF,0,1,6,1568951790064,0,ChipRequest min:;From;1;Colour;3;ReqNrOfChips;0;Success;1,3,P0:;P1:3;;P2:,3 3 3 3 3 3 3 3 3 3 , ,P0:-21;P1:50;P2:50;,03:19
A2WY6HLF2YLSOF,0,1,6,1568951793348,0,Motivation: Do nothing,,P0:;P1:;P2:,3 3 3 3 3 3 3 3 3 3 , ,P0:50;P1:50;P2:50;,03:16
A2WY6HLF2YLSOF,0,1,6,1568951793348,0,Ending game,,P0:;P1:;P2:,3 3 3 3 3 3 3 3 3 3 , ,P0:50;P1:50;P2:50;,03:16
A2WY6HLF2YLSOF,0,7,7,1568951794695,0,Starting new game,,P0:;P1:;P2:,1 1 3 3 2 1 2 3 3 2,,P0:50;P1:50;P2:50;,03:16

A2WY6HLF2YLSOF,0,7,7,1568951805998,0,Added cell 0-3-true,,P0:;P1:;P2:,1 1 3 3 1 2 3 3 2 ,,P0:45;P1:50;P2:50;,03:50
A2WY6HLF2YLSOF,0,7,7,1568951806269,0,Added cell 0-4-true,,P0:;P1:;P2:,1 1 3 1 2 3 3 2 ,,P0:40;P1:50;P2:50;,03:50
A2WY6HLF2YLSOF,0,7,7,1568951811875,0,ChipRequest;From;1;Colour;4;ReqNrOfChips;1;Success;true,,P0:;P1:;P2:,1 1 3 1 2 3 3 2 ,,P0:40;P1:50;P2:50;,03:44
A2WY6HLF2YLSOF,0,7,7,1568951812620,0,Added cell 1-4-false,3,P0:;P1:3;;P2:,1 1 3 1 2 3 3 2  , 4 ,P0:-36;P1:50;P2:50;,03:44
A2WY6HLF2YLSOF,0,7,7,1568951812892,0,Added cell 2-4-true,3,P0:;P1:3;;P2:,1 3 1 2 3 3 2  , 4 ,P0:109;P1:50;P2:50;,03:43
A2WY6HLF2YLSOF,0,7,7,1568951819393,0,Motivation: One request needed,3,P0:;P1:3;;P2:,1 3 1 2 3 3 2 , 4 ,P0:109;P1:50;P2:50;,03:37
A2WY6HLF2YLSOF,0,7,7,1568951819393,0,Ending game,3,P0:;P1:3;;P2:,1 3 1 2 3 3 2 , 4 ,P0:109;P1:50;P2:50;,03:37
A2WY6HLF2YLSOF,0,7,7,1568951819396,0,wrong answer told to try again,3,P0:;P1:3;;P2:,1 3 1 2 3 3 2 , 4 ,P0:109;P1:50;P2:50;,03:37
A2WY6HLF2YLSOF,0,7,7,1568951831493,0,ChipRequest min:;From;1;Colour;3;ReqNrOfChips;0;Success;0,3,P0:;P1:3;;P2:,1 3 1 2 3 3 2 , 4 ,P0:109;P1:50;P2:50;,03:25
A2WY6HLF2YLSOF,0,7,7,1568951832969,0,Removed cell 2-4-true,3,P0:;P1:3;;P2:,1 3 1 2 3 3 2 1 , 4 ,P0:-36;P1:50;P2:50;,03:23
A2WY6HLF2YLSOF,0,7,7,1568951834790,0,Removed cell 1-4-false,3,P0:;P1:3;;P2:,1 3 1 2 3 3 2 1 4 , 4 ,P0:-31;P1:50;P2:50;,03:21
A2WY6HLF2YLSOF,0,7,7,1568951835635,0,ChipRequest min:;From;1;Colour;3;ReqNrOfChips;0;Success;1,3,P0:;P1:3;;P2:,1 3 1 2 3 3 2 1 , ,P0:-31;P1:50;P2:50;,03:21
A2WY6HLF2YLSOF,0,7,7,1568951836268,0,Added cell 1-2-true,,P0:;P1:;P2:,3 1 2 3 3 2 1 , ,P0:35;P1:50;P2:50;,03:20
A2WY6HLF2YLSOF,0,7,7,1568951836620,0,Added cell 2-2-true,,P0:;P1:;P2:,1 2 3 3 2 1 , ,P0:30;P1:50;P2:50;,03:20
A2WY6HLF2YLSOF,0,7,7,1568951836987,0,Added cell 3-2-true,,P0:;P1:;P2:,1 3 3 2 1 , ,P0:25;P1:50;P2:50;,03:19
A2WY6HLF2YLSOF,0,7,7,1568951837946,0,Removed cell 3-2-true,,P0:;P1:;P2:,1 3 3 2 1 2 , ,P0:30;P1:50;P2:50;,03:18
A2WY6HLF2YLSOF,0,7,7,1568951839385,0,Added cell 3-2-true,,P0:;P1:;P2:,1 3 3 1 2 , ,P0:25;P1:50;P2:50;,03:17
A2WY6HLF2YLSOF,0,7,7,1568951839632,0,Added cell 3-3-true,,P0:;P1:;P2:,1 3 1 2 , ,P0:20;P1:50;P2:50;,03:17
A2WY6HLF2YLSOF,0,7,7,1568951839888,0,Added cell 3-4-true,,P0:;P1:;P2:,3 1 2 , ,P0:15;P1:50;P2:50;,03:16
A2WY6HLF2YLSOF,0,7,7,1568951840239,0,Added cell 2-4-true,,P0:;P1:;P2:,3 2 , ,P0:10;P1:50;P2:50;,03:16
A2WY6HLF2YLSOF,0,7,7,1568951840679,0,Removed cell 0-4-true,,P0:;P1:;P2:,3 2 3 , ,P0:165;P1:50;P2:50;,03:16
A2WY6HLF2YLSOF,0,7,7,1568951841015,0,Removed cell 0-3-true,,P0:;P1:;P2:,3 2 3 2 , ,P0:170;P1:50;P2:50;,03:15
A2WY6HLF2YLSOF,0,7,7,1568951847348,0,Motivation: No requests,,P0:;P1:;P2:,3 2 3 2 , ,P0:170;P1:50;P2:50;,03:09
A2WY6HLF2YLSOF,0,7,7,1568951847348,0,Ending game,,P0:;P1:;P2:,3 2 3 2 , ,P0:170;P1:50;P2:50;,03:09

END_TRAINING_START_GAME


A2WY6HLF2YLSOF,noPathNoEx,3,0,1568951852721,0,Read score file,,P0:;P1:;P2:;P3:;P4:;P5:,-,,,undefined:undefined
A2WY6HLF2YLSOF,noPathNoEx,3,0,1568951852805,0,Read new file,,P0:;P1:;P2:;P3:;P4:;P5:,-,,,undefined:undefined
A2WY6HLF2YLSOF,noPathNoEx,3,0,1568951852904,0,Starting new game,,P0:;P1:;P2:;P3:,3 1 2 3 4 3 2 1 2 4 1 1 3 4 4 ,,P0:75;P1:75;P2:75;P3:75;,undefined:undefined
A2WY6HLF2YLSOF,noPathNoEx,3,0,1568951867057,0,Motivation: Do nothing,,P0:;P1:;P2:;P3:,3 1 2 3 4 3 2 1 2 4 1 1 3 4 4 ,,P0:75;P1:75;P2:75;P3:75;,02:47
A2WY6HLF2YLSOF,noPathNoEx,3,0,1568951867058,0,Ending game,,P0:;P1:;P2:;P3:,3 1 2 3 4 3 2 1 2 4 1 1 3 4 4 ,,P0:75;P1:75;P2:75;P3:75;,02:47
A2WY6HLF2YLSOF,noPathNoEx,1,1,1568951868547,0,Starting new game,,P0:;P1:;P2:;P3:,4 5 3 3 1 5 1 3 5 3 4 3 3 1 1 ,,P0:75;P1:75;P2:75;P3:75;,02:47

A2WY6HLF2YLSOF,noPathNoEx,1,1,1568951888111,0,Added cell 2-5-true,,P0:;P1:;P2:;P3:,4 5 3 3 5 1 3 5 3 4 3 3 1 1 ,,P0:70;P1:75;P2:75;P3:75;,02:42
A2WY6HLF2YLSOF,noPathNoEx,1,1,1568951888406,0,Added cell 2-6-true,,P0:;P1:;P2:;P3:,4 5 3 3 5 3 5 3 4 3 3 1 1 ,,P0:65;P1:75;P2:75;P3:75;,02:42
A2WY6HLF2YLSOF,noPathNoEx,1,1,1568951888733,0,Added cell 2-7-true,,P0:;P1:;P2:;P3:,4 5 3 5 3 5 3 4 3 3 1 1 ,,P0:60;P1:75;P2:75;P3:75;,02:41
A2WY6HLF2YLSOF,noPathNoEx,1,1,1568951889044,0,Added cell 2-8-true,,P0:;P1:;P2:;P3:,4 5 5 3 5 3 4 3 3 1 1 ,,P0:55;P1:75;P2:75;P3:75;,02:41
A2WY6HLF2YLSOF,noPathNoEx,1,1,1568951889380,0,Added cell 3-8-true,,P0:;P1:;P2:;P3:,4 5 5 3 5 3 4 3 3 1 ,,P0:50;P1:75;P2:75;P3:75;,02:41
A2WY6HLF2YLSOF,noPathNoEx,1,1,1568951890307,0,Added cell 5-8-true,,P0:;P1:;P2:;P3:,4 5 3 5 3 4 3 3 1 ,,P0:45;P1:75;P2:75;P3:75;,02:40
A2WY6HLF2YLSOF,noPathNoEx,1,1,1568951891010,0,Added cell 6-8-true,,P0:;P1:;P2:;P3:,4 5 3 5 3 4 3 3 ,,P0:40;P1:75;P2:75;P3:75;,02:39
A2WY6HLF2YLSOF,noPathNoEx,1,1,1568951891546,0,Added cell 7-8-true,,P0:;P1:;P2:;P3:,4 3 5 3 4 3 3 ,,P0:35;P1:75;P2:75;P3:75;,02:39
A2WY6HLF2YLSOF,noPathNoEx,1,1,1568951906014,0,ChipRequest;From;3;Colour;2;ReqNrOfChips;1;Success;true,,P0:;P1:;P2:;P3:,4 3 5 3 4 3 3 ,,P0:35;P1:75;P2:75;P3:75;,02:24
A2WY6HLF2YLSOF,noPathNoEx,1,1,1568951907533,0,Added cell 4-8-false,1,P0:;P1:;P2:;P3:1;,4 3 5 3 4 3 3  , 2 ,P0:109;P1:75;P2:75;P3:75;,02:23
A2WY6HLF2YLSOF,noPathNoEx,1,1,1568951912660,0,Motivation: One request needed,1,P0:;P1:;P2:;P3:1;,4 3 5 3 4 3 3 , 2 ,P0:109;P1:75;P2:75;P3:75;,02:17
A2WY6HLF2YLSOF,noPathNoEx,1,1,1568951912660,0,Ending game,1,P0:;P1:;P2:;P3:1;,4 3 5 3 4 3 3 , 2 ,P0:109;P1:75;P2:75;P3:75;,02:17
A2WY6HLF2YLSOF,noPathNoEx,4,2,1568951913985,0,Starting new game,,P0:;P1:;P2:;P3:,4 5 5 5 2 5 5 2 3 1 4 2 3 2 1 ,,P0:75;P1:75;P2:75;P3:75;,02:17

A2WY6HLF2YLSOF,noPathNoEx,4,2,1568951918973,0,Added cell 8-8-true,,P0:;P1:;P2:;P3:,5 5 5 2 5 5 2 3 1 4 2 3 2 1 ,,P0:70;P1:75;P2:75;P3:75;,02:57
A2WY6HLF2YLSOF,noPathNoEx,4,2,1568951919644,0,Added cell 7-8-true,,P0:;P1:;P2:;P3:,5 5 5 2 5 5 2 3 4 2 3 2 1 ,,P0:65;P1:75;P2:75;P3:75;,02:56
A2WY6HLF2YLSOF,noPathNoEx,4,2,1568951926275,0,Added cell 7-7-true,,P0:;P1:;P2:;P3:,5 5 5 5 5 2 3 4 2 3 2 1 ,,P0:60;P1:75;P2:75;P3:75;,02:49
A2WY6HLF2YLSOF,noPathNoEx,4,2,1568951926747,0,Added cell 6-7-true,,P0:;P1:;P2:;P3:,5 5 5 5 2 3 4 2 3 2 1 ,,P0:55;P1:75;P2:75;P3:75;,02:49
A2WY6HLF2YLSOF,noPathNoEx,4,2,1568951927442,0,Added cell 5-7-true,,P0:;P1:;P2:;P3:,5 5 5 5 3 4 2 3 2 1 ,,P0:50;P1:75;P2:75;P3:75;,02:48
A2WY6HLF2YLSOF,noPathNoEx,4,2,1568951928759,0,Added cell 5-6-true,,P0:;P1:;P2:;P3:,5 5 5 3 4 2 3 2 1 ,,P0:45;P1:75;P2:75;P3:75;,02:47
A2WY6HLF2YLSOF,noPathNoEx,4,2,1568951929352,0,Added cell 5-5-true,,P0:;P1:;P2:;P3:,5 5 3 4 2 3 2 1 ,,P0:40;P1:75;P2:75;P3:75;,02:46
A2WY6HLF2YLSOF,noPathNoEx,4,2,1568951929895,0,Added cell 4-5-true,,P0:;P1:;P2:;P3:,5 3 4 2 3 2 1 ,,P0:35;P1:75;P2:75;P3:75;,02:46
A2WY6HLF2YLSOF,noPathNoEx,4,2,1568951931604,0,Added cell 3-5-true,,P0:;P1:;P2:;P3:,5 3 2 3 2 1 ,,P0:30;P1:75;P2:75;P3:75;,02:44
A2WY6HLF2YLSOF,noPathNoEx,4,2,1568951932004,0,Added cell 2-5-true,,P0:;P1:;P2:;P3:,5 3 3 2 1 ,,P0:25;P1:75;P2:75;P3:75;,02:43
A2WY6HLF2YLSOF,noPathNoEx,4,2,1568951932891,0,Added cell 1-5-true,,P0:;P1:;P2:;P3:,5 3 3 2 ,,P0:20;P1:75;P2:75;P3:75;,02:43
A2WY6HLF2YLSOF,noPathNoEx,4,2,1568951934313,0,Added cell 1-4-true,,P0:;P1:;P2:;P3:,5 3 2 ,,P0:165;P1:75;P2:75;P3:75;,02:41
A2WY6HLF2YLSOF,noPathNoEx,4,2,1568951940854,0,Motivation: No requests needed,,P0:;P1:;P2:;P3:,5 3 2 ,,P0:165;P1:75;P2:75;P3:75;,02:35
A2WY6HLF2YLSOF,noPathNoEx,4,2,1568951940854,0,Ending game,,P0:;P1:;P2:;P3:,5 3 2 ,,P0:165;P1:75;P2:75;P3:75;,02:35
A2WY6HLF2YLSOF,noPathNoEx,5,3,1568951942075,0,Starting new game,,P0:;P1:;P2:;P3:,5 3 1 1 5 3 4 3 5 4 1 3 5 5 5 ,,P0:75;P1:75;P2:75;P3:75;,02:35

A2WY6HLF2YLSOF,noPathNoEx,5,3,1568951948166,0,Added cell 1-9-true,,P0:;P1:;P2:;P3:,5 1 1 5 3 4 3 5 4 1 3 5 5 5 ,,P0:70;P1:75;P2:75;P3:75;,02:55
A2WY6HLF2YLSOF,noPathNoEx,5,3,1568951948462,0,Added cell 2-9-true,,P0:;P1:;P2:;P3:,5 1 1 5 4 3 5 4 1 3 5 5 5 ,,P0:65;P1:75;P2:75;P3:75;,02:55
A2WY6HLF2YLSOF,noPathNoEx,5,3,1568951948774,0,Added cell 3-9-true,,P0:;P1:;P2:;P3:,5 1 5 4 3 5 4 1 3 5 5 5 ,,P0:60;P1:75;P2:75;P3:75;,02:55
A2WY6HLF2YLSOF,noPathNoEx,5,3,1568951949061,0,Added cell 3-8-true,,P0:;P1:;P2:;P3:,5 1 5 4 5 4 1 3 5 5 5 ,,P0:55;P1:75;P2:75;P3:75;,02:55
A2WY6HLF2YLSOF,noPathNoEx,5,3,1568951949405,0,Added cell 3-7-true,,P0:;P1:;P2:;P3:,5 1 5 4 5 4 1 5 5 5 ,,P0:50;P1:75;P2:75;P3:75;,02:54
A2WY6HLF2YLSOF,noPathNoEx,5,3,1568951952336,0,Added cell 4-7-true,,P0:;P1:;P2:;P3:,5 5 4 5 4 1 5 5 5 ,,P0:45;P1:75;P2:75;P3:75;,02:51
A2WY6HLF2YLSOF,noPathNoEx,5,3,1568951952624,0,Added cell 4-6-true,,P0:;P1:;P2:;P3:,5 5 4 5 4 5 5 5 ,,P0:40;P1:75;P2:75;P3:75;,02:51
A2WY6HLF2YLSOF,noPathNoEx,5,3,1568951962976,0,ChipRequest;From;1;Colour;2;ReqNrOfChips;1;Success;true,,P0:;P1:;P2:;P3:,5 5 4 5 4 5 5 5 ,,P0:40;P1:75;P2:75;P3:75;,02:41
A2WY6HLF2YLSOF,noPathNoEx,5,3,1568951964041,0,Added cell 4-5-false,1,P0:;P1:1;;P2:;P3:,5 5 4 5 4 5 5 5  , 2 ,P0:-36;P1:75;P2:75;P3:75;,02:40
A2WY6HLF2YLSOF,noPathNoEx,5,3,1568951964368,0,Added cell 5-5-true,1,P0:;P1:1;;P2:;P3:,5 5 5 4 5 5 5  , 2 ,P0:109;P1:75;P2:75;P3:75;,02:39
A2WY6HLF2YLSOF,noPathNoEx,5,3,1568951983365,0,Motivation: One request needed,1,P0:;P1:1;;P2:;P3:,5 5 5 4 5 5 5 , 2 ,P0:109;P1:75;P2:75;P3:75;,02:20
A2WY6HLF2YLSOF,noPathNoEx,5,3,1568951983366,0,Ending game,1,P0:;P1:1;;P2:;P3:,5 5 5 4 5 5 5 , 2 ,P0:109;P1:75;P2:75;P3:75;,02:20
A2WY6HLF2YLSOF,noPathNoEx,8,4,1568951985862,0,Starting new game,,P0:;P1:;P2:;P3:,2 1 4 5 4 4 1 2 3 1 1 1 1 1 5 ,,P0:75;P1:75;P2:75;P3:75;,02:20

A2WY6HLF2YLSOF,noPathNoEx,8,4,1568951997995,0,Added cell 1-1-true,,P0:;P1:;P2:;P3:,2 1 4 4 4 1 2 3 1 1 1 1 1 5 ,,P0:70;P1:75;P2:75;P3:75;,02:49
A2WY6HLF2YLSOF,noPathNoEx,8,4,1568951998315,0,Added cell 2-1-true,,P0:;P1:;P2:;P3:,2 1 4 4 1 2 3 1 1 1 1 1 5 ,,P0:65;P1:75;P2:75;P3:75;,02:49
A2WY6HLF2YLSOF,noPathNoEx,8,4,1568951998626,0,Added cell 3-1-true,,P0:;P1:;P2:;P3:,1 4 4 1 2 3 1 1 1 1 1 5 ,,P0:60;P1:75;P2:75;P3:75;,02:49
A2WY6HLF2YLSOF,noPathNoEx,8,4,1568951999284,0,Added cell 4-1-true,,P0:;P1:;P2:;P3:,1 4 4 1 2 3 1 1 1 1 1 ,,P0:55;P1:75;P2:75;P3:75;,02:48
A2WY6HLF2YLSOF,noPathNoEx,8,4,1568952006833,0,Added cell 4-0-true,,P0:;P1:;P2:;P3:,1 4 4 1 2 1 1 1 1 1 ,,P0:50;P1:75;P2:75;P3:75;,02:41
A2WY6HLF2YLSOF,noPathNoEx,8,4,1568952007120,0,Added cell 5-0-true,,P0:;P1:;P2:;P3:,4 4 1 2 1 1 1 1 1 ,,P0:45;P1:75;P2:75;P3:75;,02:40
A2WY6HLF2YLSOF,noPathNoEx,8,4,1568952008902,0,Added cell 6-0-true,,P0:;P1:;P2:;P3:,4 4 1 1 1 1 1 1 ,,P0:40;P1:75;P2:75;P3:75;,02:38
A2WY6HLF2YLSOF,noPathNoEx,8,4,1568952024139,0,Removed cell 6-0-false,,P0:;P1:;P2:;P3:,4 4 1 1 1 1 1 1 2 ,,P0:45;P1:75;P2:75;P3:75;,02:23
A2WY6HLF2YLSOF,noPathNoEx,8,4,1568952024634,0,Removed cell 4-0-false,,P0:;P1:;P2:;P3:,4 4 1 1 1 1 1 1 2 3 ,,P0:50;P1:75;P2:75;P3:75;,02:23
A2WY6HLF2YLSOF,noPathNoEx,8,4,1568952024938,0,Removed cell 4-1-false,,P0:;P1:;P2:;P3:,4 4 1 1 1 1 1 1 2 3 5 ,,P0:55;P1:75;P2:75;P3:75;,02:22
A2WY6HLF2YLSOF,noPathNoEx,8,4,1568952025209,0,Removed cell 5-0-true,,P0:;P1:;P2:;P3:,4 4 1 1 1 1 1 1 2 3 5 1 ,,P0:60;P1:75;P2:75;P3:75;,02:22
A2WY6HLF2YLSOF,noPathNoEx,8,4,1568952025761,0,Removed cell 2-1-true,,P0:;P1:;P2:;P3:,4 4 1 1 1 1 1 1 2 3 5 1 4 ,,P0:65;P1:75;P2:75;P3:75;,02:22
A2WY6HLF2YLSOF,noPathNoEx,8,4,1568952026088,0,Removed cell 1-1-true,,P0:;P1:;P2:;P3:,4 4 1 1 1 1 1 1 2 3 5 1 4 5 ,,P0:70;P1:75;P2:75;P3:75;,02:21
A2WY6HLF2YLSOF,noPathNoEx,8,4,1568952026407,0,Removed cell 3-1-true,,P0:;P1:;P2:;P3:,4 4 1 1 1 1 1 1 2 3 5 1 4 5 2 ,,P0:75;P1:75;P2:75;P3:75;,02:21
A2WY6HLF2YLSOF,noPathNoEx,8,4,1568952028755,0,Motivation: Do nothing,,P0:;P1:;P2:;P3:,4 4 1 1 1 1 1 1 2 3 5 1 4 5 2 ,,P0:75;P1:75;P2:75;P3:75;,02:19
A2WY6HLF2YLSOF,noPathNoEx,8,4,1568952028755,0,Ending game,,P0:;P1:;P2:;P3:,4 4 1 1 1 1 1 1 2 3 5 1 4 5 2 ,,P0:75;P1:75;P2:75;P3:75;,02:19
A2WY6HLF2YLSOF,noPathNoEx,10,5,1568952030071,0,Starting new game,,P0:;P1:;P2:;P3:,1 5 2 5 4 1 2 2 2 1 4 5 1 5 5 ,,P0:75;P1:75;P2:75;P3:75;,02:19

A2WY6HLF2YLSOF,noPathNoEx,10,5,1568952040453,0,Added cell 1-3-true,,P0:;P1:;P2:;P3:,1 2 5 4 1 2 2 2 1 4 5 1 5 5 ,,P0:70;P1:75;P2:75;P3:75;,02:51
A2WY6HLF2YLSOF,noPathNoEx,10,5,1568952040997,0,Added cell 3-3-true,,P0:;P1:;P2:;P3:,1 2 5 1 2 2 2 1 4 5 1 5 5 ,,P0:65;P1:75;P2:75;P3:75;,02:51
A2WY6HLF2YLSOF,noPathNoEx,10,5,1568952041308,0,Added cell 4-3-true,,P0:;P1:;P2:;P3:,2 5 1 2 2 2 1 4 5 1 5 5 ,,P0:60;P1:75;P2:75;P3:75;,02:50
A2WY6HLF2YLSOF,noPathNoEx,10,5,1568952041676,0,Added cell 4-4-true,,P0:;P1:;P2:;P3:,5 1 2 2 2 1 4 5 1 5 5 ,,P0:55;P1:75;P2:75;P3:75;,02:50
A2WY6HLF2YLSOF,noPathNoEx,10,5,1568952042019,0,Added cell 4-5-true,,P0:;P1:;P2:;P3:,5 1 2 2 1 4 5 1 5 5 ,,P0:50;P1:75;P2:75;P3:75;,02:50
A2WY6HLF2YLSOF,noPathNoEx,10,5,1568952042307,0,Added cell 4-6-true,,P0:;P1:;P2:;P3:,5 2 2 1 4 5 1 5 5 ,,P0:45;P1:75;P2:75;P3:75;,02:49
A2WY6HLF2YLSOF,noPathNoEx,10,5,1568952042706,0,Added cell 4-7-true,,P0:;P1:;P2:;P3:,5 2 2 1 5 1 5 5 ,,P0:40;P1:75;P2:75;P3:75;,02:49
A2WY6HLF2YLSOF,noPathNoEx,10,5,1568952045390,0,Added cell 4-8-true,,P0:;P1:;P2:;P3:,5 2 2 5 1 5 5 ,,P0:35;P1:75;P2:75;P3:75;,02:46
A2WY6HLF2YLSOF,noPathNoEx,10,5,1568952046341,0,Added cell 4-9-true,,P0:;P1:;P2:;P3:,5 2 2 5 5 5 ,,P0:30;P1:75;P2:75;P3:75;,02:45
A2WY6HLF2YLSOF,noPathNoEx,10,5,1568952051262,0,Removed cell 4-9-false,,P0:;P1:;P2:;P3:,5 2 2 5 5 5 1 ,,P0:35;P1:75;P2:75;P3:75;,02:40
A2WY6HLF2YLSOF,noPathNoEx,10,5,1568952051566,0,Removed cell 4-8-true,,P0:;P1:;P2:;P3:,5 2 2 5 5 5 1 1 ,,P0:40;P1:75;P2:75;P3:75;,02:40
A2WY6HLF2YLSOF,noPathNoEx,10,5,1568952051846,0,Removed cell 4-7-false,,P0:;P1:;P2:;P3:,5 2 2 5 5 5 1 1 4 ,,P0:45;P1:75;P2:75;P3:75;,02:40
A2WY6HLF2YLSOF,noPathNoEx,10,5,1568952052101,0,Removed cell 4-6-true,,P0:;P1:;P2:;P3:,5 2 2 5 5 5 1 1 4 1 ,,P0:50;P1:75;P2:75;P3:75;,02:39
A2WY6HLF2YLSOF,noPathNoEx,10,5,1568952052389,0,Removed cell 4-5-true,,P0:;P1:;P2:;P3:,5 2 2 5 5 5 1 1 4 1 2 ,,P0:55;P1:75;P2:75;P3:75;,02:39
A2WY6HLF2YLSOF,noPathNoEx,10,5,1568952052661,0,Removed cell 4-4-true,,P0:;P1:;P2:;P3:,5 2 2 5 5 5 1 1 4 1 2 2 ,,P0:60;P1:75;P2:75;P3:75;,02:39
A2WY6HLF2YLSOF,noPathNoEx,10,5,1568952052924,0,Removed cell 4-3-true,,P0:;P1:;P2:;P3:,5 2 2 5 5 5 1 1 4 1 2 2 1 ,,P0:65;P1:75;P2:75;P3:75;,02:39
A2WY6HLF2YLSOF,noPathNoEx,10,5,1568952053228,0,Removed cell 3-3-true,,P0:;P1:;P2:;P3:,5 2 2 5 5 5 1 1 4 1 2 2 1 4 ,,P0:70;P1:75;P2:75;P3:75;,02:38
A2WY6HLF2YLSOF,noPathNoEx,10,5,1568952055185,0,Removed cell 1-3-true,,P0:;P1:;P2:;P3:,5 2 2 5 5 5 1 1 4 1 2 2 1 4 5 ,,P0:75;P1:75;P2:75;P3:75;,02:36
A2WY6HLF2YLSOF,noPathNoEx,10,5,1568952058665,0,Added cell 1-3-true,,P0:;P1:;P2:;P3:,2 2 5 5 5 1 1 4 1 2 2 1 4 5 ,,P0:70;P1:75;P2:75;P3:75;,02:33
A2WY6HLF2YLSOF,noPathNoEx,10,5,1568952061065,0,Added cell 3-3-true,,P0:;P1:;P2:;P3:,2 2 5 5 5 1 1 1 2 2 1 4 5 ,,P0:65;P1:75;P2:75;P3:75;,02:31
A2WY6HLF2YLSOF,noPathNoEx,10,5,1568952061569,0,Added cell 4-3-true,,P0:;P1:;P2:;P3:,2 2 5 5 5 1 1 2 2 1 4 5 ,,P0:60;P1:75;P2:75;P3:75;,02:30
A2WY6HLF2YLSOF,noPathNoEx,10,5,1568952062064,0,Added cell 4-4-true,,P0:;P1:;P2:;P3:,2 5 5 5 1 1 2 2 1 4 5 ,,P0:55;P1:75;P2:75;P3:75;,02:30
A2WY6HLF2YLSOF,noPathNoEx,10,5,1568952062375,0,Added cell 4-5-true,,P0:;P1:;P2:;P3:,5 5 5 1 1 2 2 1 4 5 ,,P0:50;P1:75;P2:75;P3:75;,02:29
A2WY6HLF2YLSOF,noPathNoEx,10,5,1568952062639,0,Added cell 4-6-true,,P0:;P1:;P2:;P3:,5 5 5 1 2 2 1 4 5 ,,P0:45;P1:75;P2:75;P3:75;,02:29
A2WY6HLF2YLSOF,noPathNoEx,10,5,1568952062886,0,Added cell 4-7-true,,P0:;P1:;P2:;P3:,5 5 5 1 2 2 1 5 ,,P0:40;P1:75;P2:75;P3:75;,02:29
A2WY6HLF2YLSOF,noPathNoEx,10,5,1568952063190,0,Added cell 4-8-true,,P0:;P1:;P2:;P3:,5 5 5 2 2 1 5 ,,P0:35;P1:75;P2:75;P3:75;,02:28
A2WY6HLF2YLSOF,noPathNoEx,10,5,1568952064341,0,Added cell 5-8-true,,P0:;P1:;P2:;P3:,5 5 5 2 1 5 ,,P0:30;P1:75;P2:75;P3:75;,02:27
A2WY6HLF2YLSOF,noPathNoEx,10,5,1568952068703,0,Added cell 2-4-true,,P0:;P1:;P2:;P3:,5 5 5 1 5 ,,P0:25;P1:75;P2:75;P3:75;,02:23
A2WY6HLF2YLSOF,noPathNoEx,10,5,1568952069477,0,Removed cell 2-4-false,,P0:;P1:;P2:;P3:,5 5 5 1 5 2 ,,P0:30;P1:75;P2:75;P3:75;,02:22
A2WY6HLF2YLSOF,noPathNoEx,10,5,1568952070228,0,Added cell 2-4-true,,P0:;P1:;P2:;P3:,5 5 5 1 5 ,,P0:25;P1:75;P2:75;P3:75;,02:21
A2WY6HLF2YLSOF,noPathNoEx,10,5,1568952070836,0,Removed cell 2-4-false,,P0:;P1:;P2:;P3:,5 5 5 1 5 2 ,,P0:30;P1:75;P2:75;P3:75;,02:21
A2WY6HLF2YLSOF,noPathNoEx,10,5,1568952075055,0,Removed cell 3-3-false,,P0:;P1:;P2:;P3:,5 5 5 1 5 2 4 ,,P0:35;P1:75;P2:75;P3:75;,02:17
A2WY6HLF2YLSOF,noPathNoEx,10,5,1568952075637,0,Removed cell 1-3-true,,P0:;P1:;P2:;P3:,5 5 5 1 5 2 4 5 ,,P0:40;P1:75;P2:75;P3:75;,02:16
A2WY6HLF2YLSOF,noPathNoEx,10,5,1568952075997,0,Removed cell 4-4-true,,P0:;P1:;P2:;P3:,5 5 5 1 5 2 4 5 2 ,,P0:45;P1:75;P2:75;P3:75;,02:16
A2WY6HLF2YLSOF,noPathNoEx,10,5,1568952076548,0,Removed cell 4-5-true,,P0:;P1:;P2:;P3:,5 5 5 1 5 2 4 5 2 2 ,,P0:50;P1:75;P2:75;P3:75;,02:15
A2WY6HLF2YLSOF,noPathNoEx,10,5,1568952076884,0,Removed cell 4-6-true,,P0:;P1:;P2:;P3:,5 5 5 1 5 2 4 5 2 2 1 ,,P0:55;P1:75;P2:75;P3:75;,02:15
A2WY6HLF2YLSOF,noPathNoEx,10,5,1568952077483,0,Removed cell 4-8-true,,P0:;P1:;P2:;P3:,5 5 5 1 5 2 4 5 2 2 1 1 ,,P0:60;P1:75;P2:75;P3:75;,02:14
A2WY6HLF2YLSOF,noPathNoEx,10,5,1568952077754,0,Removed cell 5-8-true,,P0:;P1:;P2:;P3:,5 5 5 1 5 2 4 5 2 2 1 1 2 ,,P0:65;P1:75;P2:75;P3:75;,02:14
A2WY6HLF2YLSOF,noPathNoEx,10,5,1568952078058,0,Removed cell 4-7-true,,P0:;P1:;P2:;P3:,5 5 5 1 5 2 4 5 2 2 1 1 2 4 ,,P0:70;P1:75;P2:75;P3:75;,02:14
A2WY6HLF2YLSOF,noPathNoEx,10,5,1568952078546,0,Removed cell 4-3-true,,P0:;P1:;P2:;P3:,5 5 5 1 5 2 4 5 2 2 1 1 2 4 1 ,,P0:75;P1:75;P2:75;P3:75;,02:13
A2WY6HLF2YLSOF,noPathNoEx,10,5,1568952081739,0,Motivation: Do nothing,,P0:;P1:;P2:;P3:,5 5 5 1 5 2 4 5 2 2 1 1 2 4 1 ,,P0:75;P1:75;P2:75;P3:75;,02:10
A2WY6HLF2YLSOF,noPathNoEx,10,5,1568952081739,0,Ending game,,P0:;P1:;P2:;P3:,5 5 5 1 5 2 4 5 2 2 1 1 2 4 1 ,,P0:75;P1:75;P2:75;P3:75;,02:10
A2WY6HLF2YLSOF,noPathNoEx,2,6,1568952082955,0,Starting new game,,P0:;P1:;P2:;P3:,4 2 2 5 1 3 2 1 2 1 4 4 1 2 1 ,,P0:75;P1:75;P2:75;P3:75;,02:10

A2WY6HLF2YLSOF,noPathNoEx,2,6,1568952089707,0,Added cell 1-6-true,,P0:;P1:;P2:;P3:,4 2 2 1 3 2 1 2 1 4 4 1 2 1 ,,P0:70;P1:75;P2:75;P3:75;,02:55
A2WY6HLF2YLSOF,noPathNoEx,2,6,1568952090067,0,Added cell 1-5-true,,P0:;P1:;P2:;P3:,4 2 1 3 2 1 2 1 4 4 1 2 1 ,,P0:65;P1:75;P2:75;P3:75;,02:54
A2WY6HLF2YLSOF,noPathNoEx,2,6,1568952090514,0,Added cell 1-4-true,,P0:;P1:;P2:;P3:,2 1 3 2 1 2 1 4 4 1 2 1 ,,P0:60;P1:75;P2:75;P3:75;,02:54
A2WY6HLF2YLSOF,noPathNoEx,2,6,1568952093470,0,Added cell 2-4-true,,P0:;P1:;P2:;P3:,2 1 2 1 2 1 4 4 1 2 1 ,,P0:55;P1:75;P2:75;P3:75;,02:51
A2WY6HLF2YLSOF,noPathNoEx,2,6,1568952093846,0,Added cell 3-4-true,,P0:;P1:;P2:;P3:,2 2 1 2 1 4 4 1 2 1 ,,P0:50;P1:75;P2:75;P3:75;,02:51
A2WY6HLF2YLSOF,noPathNoEx,2,6,1568952107452,0,Added cell 5-4-true,,P0:;P1:;P2:;P3:,2 2 2 1 4 4 1 2 1 ,,P0:45;P1:75;P2:75;P3:75;,02:37
A2WY6HLF2YLSOF,noPathNoEx,2,6,1568952108967,0,ChipRequest;From;1;Colour;5;ReqNrOfChips;1;Success;true,,P0:;P1:;P2:;P3:,2 2 2 1 4 4 1 2 1 ,,P0:45;P1:75;P2:75;P3:75;,02:35
A2WY6HLF2YLSOF,noPathNoEx,2,6,1568952110232,0,Added cell 4-4-false,4,P0:;P1:4;;P2:;P3:,2 2 2 1 4 4 1 2 1  , 5 ,P0:119;P1:75;P2:75;P3:75;,02:34
A2WY6HLF2YLSOF,noPathNoEx,2,6,1568952115638,0,Motivation: One request needed,4,P0:;P1:4;;P2:;P3:,2 2 2 1 4 4 1 2 1 , 5 ,P0:119;P1:75;P2:75;P3:75;,02:29
A2WY6HLF2YLSOF,noPathNoEx,2,6,1568952115638,0,Ending game,4,P0:;P1:4;;P2:;P3:,2 2 2 1 4 4 1 2 1 , 5 ,P0:119;P1:75;P2:75;P3:75;,02:29
A2WY6HLF2YLSOF,noPathNoEx,7,7,1568952116898,0,Starting new game,,P0:;P1:;P2:;P3:,3 4 1 2 4 2 2 5 2 1 4 5 1 3 2 ,,P0:75;P1:75;P2:75;P3:75;,02:29

A2WY6HLF2YLSOF,noPathNoEx,7,7,1568952130350,0,Added cell 1-8-true,,P0:;P1:;P2:;P3:,3 4 1 2 4 2 2 2 1 4 5 1 3 2 ,,P0:70;P1:75;P2:75;P3:75;,02:48
A2WY6HLF2YLSOF,noPathNoEx,7,7,1568952130622,0,Added cell 2-8-true,,P0:;P1:;P2:;P3:,3 4 2 4 2 2 2 1 4 5 1 3 2 ,,P0:65;P1:75;P2:75;P3:75;,02:48
A2WY6HLF2YLSOF,noPathNoEx,7,7,1568952130894,0,Added cell 3-8-true,,P0:;P1:;P2:;P3:,3 2 4 2 2 2 1 4 5 1 3 2 ,,P0:60;P1:75;P2:75;P3:75;,02:48
A2WY6HLF2YLSOF,noPathNoEx,7,7,1568952131309,0,Added cell 3-7-true,,P0:;P1:;P2:;P3:,3 2 2 2 2 1 4 5 1 3 2 ,,P0:55;P1:75;P2:75;P3:75;,02:47
A2WY6HLF2YLSOF,noPathNoEx,7,7,1568952131630,0,Added cell 4-7-true,,P0:;P1:;P2:;P3:,3 2 2 2 2 1 5 1 3 2 ,,P0:50;P1:75;P2:75;P3:75;,02:47
A2WY6HLF2YLSOF,noPathNoEx,7,7,1568952132021,0,Added cell 5-7-true,,P0:;P1:;P2:;P3:,3 2 2 2 1 5 1 3 2 ,,P0:45;P1:75;P2:75;P3:75;,02:46
A2WY6HLF2YLSOF,noPathNoEx,7,7,1568952135711,0,Added cell 6-7-true,,P0:;P1:;P2:;P3:,3 2 2 2 5 1 3 2 ,,P0:40;P1:75;P2:75;P3:75;,02:43
A2WY6HLF2YLSOF,noPathNoEx,7,7,1568952137780,0,Added cell 6-6-true,,P0:;P1:;P2:;P3:,2 2 2 5 1 3 2 ,,P0:35;P1:75;P2:75;P3:75;,02:41
A2WY6HLF2YLSOF,noPathNoEx,7,7,1568952143469,0,Removed cell 6-6-true,,P0:;P1:;P2:;P3:,2 2 2 5 1 3 2 3 ,,P0:40;P1:75;P2:75;P3:75;,02:35
A2WY6HLF2YLSOF,noPathNoEx,7,7,1568952143684,0,Removed cell 6-7-true,,P0:;P1:;P2:;P3:,2 2 2 5 1 3 2 3 1 ,,P0:45;P1:75;P2:75;P3:75;,02:35
A2WY6HLF2YLSOF,noPathNoEx,7,7,1568952143945,0,Removed cell 5-7-true,,P0:;P1:;P2:;P3:,2 2 2 5 1 3 2 3 1 2 ,,P0:50;P1:75;P2:75;P3:75;,02:34
A2WY6HLF2YLSOF,noPathNoEx,7,7,1568952144172,0,Removed cell 4-7-false,,P0:;P1:;P2:;P3:,2 2 2 5 1 3 2 3 1 2 4 ,,P0:55;P1:75;P2:75;P3:75;,02:34
A2WY6HLF2YLSOF,noPathNoEx,7,7,1568952144387,0,Removed cell 3-7-true,,P0:;P1:;P2:;P3:,2 2 2 5 1 3 2 3 1 2 4 4 ,,P0:60;P1:75;P2:75;P3:75;,02:34
A2WY6HLF2YLSOF,noPathNoEx,7,7,1568952144603,0,Removed cell 3-8-true,,P0:;P1:;P2:;P3:,2 2 2 5 1 3 2 3 1 2 4 4 4 ,,P0:65;P1:75;P2:75;P3:75;,02:34
A2WY6HLF2YLSOF,noPathNoEx,7,7,1568952144954,0,Removed cell 2-8-true,,P0:;P1:;P2:;P3:,2 2 2 5 1 3 2 3 1 2 4 4 4 1 ,,P0:70;P1:75;P2:75;P3:75;,02:33
A2WY6HLF2YLSOF,noPathNoEx,7,7,1568952145178,0,Removed cell 1-8-true,,P0:;P1:;P2:;P3:,2 2 2 5 1 3 2 3 1 2 4 4 4 1 5 ,,P0:75;P1:75;P2:75;P3:75;,02:33
A2WY6HLF2YLSOF,noPathNoEx,7,7,1568952145838,0,Motivation: Do nothing,,P0:;P1:;P2:;P3:,2 2 2 5 1 3 2 3 1 2 4 4 4 1 5 ,,P0:75;P1:75;P2:75;P3:75;,02:33
A2WY6HLF2YLSOF,noPathNoEx,7,7,1568952145838,0,Ending game,,P0:;P1:;P2:;P3:,2 2 2 5 1 3 2 3 1 2 4 4 4 1 5 ,,P0:75;P1:75;P2:75;P3:75;,02:33
A2WY6HLF2YLSOF,noPathNoEx,9,8,1568952146906,0,Starting new game,,P0:;P1:;P2:;P3:,5 4 3 3 5 4 5 4 3 2 2 1 5 2 2 ,,P0:75;P1:75;P2:75;P3:75;,02:33

A2WY6HLF2YLSOF,noPathNoEx,9,8,1568952150011,0,Added cell 8-8-true,,P0:;P1:;P2:;P3:,4 3 3 5 4 5 4 3 2 2 1 5 2 2 ,,P0:70;P1:75;P2:75;P3:75;,02:58
A2WY6HLF2YLSOF,noPathNoEx,9,8,1568952150251,0,Added cell 8-7-true,,P0:;P1:;P2:;P3:,3 3 5 4 5 4 3 2 2 1 5 2 2 ,,P0:65;P1:75;P2:75;P3:75;,02:58
A2WY6HLF2YLSOF,noPathNoEx,9,8,1568952150523,0,Added cell 8-6-true,,P0:;P1:;P2:;P3:,3 3 5 4 5 4 3 2 1 5 2 2 ,,P0:60;P1:75;P2:75;P3:75;,02:58
A2WY6HLF2YLSOF,noPathNoEx,9,8,1568952150794,0,Added cell 8-5-true,,P0:;P1:;P2:;P3:,3 3 5 4 5 4 3 1 5 2 2 ,,P0:55;P1:75;P2:75;P3:75;,02:58
A2WY6HLF2YLSOF,noPathNoEx,9,8,1568952151098,0,Added cell 8-4-true,,P0:;P1:;P2:;P3:,3 3 5 5 4 3 1 5 2 2 ,,P0:50;P1:75;P2:75;P3:75;,02:57
A2WY6HLF2YLSOF,noPathNoEx,9,8,1568952151729,0,Added cell 8-3-true,,P0:;P1:;P2:;P3:,3 3 5 5 3 1 5 2 2 ,,P0:45;P1:75;P2:75;P3:75;,02:57
A2WY6HLF2YLSOF,noPathNoEx,9,8,1568952152696,0,Added cell 7-3-true,,P0:;P1:;P2:;P3:,3 3 5 3 1 5 2 2 ,,P0:40;P1:75;P2:75;P3:75;,02:56
A2WY6HLF2YLSOF,noPathNoEx,9,8,1568952153622,0,Added cell 7-2-true,,P0:;P1:;P2:;P3:,3 3 3 1 5 2 2 ,,P0:35;P1:75;P2:75;P3:75;,02:55
A2WY6HLF2YLSOF,noPathNoEx,9,8,1568952155305,0,Added cell 6-2-true,,P0:;P1:;P2:;P3:,3 3 3 5 2 2 ,,P0:30;P1:75;P2:75;P3:75;,02:53
A2WY6HLF2YLSOF,noPathNoEx,9,8,1568952163294,0,ChipRequest;From;3;Colour;1;ReqNrOfChips;1;Success;true,,P0:;P1:;P2:;P3:,3 3 3 5 2 2 ,,P0:30;P1:75;P2:75;P3:75;,02:45
A2WY6HLF2YLSOF,noPathNoEx,9,8,1568952164288,0,Added cell 6-1-false,0,P0:;P1:;P2:;P3:0;,3 3 3 5 2 2  , 1 ,P0:-46;P1:75;P2:75;P3:75;,02:44
A2WY6HLF2YLSOF,noPathNoEx,9,8,1568952164904,0,Added cell 6-0-true,0,P0:;P1:;P2:;P3:0;,3 3 3 5 2  , 1 ,P0:99;P1:75;P2:75;P3:75;,02:44
A2WY6HLF2YLSOF,noPathNoEx,9,8,1568952171004,0,Motivation: One request,0,P0:;P1:;P2:;P3:0;,3 3 3 5 2 , 1 ,P0:99;P1:75;P2:75;P3:75;,02:37
A2WY6HLF2YLSOF,noPathNoEx,9,8,1568952171004,0,Ending game,0,P0:;P1:;P2:;P3:0;,3 3 3 5 2 , 1 ,P0:99;P1:75;P2:75;P3:75;,02:37
A2WY6HLF2YLSOF,noPathNoEx,6,9,1568952172190,0,Starting new game,,P0:;P1:;P2:;P3:,2 5 5 4 5 1 5 4 4 3 4 4 4 5 4 ,,P0:75;P1:75;P2:75;P3:75;,02:37

A2WY6HLF2YLSOF,noPathNoEx,6,9,1568952185660,0,Added cell 4-6-true,,P0:;P1:;P2:;P3:,2 5 5 4 5 1 5 4 4 4 4 4 5 4 ,,P0:70;P1:75;P2:75;P3:75;,02:48
A2WY6HLF2YLSOF,noPathNoEx,6,9,1568952186043,0,Added cell 5-6-true,,P0:;P1:;P2:;P3:,2 5 5 5 1 5 4 4 4 4 4 5 4 ,,P0:65;P1:75;P2:75;P3:75;,02:48
A2WY6HLF2YLSOF,noPathNoEx,6,9,1568952186546,0,Added cell 5-5-true,,P0:;P1:;P2:;P3:,2 5 5 5 1 5 4 4 4 4 5 4 ,,P0:60;P1:75;P2:75;P3:75;,02:47
A2WY6HLF2YLSOF,noPathNoEx,6,9,1568952188511,0,Added cell 5-4-true,,P0:;P1:;P2:;P3:,2 5 5 5 5 4 4 4 4 5 4 ,,P0:55;P1:75;P2:75;P3:75;,02:45
A2WY6HLF2YLSOF,noPathNoEx,6,9,1568952188919,0,Added cell 6-4-true,,P0:;P1:;P2:;P3:,5 5 5 5 4 4 4 4 5 4 ,,P0:50;P1:75;P2:75;P3:75;,02:45
A2WY6HLF2YLSOF,noPathNoEx,6,9,1568952191747,0,Removed cell 6-4-false,,P0:;P1:;P2:;P3:,5 5 5 5 4 4 4 4 5 4 2 ,,P0:55;P1:75;P2:75;P3:75;,02:42
A2WY6HLF2YLSOF,noPathNoEx,6,9,1568952206909,0,Removed cell 5-4-false,,P0:;P1:;P2:;P3:,5 5 5 5 4 4 4 4 5 4 2 1 ,,P0:60;P1:75;P2:75;P3:75;,02:27
A2WY6HLF2YLSOF,noPathNoEx,6,9,1568952207766,0,Removed cell 4-6-false,,P0:;P1:;P2:;P3:,5 5 5 5 4 4 4 4 5 4 2 1 3 ,,P0:65;P1:75;P2:75;P3:75;,02:26
A2WY6HLF2YLSOF,noPathNoEx,6,9,1568952208012,0,Removed cell 5-6-true,,P0:;P1:;P2:;P3:,5 5 5 5 4 4 4 4 5 4 2 1 3 4 ,,P0:70;P1:75;P2:75;P3:75;,02:26
A2WY6HLF2YLSOF,noPathNoEx,6,9,1568952208331,0,Removed cell 5-5-true,,P0:;P1:;P2:;P3:,5 5 5 5 4 4 4 4 5 4 2 1 3 4 4 ,,P0:75;P1:75;P2:75;P3:75;,02:25
A2WY6HLF2YLSOF,noPathNoEx,6,9,1568952208651,0,Added cell 3-5-true,,P0:;P1:;P2:;P3:,5 5 5 5 4 4 4 4 5 4 1 3 4 4 ,,P0:70;P1:75;P2:75;P3:75;,02:25
A2WY6HLF2YLSOF,noPathNoEx,6,9,1568952208946,0,Added cell 3-4-true,,P0:;P1:;P2:;P3:,5 5 5 5 4 4 4 5 4 1 3 4 4 ,,P0:65;P1:75;P2:75;P3:75;,02:25
A2WY6HLF2YLSOF,noPathNoEx,6,9,1568952209195,0,Added cell 3-3-true,,P0:;P1:;P2:;P3:,5 5 5 5 4 4 4 5 4 1 4 4 ,,P0:60;P1:75;P2:75;P3:75;,02:25
A2WY6HLF2YLSOF,noPathNoEx,6,9,1568952209529,0,Added cell 4-3-true,,P0:;P1:;P2:;P3:,5 5 5 5 4 4 4 5 4 4 4 ,,P0:55;P1:75;P2:75;P3:75;,02:24
A2WY6HLF2YLSOF,noPathNoEx,6,9,1568952211686,0,Removed cell 3-3-false,,P0:;P1:;P2:;P3:,5 5 5 5 4 4 4 5 4 4 4 3 ,,P0:60;P1:75;P2:75;P3:75;,02:22
A2WY6HLF2YLSOF,noPathNoEx,6,9,1568952212199,0,Removed cell 3-5-false,,P0:;P1:;P2:;P3:,5 5 5 5 4 4 4 5 4 4 4 3 2 ,,P0:65;P1:75;P2:75;P3:75;,02:21
A2WY6HLF2YLSOF,noPathNoEx,6,9,1568952212581,0,Removed cell 4-3-false,,P0:;P1:;P2:;P3:,5 5 5 5 4 4 4 5 4 4 4 3 2 1 ,,P0:70;P1:75;P2:75;P3:75;,02:21
A2WY6HLF2YLSOF,noPathNoEx,6,9,1568952212956,0,Removed cell 3-4-true,,P0:;P1:;P2:;P3:,5 5 5 5 4 4 4 5 4 4 4 3 2 1 4 ,,P0:75;P1:75;P2:75;P3:75;,02:21
A2WY6HLF2YLSOF,noPathNoEx,6,9,1568952213508,0,Added cell 4-6-true,,P0:;P1:;P2:;P3:,5 5 5 5 4 4 4 5 4 4 4 2 1 4 ,,P0:70;P1:75;P2:75;P3:75;,02:20
A2WY6HLF2YLSOF,noPathNoEx,6,9,1568952213827,0,Added cell 5-6-true,,P0:;P1:;P2:;P3:,5 5 5 5 4 4 5 4 4 4 2 1 4 ,,P0:65;P1:75;P2:75;P3:75;,02:20
A2WY6HLF2YLSOF,noPathNoEx,6,9,1568952214106,0,Added cell 5-5-true,,P0:;P1:;P2:;P3:,5 5 5 5 4 5 4 4 4 2 1 4 ,,P0:60;P1:75;P2:75;P3:75;,02:20
A2WY6HLF2YLSOF,noPathNoEx,6,9,1568952214411,0,Added cell 5-4-true,,P0:;P1:;P2:;P3:,5 5 5 5 4 5 4 4 4 2 4 ,,P0:55;P1:75;P2:75;P3:75;,02:19
A2WY6HLF2YLSOF,noPathNoEx,6,9,1568952217909,0,Added cell 6-4-true,,P0:;P1:;P2:;P3:,5 5 5 5 4 5 4 4 4 4 ,,P0:50;P1:75;P2:75;P3:75;,02:16
A2WY6HLF2YLSOF,noPathNoEx,6,9,1568952225398,0,ChipRequest;From;1;Colour;1;ReqNrOfChips;1;Success;true,,P0:;P1:;P2:;P3:,5 5 5 5 4 5 4 4 4 4 ,,P0:50;P1:75;P2:75;P3:75;,02:08
A2WY6HLF2YLSOF,noPathNoEx,6,9,1568952226386,0,Added cell 6-3-false,0,P0:;P1:0;;P2:;P3:,5 5 5 5 4 5 4 4 4 4  , 1 ,P0:-26;P1:75;P2:75;P3:75;,02:07
A2WY6HLF2YLSOF,noPathNoEx,6,9,1568952230994,0,Removed cell 6-3-false,0,P0:;P1:0;;P2:;P3:,5 5 5 5 4 5 4 4 4 4  1 , 1 ,P0:-21;P1:75;P2:75;P3:75;,02:03
A2WY6HLF2YLSOF,noPathNoEx,6,9,1568952231627,0,Added cell 6-3-false,0,P0:;P1:0;;P2:;P3:,5 5 5 5 4 5 4 4 4 4  , 1 ,P0:-26;P1:75;P2:75;P3:75;,02:02
A2WY6HLF2YLSOF,noPathNoEx,6,9,1568952232256,0,Removed cell 6-3-false,0,P0:;P1:0;;P2:;P3:,5 5 5 5 4 5 4 4 4 4  1 , 1 ,P0:-21;P1:75;P2:75;P3:75;,02:01
A2WY6HLF2YLSOF,noPathNoEx,6,9,1568952234509,0,Added cell 6-3-false,0,P0:;P1:0;;P2:;P3:,5 5 5 5 4 5 4 4 4 4  , 1 ,P0:-26;P1:75;P2:75;P3:75;,01:59
A2WY6HLF2YLSOF,noPathNoEx,6,9,1568952235868,0,Removed cell 6-3-false,0,P0:;P1:0;;P2:;P3:,5 5 5 5 4 5 4 4 4 4  1 , 1 ,P0:-21;P1:75;P2:75;P3:75;,01:58
A2WY6HLF2YLSOF,noPathNoEx,6,9,1568952236180,0,Removed cell 6-4-false,0,P0:;P1:0;;P2:;P3:,5 5 5 5 4 5 4 4 4 4 1 2 , 1 ,P0:-16;P1:75;P2:75;P3:75;,01:58
A2WY6HLF2YLSOF,noPathNoEx,6,9,1568952236515,0,Removed cell 5-4-true,0,P0:;P1:0;;P2:;P3:,5 5 5 5 4 5 4 4 4 4 1 2 1 , 1 ,P0:-11;P1:75;P2:75;P3:75;,01:57
A2WY6HLF2YLSOF,noPathNoEx,6,9,1568952237504,0,Removed cell 4-6-false,0,P0:;P1:0;;P2:;P3:,5 5 5 5 4 5 4 4 4 4 1 2 1 3 , 1 ,P0:-6;P1:75;P2:75;P3:75;,01:56
A2WY6HLF2YLSOF,noPathNoEx,6,9,1568952237745,0,Removed cell 5-6-true,0,P0:;P1:0;;P2:;P3:,5 5 5 5 4 5 4 4 4 4 1 2 1 3 4 , 1 ,P0:-1;P1:75;P2:75;P3:75;,01:56
A2WY6HLF2YLSOF,noPathNoEx,6,9,1568952238089,0,Removed cell 5-5-true,0,P0:;P1:0;;P2:;P3:,5 5 5 5 4 5 4 4 4 4 1 2 1 3 4 4 , 1 ,P0:4;P1:75;P2:75;P3:75;,01:56
A2WY6HLF2YLSOF,noPathNoEx,6,9,1568952239028,0,ChipRequest min:;From;1;Colour;0;ReqNrOfChips;0;Success;1,0,P0:;P1:0;;P2:;P3:,5 5 5 5 4 5 4 4 4 4 2 1 3 4 4 , ,P0:4;P1:75;P2:75;P3:75;,01:55
A2WY6HLF2YLSOF,noPathNoEx,6,9,1568952245264,0,Added cell 4-6-true,,P0:;P1:;P2:;P3:,5 5 5 5 4 5 4 4 4 4 2 1 4 4 , ,P0:70;P1:75;P2:75;P3:75;,01:48
A2WY6HLF2YLSOF,noPathNoEx,6,9,1568952245878,0,Added cell 5-6-true,,P0:;P1:;P2:;P3:,5 5 5 5 5 4 4 4 4 2 1 4 4 , ,P0:65;P1:75;P2:75;P3:75;,01:48
A2WY6HLF2YLSOF,noPathNoEx,6,9,1568952246557,0,Added cell 6-6-true,,P0:;P1:;P2:;P3:,5 5 5 5 5 4 4 4 4 1 4 4 , ,P0:60;P1:75;P2:75;P3:75;,01:47
A2WY6HLF2YLSOF,noPathNoEx,6,9,1568952247093,0,Added cell 6-7-true,,P0:;P1:;P2:;P3:,5 5 5 5 5 4 4 4 1 4 4 , ,P0:55;P1:75;P2:75;P3:75;,01:47
A2WY6HLF2YLSOF,noPathNoEx,6,9,1568952250720,0,Added cell 7-7-true,,P0:;P1:;P2:;P3:,5 5 5 5 5 4 4 4 4 4 , ,P0:50;P1:75;P2:75;P3:75;,01:43
A2WY6HLF2YLSOF,noPathNoEx,6,9,1568952259796,0,Removed cell 7-7-false,,P0:;P1:;P2:;P3:,5 5 5 5 5 4 4 4 4 4 1 , ,P0:55;P1:75;P2:75;P3:75;,01:34
A2WY6HLF2YLSOF,noPathNoEx,6,9,1568952260156,0,Removed cell 6-7-true,,P0:;P1:;P2:;P3:,5 5 5 5 5 4 4 4 4 4 1 4 , ,P0:60;P1:75;P2:75;P3:75;,01:34
A2WY6HLF2YLSOF,noPathNoEx,6,9,1568952260459,0,Removed cell 6-6-false,,P0:;P1:;P2:;P3:,5 5 5 5 5 4 4 4 4 4 1 4 2 , ,P0:65;P1:75;P2:75;P3:75;,01:33
A2WY6HLF2YLSOF,noPathNoEx,6,9,1568952260731,0,Removed cell 5-6-true,,P0:;P1:;P2:;P3:,5 5 5 5 5 4 4 4 4 4 1 4 2 4 , ,P0:70;P1:75;P2:75;P3:75;,01:33
A2WY6HLF2YLSOF,noPathNoEx,6,9,1568952261066,0,Removed cell 4-6-false,,P0:;P1:;P2:;P3:,5 5 5 5 5 4 4 4 4 4 1 4 2 4 3 , ,P0:75;P1:75;P2:75;P3:75;,01:33
A2WY6HLF2YLSOF,noPathNoEx,6,9,1568952264872,0,Motivation: Do nothing,,P0:;P1:;P2:;P3:,5 5 5 5 5 4 4 4 4 4 1 4 2 4 3 , ,P0:75;P1:75;P2:75;P3:75;,01:29
A2WY6HLF2YLSOF,noPathNoEx,6,9,1568952264872,0,Ending game,,P0:;P1:;P2:;P3:,5 5 5 5 5 4 4 4 4 4 1 4 2 4 3 , ,P0:75;P1:75;P2:75;P3:75;,01:29

