AUFUUD4WG9CVO,InstructionQuestions,1,1,1,1,1,1,1,1,1,1

AUFUUD4WG9CVO,2,1,0,1568951479299,0,Read score file,,P0:;P1:;P2:;P3:;P4:;P5:,-,,,undefined:undefined
AUFUUD4WG9CVO,2,1,0,1568951849826,0,Read new file,,P0:;P1:;P2:;P3:;P4:;P5:,-,,,undefined:undefined
AUFUUD4WG9CVO,2,1,0,1568951849943,0,Starting new game,3 0,P0:;P1:3;;P2:0;,3 3 3 3 3 3 3 3 3,1 4 ,P0:43;P1:180.0;P2:180.0;,undefined:undefined
AUFUUD4WG9CVO,2,1,0,1568951864349,0,Clear path,,P0:;P1:;P2:,3 3 3 3 3 3 3 3 3 3,,P0:50;P1:180.0;P2:180.0;,03:47
AUFUUD4WG9CVO,2,1,0,1568951867397,0,Added cell 1-0-true,,P0:;P1:;P2:,3 3 3 3 3 3 3 3 3 ,,P0:45;P1:180.0;P2:180.0;,03:44
AUFUUD4WG9CVO,2,1,0,1568951868134,0,Denied adding cell 2-0-false,,P0:;P1:;P2:,3 3 3 3 3 3 3 3 3 ,,P0:45;P1:180.0;P2:180.0;,03:43
AUFUUD4WG9CVO,2,1,0,1568951886731,0,ChipRequest;From;2;Colour;1;ReqNrOfChips;1;Success;true,,P0:;P1:;P2:,3 3 3 3 3 3 3 3 3 ,,P0:45;P1:180.0;P2:180.0;,03:25
AUFUUD4WG9CVO,2,1,0,1568951887842,0,ChipRequest;From;1;Colour;4;ReqNrOfChips;1;Success;true,0,P0:;P1:;P2:0;,3 3 3 3 3 3 3 3 3 1 , 1 ,P0:-26;P1:180.0;P2:180.0;,03:24
AUFUUD4WG9CVO,2,1,0,1568951889092,0,Added cell 2-0-false,3 0,P0:;P1:3;;P2:0;,3 3 3 3 3 3 3 3 3 1  , 1 4 ,P0:-102;P1:180.0;P2:180.0;,03:22
AUFUUD4WG9CVO,2,1,0,1568951889533,0,Added cell 3-0-false,3 0,P0:;P1:3;;P2:0;,3 3 3 3 3 3 3 3 3  , 1 4 ,P0:43;P1:180.0;P2:180.0;,03:22
AUFUUD4WG9CVO,2,1,0,1568951890812,0,Removed cell 1-0-true,3 0,P0:;P1:3;;P2:0;,3 3 3 3 3 3 3 3 3  3 , 1 4 ,P0:-102;P1:180.0;P2:180.0;,03:21
AUFUUD4WG9CVO,2,1,0,1568951891148,0,Removed cell 2-0-false,3 0,P0:;P1:3;;P2:0;,3 3 3 3 3 3 3 3 3 3 4 , 1 4 ,P0:-97;P1:180.0;P2:180.0;,03:20
AUFUUD4WG9CVO,2,1,0,1568951891476,0,Removed cell 3-0-false,3 0,P0:;P1:3;;P2:0;,3 3 3 3 3 3 3 3 3 3 4 1 , 1 4 ,P0:-92;P1:180.0;P2:180.0;,03:20
AUFUUD4WG9CVO,2,1,0,1568951897379,0,ChipRequest min:;From;1;Colour;3;ReqNrOfChips;0;Success;1,3 0,P0:;P1:3;;P2:0;,3 3 3 3 3 3 3 3 3 3 1 , 1 ,P0:-92;P1:180.0;P2:180.0;,03:14
AUFUUD4WG9CVO,2,1,0,1568951898138,0,ChipRequest min:;From;2;Colour;0;ReqNrOfChips;0;Success;1,0,P0:;P1:;P2:0;,3 3 3 3 3 3 3 3 3 3 , ,P0:-21;P1:180.0;P2:180.0;,03:13
AUFUUD4WG9CVO,2,1,0,1568951913802,0,Motivation: I get more points for doing nothing,,P0:;P1:;P2:,3 3 3 3 3 3 3 3 3 3 , ,P0:50;P1:180.0;P2:180.0;,02:58
AUFUUD4WG9CVO,2,1,0,1568951913803,0,Ending game,,P0:;P1:;P2:,3 3 3 3 3 3 3 3 3 3 , ,P0:50;P1:180.0;P2:180.0;,02:58
AUFUUD4WG9CVO,2,8,1,1568951915522,0,Starting new game,0 2,P0:;P1:0;;P2:2;,2 2 2 2 2 4 4 4 4 4,1 3 ,P0:48;P1:195.0;P2:180.0;,02:58

AUFUUD4WG9CVO,2,8,1,1568951928436,0,Removed cell 1-1-false,0 2,P0:;P1:0;;P2:2;,2 2 2 2 2 4 4 4 4 4 3 ,1 3 ,P0:-97;P1:195.0;P2:180.0;,03:49
AUFUUD4WG9CVO,2,8,1,1568951929027,0,Removed cell 2-1-false,0 2,P0:;P1:0;;P2:2;,2 2 2 2 2 4 4 4 4 4 3 1 ,1 3 ,P0:-92;P1:195.0;P2:180.0;,03:48
AUFUUD4WG9CVO,2,8,1,1568951931948,0,Clear path,,P0:;P1:;P2:,4 2 2 2 4 4 4 2 2 4,,P0:50;P1:195.0;P2:180.0;,03:45
AUFUUD4WG9CVO,2,8,1,1568951950345,0,Motivation: I get more points for doing nothing,,P0:;P1:;P2:,4 2 2 2 4 4 4 2 2 4,,P0:50;P1:195.0;P2:180.0;,03:27
AUFUUD4WG9CVO,2,8,1,1568951950345,0,Ending game,,P0:;P1:;P2:,4 2 2 2 4 4 4 2 2 4,,P0:50;P1:195.0;P2:180.0;,03:27
AUFUUD4WG9CVO,2,7,2,1568951951664,0,Starting new game,3,P0:;P1:3;;P2:,1 3 3 3 2 2 2,4,P0:109;P1:185.0;P2:109.0;,03:27

AUFUUD4WG9CVO,2,7,2,1568951971300,0,Removed cell 2-3-false,3,P0:;P1:3;;P2:,1 3 3 3 2 2 2 4 ,4,P0:-36;P1:185.0;P2:109.0;,03:42
AUFUUD4WG9CVO,2,7,2,1568951971804,0,Added cell 2-3-false,3,P0:;P1:3;;P2:,1 3 3 3 2 2 2 ,4,P0:109;P1:185.0;P2:109.0;,03:41
AUFUUD4WG9CVO,2,7,2,1568951975015,0,ChipRequest min:;From;1;Colour;3;ReqNrOfChips;0;Success;0,3,P0:;P1:3;;P2:,1 3 3 3 2 2 2 ,4 ,P0:109;P1:185.0;P2:109.0;,03:38
AUFUUD4WG9CVO,2,7,2,1568951979044,0,Removed cell 2-3-false,3,P0:;P1:3;;P2:,1 3 3 3 2 2 2 4 ,4 ,P0:-36;P1:185.0;P2:109.0;,03:34
AUFUUD4WG9CVO,2,7,2,1568951980154,0,ChipRequest min:;From;1;Colour;3;ReqNrOfChips;0;Success;1,3,P0:;P1:3;;P2:,1 3 3 3 2 2 2 ,,P0:-36;P1:185.0;P2:109.0;,03:33
AUFUUD4WG9CVO,2,7,2,1568951983135,0,Denied adding cell 2-3-false,,P0:;P1:;P2:,1 3 3 3 2 2 2 ,,P0:35;P1:185.0;P2:109.0;,03:30
AUFUUD4WG9CVO,2,7,2,1568951987450,0,ChipRequest;From;1;Colour;4;ReqNrOfChips;1;Success;true,,P0:;P1:;P2:,1 3 3 3 2 2 2 ,,P0:35;P1:185.0;P2:109.0;,03:26
AUFUUD4WG9CVO,2,7,2,1568951988124,0,Added cell 2-3-false,3,P0:;P1:3;;P2:,1 3 3 3 2 2 2  , 4 ,P0:109;P1:185.0;P2:109.0;,03:25
AUFUUD4WG9CVO,2,7,2,1568952007562,0,Motivation: I agree with the robot,3,P0:;P1:3;;P2:,1 3 3 3 2 2 2 , 4 ,P0:109;P1:185.0;P2:109.0;,03:06
AUFUUD4WG9CVO,2,7,2,1568952007562,0,Ending game,3,P0:;P1:3;;P2:,1 3 3 3 2 2 2 , 4 ,P0:109;P1:185.0;P2:109.0;,03:06
AUFUUD4WG9CVO,2,7,2,1568952007567,0,wrong answer told to try again,3,P0:;P1:3;;P2:,1 3 3 3 2 2 2 , 4 ,P0:109;P1:185.0;P2:109.0;,03:06
AUFUUD4WG9CVO,2,7,2,1568952014727,0,ChipRequest min:;From;1;Colour;3;ReqNrOfChips;0;Success;0,3,P0:;P1:3;;P2:,1 3 3 3 2 2 2 , 4 ,P0:109;P1:185.0;P2:109.0;,02:58
AUFUUD4WG9CVO,2,7,2,1568952016157,0,Removed cell 2-3-false,3,P0:;P1:3;;P2:,1 3 3 3 2 2 2 4 , 4 ,P0:-36;P1:185.0;P2:109.0;,02:57
AUFUUD4WG9CVO,2,7,2,1568952017515,0,ChipRequest min:;From;1;Colour;3;ReqNrOfChips;0;Success;1,3,P0:;P1:3;;P2:,1 3 3 3 2 2 2 , ,P0:-36;P1:185.0;P2:109.0;,02:56
AUFUUD4WG9CVO,2,7,2,1568952018901,0,Removed cell 2-2-true,,P0:;P1:;P2:,1 3 3 3 2 2 2 3 , ,P0:40;P1:185.0;P2:109.0;,02:54
AUFUUD4WG9CVO,2,7,2,1568952021453,0,Removed cell 1-2-true,,P0:;P1:;P2:,1 3 3 3 2 2 2 3 1 , ,P0:45;P1:185.0;P2:109.0;,02:52
AUFUUD4WG9CVO,2,7,2,1568952023261,0,Added cell 1-2-true,,P0:;P1:;P2:,3 3 3 2 2 2 3 1 , ,P0:40;P1:185.0;P2:109.0;,02:50
AUFUUD4WG9CVO,2,7,2,1568952023557,0,Added cell 2-2-true,,P0:;P1:;P2:,3 3 2 2 2 3 1 , ,P0:35;P1:185.0;P2:109.0;,02:50
AUFUUD4WG9CVO,2,7,2,1568952024108,0,Added cell 3-2-true,,P0:;P1:;P2:,3 3 2 2 3 1 , ,P0:30;P1:185.0;P2:109.0;,02:49
AUFUUD4WG9CVO,2,7,2,1568952024469,0,Added cell 3-3-true,,P0:;P1:;P2:,3 2 2 3 1 , ,P0:25;P1:185.0;P2:109.0;,02:49
AUFUUD4WG9CVO,2,7,2,1568952024868,0,Added cell 3-4-true,,P0:;P1:;P2:,3 2 2 3 , ,P0:170;P1:185.0;P2:109.0;,02:48
AUFUUD4WG9CVO,2,7,2,1568952040769,0,Motivation: This is the best path,,P0:;P1:;P2:,3 2 2 3 , ,P0:170;P1:185.0;P2:109.0;,02:32
AUFUUD4WG9CVO,2,7,2,1568952040770,0,Ending game,,P0:;P1:;P2:,3 2 2 3 , ,P0:170;P1:185.0;P2:109.0;,02:32
AUFUUD4WG9CVO,2,3,3,1568952042202,0,Starting new game,0,P0:;P1:0;;P2:,3 3 2 2 4 4,1,P0:104;P1:185.0;P2:190.0;,02:32

AUFUUD4WG9CVO,2,3,3,1568952051398,0,ChipRequest min:;From;1;Colour;0;ReqNrOfChips;0;Success;0,0,P0:;P1:0;;P2:,3 3 2 2 4 4,1 ,P0:104;P1:185.0;P2:190.0;,03:52
AUFUUD4WG9CVO,2,3,3,1568952052845,0,Removed cell 3-2-false,0,P0:;P1:0;;P2:,3 3 2 2 4 4 1 ,1 ,P0:-41;P1:185.0;P2:190.0;,03:51
AUFUUD4WG9CVO,2,3,3,1568952054305,0,ChipRequest min:;From;1;Colour;0;ReqNrOfChips;0;Success;1,0,P0:;P1:0;;P2:,3 3 2 2 4 4 ,,P0:-41;P1:185.0;P2:190.0;,03:49
AUFUUD4WG9CVO,2,3,3,1568952054422,0,ChipRequest min:;From;1;Colour;0;ReqNrOfChips;-1;Success;0,,P0:;P1:;P2:,3 3 2 2 4 4 , ,P0:30;P1:185.0;P2:190.0;,03:49
AUFUUD4WG9CVO,2,3,3,1568952056677,0,Added cell 2-1-true,,P0:;P1:;P2:,3 3 2 4 4 , ,P0:25;P1:185.0;P2:190.0;,03:47
AUFUUD4WG9CVO,2,3,3,1568952057036,0,Added cell 3-1-true,,P0:;P1:;P2:,3 3 4 4 , ,P0:20;P1:185.0;P2:190.0;,03:47
AUFUUD4WG9CVO,2,3,3,1568952058132,0,Added cell 4-1-true,,P0:;P1:;P2:,3 3 4 , ,P0:165;P1:185.0;P2:190.0;,03:46
AUFUUD4WG9CVO,2,3,3,1568952071265,0,Motivation: This should be the best path,,P0:;P1:;P2:,3 3 4 , ,P0:165;P1:185.0;P2:190.0;,03:32
AUFUUD4WG9CVO,2,3,3,1568952071265,0,Ending game,,P0:;P1:;P2:,3 3 4 , ,P0:165;P1:185.0;P2:190.0;,03:32
AUFUUD4WG9CVO,2,2,4,1568952072494,0,Starting new game,2,P0:;P1:;P2:2;,2 2 2 2 2 1 1,3,P0:109;P1:119.0;P2:114.0;,03:32

AUFUUD4WG9CVO,2,2,4,1568952100130,0,Motivation: I agree with the robot,2,P0:;P1:;P2:2;,2 2 2 2 2 1 1,3,P0:109;P1:119.0;P2:114.0;,03:34
AUFUUD4WG9CVO,2,2,4,1568952100130,0,Ending game,2,P0:;P1:;P2:2;,2 2 2 2 2 1 1,3,P0:109;P1:119.0;P2:114.0;,03:34
AUFUUD4WG9CVO,2,2,4,1568952100134,0,wrong answer told to try again,2,P0:;P1:;P2:2;,2 2 2 2 2 1 1,3,P0:109;P1:119.0;P2:114.0;,03:34
AUFUUD4WG9CVO,2,2,4,1568952109268,0,Removed cell 1-1-false,2,P0:;P1:;P2:2;,2 2 2 2 2 1 1 3 ,3,P0:-36;P1:119.0;P2:114.0;,03:25
AUFUUD4WG9CVO,2,2,4,1568952111114,0,ChipRequest min:;From;2;Colour;2;ReqNrOfChips;0;Success;1,2,P0:;P1:;P2:2;,2 2 2 2 2 1 1 ,,P0:-36;P1:119.0;P2:114.0;,03:23
AUFUUD4WG9CVO,2,2,4,1568952112252,0,Removed cell 1-3-false,,P0:;P1:;P2:,2 2 2 2 2 1 1 3 ,,P0:40;P1:119.0;P2:114.0;,03:22
AUFUUD4WG9CVO,2,2,4,1568952112700,0,Removed cell 2-3-false,,P0:;P1:;P2:,2 2 2 2 2 1 1 3 4 ,,P0:45;P1:119.0;P2:114.0;,03:21
AUFUUD4WG9CVO,2,2,4,1568952113100,0,Removed cell 1-2-true,,P0:;P1:;P2:,2 2 2 2 2 1 1 3 4 4 ,,P0:50;P1:119.0;P2:114.0;,03:21
AUFUUD4WG9CVO,2,2,4,1568952125037,0,Added cell 2-3-true,,P0:;P1:;P2:,2 2 2 2 2 1 1 3 4 ,,P0:45;P1:119.0;P2:114.0;,03:09
AUFUUD4WG9CVO,2,2,4,1568952125364,0,Added cell 1-3-true,,P0:;P1:;P2:,2 2 2 2 2 1 1 4 ,,P0:40;P1:119.0;P2:114.0;,03:09
AUFUUD4WG9CVO,2,2,4,1568952125628,0,Added cell 1-2-true,,P0:;P1:;P2:,2 2 2 2 2 1 1 ,,P0:35;P1:119.0;P2:114.0;,03:08
AUFUUD4WG9CVO,2,2,4,1568952125716,0,Removed cell 1-2-false,,P0:;P1:;P2:,2 2 2 2 2 1 1 4 ,,P0:40;P1:119.0;P2:114.0;,03:08
AUFUUD4WG9CVO,2,2,4,1568952126396,0,Added cell 1-2-true,,P0:;P1:;P2:,2 2 2 2 2 1 1 ,,P0:35;P1:119.0;P2:114.0;,03:08
AUFUUD4WG9CVO,2,2,4,1568952126686,0,Denied adding cell 1-1-false,,P0:;P1:;P2:,2 2 2 2 2 1 1 ,,P0:35;P1:119.0;P2:114.0;,03:07
AUFUUD4WG9CVO,2,2,4,1568952130773,0,Removed cell 1-2-false,,P0:;P1:;P2:,2 2 2 2 2 1 1 4 ,,P0:40;P1:119.0;P2:114.0;,03:03
AUFUUD4WG9CVO,2,2,4,1568952131125,0,Removed cell 1-3-false,,P0:;P1:;P2:,2 2 2 2 2 1 1 4 3 ,,P0:45;P1:119.0;P2:114.0;,03:03
AUFUUD4WG9CVO,2,2,4,1568952131548,0,Removed cell 2-3-true,,P0:;P1:;P2:,2 2 2 2 2 1 1 4 3 4 ,,P0:50;P1:119.0;P2:114.0;,03:02
AUFUUD4WG9CVO,2,2,4,1568952135130,0,Motivation: Doing nothing should be best,,P0:;P1:;P2:,2 2 2 2 2 1 1 4 3 4 ,,P0:50;P1:119.0;P2:114.0;,02:59
AUFUUD4WG9CVO,2,2,4,1568952135130,0,Ending game,,P0:;P1:;P2:,2 2 2 2 2 1 1 4 3 4 ,,P0:50;P1:119.0;P2:114.0;,02:59
AUFUUD4WG9CVO,2,4,5,1568952137741,0,Starting new game,1,P0:;P1:;P2:1;,4 4 4 1 1 1 3 3,2,P0:114;P1:190.0;P2:185.0;,02:59

AUFUUD4WG9CVO,2,4,5,1568952150261,0,Removed cell 3-2-false,1,P0:;P1:;P2:1;,4 4 4 1 1 1 3 3 2 ,2,P0:-31;P1:190.0;P2:185.0;,03:49
AUFUUD4WG9CVO,2,4,5,1568952151562,0,ChipRequest min:;From;2;Colour;1;ReqNrOfChips;0;Success;1,1,P0:;P1:;P2:1;,4 4 4 1 1 1 3 3 ,,P0:-31;P1:190.0;P2:185.0;,03:48
AUFUUD4WG9CVO,2,4,5,1568952152778,0,Denied adding cell 3-2-false,,P0:;P1:;P2:,4 4 4 1 1 1 3 3 ,,P0:40;P1:190.0;P2:185.0;,03:46
AUFUUD4WG9CVO,2,4,5,1568952154570,0,ChipRequest;From;2;Colour;2;ReqNrOfChips;1;Success;true,,P0:;P1:;P2:,4 4 4 1 1 1 3 3 ,,P0:40;P1:190.0;P2:185.0;,03:45
AUFUUD4WG9CVO,2,4,5,1568952155317,0,Added cell 3-2-false,1,P0:;P1:;P2:1;,4 4 4 1 1 1 3 3  , 2 ,P0:114;P1:190.0;P2:185.0;,03:44
AUFUUD4WG9CVO,2,4,5,1568952156124,0,Removed cell 3-2-false,1,P0:;P1:;P2:1;,4 4 4 1 1 1 3 3  2 , 2 ,P0:-31;P1:190.0;P2:185.0;,03:43
AUFUUD4WG9CVO,2,4,5,1568952156986,0,ChipRequest min:;From;2;Colour;1;ReqNrOfChips;0;Success;1,1,P0:;P1:;P2:1;,4 4 4 1 1 1 3 3 , ,P0:-31;P1:190.0;P2:185.0;,03:42
AUFUUD4WG9CVO,2,4,5,1568952157605,0,Added cell 4-1-true,,P0:;P1:;P2:,4 4 1 1 1 3 3 , ,P0:35;P1:190.0;P2:185.0;,03:42
AUFUUD4WG9CVO,2,4,5,1568952157902,0,Added cell 3-1-true,,P0:;P1:;P2:,4 4 1 1 3 3 , ,P0:30;P1:190.0;P2:185.0;,03:41
AUFUUD4WG9CVO,2,4,5,1568952159085,0,Removed cell 3-1-true,,P0:;P1:;P2:,4 4 1 1 3 3 1 , ,P0:35;P1:190.0;P2:185.0;,03:40
AUFUUD4WG9CVO,2,4,5,1568952159428,0,Removed cell 4-1-true,,P0:;P1:;P2:,4 4 1 1 3 3 1 4 , ,P0:40;P1:190.0;P2:185.0;,03:40
AUFUUD4WG9CVO,2,4,5,1568952159798,0,Denied adding cell 3-2-false,,P0:;P1:;P2:,4 4 1 1 3 3 1 4 , ,P0:40;P1:190.0;P2:185.0;,03:39
AUFUUD4WG9CVO,2,4,5,1568952161594,0,ChipRequest;From;2;Colour;2;ReqNrOfChips;1;Success;true,,P0:;P1:;P2:,4 4 1 1 3 3 1 4 , ,P0:40;P1:190.0;P2:185.0;,03:38
AUFUUD4WG9CVO,2,4,5,1568952162165,0,Added cell 3-2-false,1,P0:;P1:;P2:1;,4 4 1 1 3 3 1 4  , 2 ,P0:114;P1:190.0;P2:185.0;,03:37
AUFUUD4WG9CVO,2,4,5,1568952162205,0,Removed cell 3-2-false,1,P0:;P1:;P2:1;,4 4 1 1 3 3 1 4  2 , 2 ,P0:-31;P1:190.0;P2:185.0;,03:37
AUFUUD4WG9CVO,2,4,5,1568952163149,0,Added cell 3-2-false,1,P0:;P1:;P2:1;,4 4 1 1 3 3 1 4  , 2 ,P0:114;P1:190.0;P2:185.0;,03:36
AUFUUD4WG9CVO,2,4,5,1568952182698,0,Motivation: I agree with the robot,1,P0:;P1:;P2:1;,4 4 1 1 3 3 1 4 , 2 ,P0:114;P1:190.0;P2:185.0;,03:17
AUFUUD4WG9CVO,2,4,5,1568952182698,0,Ending game,1,P0:;P1:;P2:1;,4 4 1 1 3 3 1 4 , 2 ,P0:114;P1:190.0;P2:185.0;,03:17
AUFUUD4WG9CVO,2,5,6,1568952184090,0,Starting new game,,P0:;P1:;P2:,2 3 3 4,,P0:170;P1:190.0;P2:195.0;,03:17

AUFUUD4WG9CVO,2,5,6,1568952198733,0,Removed cell 1-3-false,,P0:;P1:;P2:,2 3 3 4 1 ,,P0:25;P1:190.0;P2:195.0;,03:47
AUFUUD4WG9CVO,2,5,6,1568952199317,0,Added cell 2-2-true,,P0:;P1:;P2:,2 3 3 4 ,,P0:170;P1:190.0;P2:195.0;,03:46
AUFUUD4WG9CVO,2,5,6,1568952200349,0,Removed cell 2-2-false,,P0:;P1:;P2:,2 3 3 4 1 ,,P0:25;P1:190.0;P2:195.0;,03:45
AUFUUD4WG9CVO,2,5,6,1568952200741,0,Added cell 1-3-true,,P0:;P1:;P2:,2 3 3 4 ,,P0:170;P1:190.0;P2:195.0;,03:45
AUFUUD4WG9CVO,2,5,6,1568952205005,0,Removed cell 1-2-true,,P0:;P1:;P2:,2 3 3 4 4 ,,P0:25;P1:190.0;P2:195.0;,03:41
AUFUUD4WG9CVO,2,5,6,1568952207221,0,Added cell 1-2-true,,P0:;P1:;P2:,2 3 3 4 ,,P0:170;P1:190.0;P2:195.0;,03:38
AUFUUD4WG9CVO,2,5,6,1568952221666,0,Motivation: I agree with the robot,,P0:;P1:;P2:,2 3 3 4 ,,P0:170;P1:190.0;P2:195.0;,03:24
AUFUUD4WG9CVO,2,5,6,1568952221666,0,Ending game,,P0:;P1:;P2:,2 3 3 4 ,,P0:170;P1:190.0;P2:195.0;,03:24
AUFUUD4WG9CVO,2,6,7,1568952222756,0,Starting new game,2,P0:;P1:2;;P2:,2 2 2 2 2 2,3,P0:104;P1:99.0;P2:195.0;,03:24

AUFUUD4WG9CVO,2,6,7,1568952248602,0,Motivation: I agree with the robot,2,P0:;P1:2;;P2:,2 2 2 2 2 2,3,P0:104;P1:99.0;P2:195.0;,03:36
AUFUUD4WG9CVO,2,6,7,1568952248603,0,Ending game,2,P0:;P1:2;;P2:,2 2 2 2 2 2,3,P0:104;P1:99.0;P2:195.0;,03:36
AUFUUD4WG9CVO,2,6,7,1568952248607,0,wrong answer told to try again,2,P0:;P1:2;;P2:,2 2 2 2 2 2,3,P0:104;P1:99.0;P2:195.0;,03:36
AUFUUD4WG9CVO,2,6,7,1568952260622,0,Removed cell 0-1-true,2,P0:;P1:2;;P2:,2 2 2 2 2 2 2 ,3,P0:-41;P1:99.0;P2:195.0;,03:24
AUFUUD4WG9CVO,2,6,7,1568952260949,0,Removed cell 0-2-false,2,P0:;P1:2;;P2:,2 2 2 2 2 2 2 3 ,3,P0:-36;P1:99.0;P2:195.0;,03:23
AUFUUD4WG9CVO,2,6,7,1568952261246,0,Removed cell 1-2-false,2,P0:;P1:2;;P2:,2 2 2 2 2 2 2 3 4 ,3,P0:-31;P1:99.0;P2:195.0;,03:23
AUFUUD4WG9CVO,2,6,7,1568952261573,0,Removed cell 2-2-true,2,P0:;P1:2;;P2:,2 2 2 2 2 2 2 3 4 2 ,3,P0:-26;P1:99.0;P2:195.0;,03:23
AUFUUD4WG9CVO,2,6,7,1568952262013,0,Removed cell 2-3-true,2,P0:;P1:2;;P2:,2 2 2 2 2 2 2 3 4 2 2 ,3,P0:-21;P1:99.0;P2:195.0;,03:22
AUFUUD4WG9CVO,2,6,7,1568952264354,0,ChipRequest min:;From;1;Colour;2;ReqNrOfChips;0;Success;1,2,P0:;P1:2;;P2:,2 2 2 2 2 2 2 4 2 2 ,,P0:-21;P1:99.0;P2:195.0;,03:20
AUFUUD4WG9CVO,2,6,7,1568952281365,0,Added cell 3-4-true,,P0:;P1:;P2:,2 2 2 2 2 2 2 2 2 ,,P0:45;P1:99.0;P2:195.0;,03:03
AUFUUD4WG9CVO,2,6,7,1568952282084,0,Removed cell 3-4-false,,P0:;P1:;P2:,2 2 2 2 2 2 2 2 2 4 ,,P0:50;P1:99.0;P2:195.0;,03:02
AUFUUD4WG9CVO,2,6,7,1568952283032,1,Changed player,,P0:;P1:;P2:1;,1 1 1 3 3,2,P0:50;P1:99.0;P2:195.0;,03:01
AUFUUD4WG9CVO,2,6,7,1568952301959,1,Changed player,,P0:;P1:;P2:1;,1 1 1 3 3,2,P0:50;P1:99.0;P2:195.0;,02:42
AUFUUD4WG9CVO,2,6,7,1568952302631,1,Changed player,,P0:;P1:;P2:1;,1 1 1 3 3,2,P0:50;P1:99.0;P2:195.0;,02:42
AUFUUD4WG9CVO,2,6,7,1568952302942,0,Changed player,,P0:;P1:2;;P2:,2 2 2 2 2 2 2 2 2 4 ,,P0:50;P1:99.0;P2:195.0;,02:41
AUFUUD4WG9CVO,2,6,7,1568952304450,0,Motivation: Doing nothing should be best.,,P0:;P1:2;;P2:,2 2 2 2 2 2 2 2 2 4 ,,P0:50;P1:99.0;P2:195.0;,02:40
AUFUUD4WG9CVO,2,6,7,1568952304451,0,Ending game,,P0:;P1:2;;P2:,2 2 2 2 2 2 2 2 2 4 ,,P0:50;P1:99.0;P2:195.0;,02:40

END_TRAINING_START_GAME


AUFUUD4WG9CVO,localGlobalEx,8,0,1568952310188,0,Read score file,,P0:;P1:;P2:;P3:;P4:;P5:,-,,,undefined:undefined
AUFUUD4WG9CVO,localGlobalEx,8,0,1568952329282,0,Read new file,,P0:;P1:;P2:;P3:;P4:;P5:,-,,,undefined:undefined
AUFUUD4WG9CVO,localGlobalEx,8,0,1568952329405,0,Starting new game,2 2,P0:;P1:;P2:;P3:2;2;,1 1 1 1 1 1 4 4,3 3 ,P0:108;P1:205.0;P2:175.0;P3:119.0;,undefined:undefined
AUFUUD4WG9CVO,localGlobalEx,8,0,1568952336173,0,Clear path,,P0:;P1:;P2:;P3:,2 1 4 5 4 4 1 2 3 1 1 1 1 1 5 ,,P0:75;P1:205.0;P2:175.0;P3:119.0;,02:55
AUFUUD4WG9CVO,localGlobalEx,8,0,1568952343793,0,Added cell 1-1-true,,P0:;P1:;P2:;P3:,2 1 4 4 4 1 2 3 1 1 1 1 1 5 ,,P0:70;P1:205.0;P2:175.0;P3:119.0;,02:47
AUFUUD4WG9CVO,localGlobalEx,8,0,1568952344285,0,Added cell 2-1-true,,P0:;P1:;P2:;P3:,2 1 4 4 1 2 3 1 1 1 1 1 5 ,,P0:65;P1:205.0;P2:175.0;P3:119.0;,02:47
AUFUUD4WG9CVO,localGlobalEx,8,0,1568952345886,0,Removed cell 1-1-true,,P0:;P1:;P2:;P3:,2 1 4 4 1 2 3 1 1 1 1 1 5 5 ,,P0:70;P1:205.0;P2:175.0;P3:119.0;,02:45
AUFUUD4WG9CVO,localGlobalEx,8,0,1568952346236,0,Removed cell 2-1-true,,P0:;P1:;P2:;P3:,2 1 4 4 1 2 3 1 1 1 1 1 5 5 4 ,,P0:75;P1:205.0;P2:175.0;P3:119.0;,02:45
AUFUUD4WG9CVO,localGlobalEx,8,0,1568952350197,0,Added cell 9-1-true,,P0:;P1:;P2:;P3:,1 4 4 1 2 3 1 1 1 1 1 5 5 4 ,,P0:70;P1:205.0;P2:175.0;P3:119.0;,02:41
AUFUUD4WG9CVO,localGlobalEx,8,0,1568952351612,0,Added cell 8-1-true,,P0:;P1:;P2:;P3:,4 4 1 2 3 1 1 1 1 1 5 5 4 ,,P0:65;P1:205.0;P2:175.0;P3:119.0;,02:39
AUFUUD4WG9CVO,localGlobalEx,8,0,1568952357196,0,Added cell 7-1-true,,P0:;P1:;P2:;P3:,4 4 1 2 3 1 1 1 1 1 5 4 ,,P0:60;P1:205.0;P2:175.0;P3:119.0;,02:34
AUFUUD4WG9CVO,localGlobalEx,8,0,1568952360277,0,Added cell 6-1-true,,P0:;P1:;P2:;P3:,4 4 1 3 1 1 1 1 1 5 4 ,,P0:55;P1:205.0;P2:175.0;P3:119.0;,02:31
AUFUUD4WG9CVO,localGlobalEx,8,0,1568952367324,0,Added cell 5-1-true,,P0:;P1:;P2:;P3:,4 4 1 3 1 1 1 1 1 4 ,,P0:50;P1:205.0;P2:175.0;P3:119.0;,02:24
AUFUUD4WG9CVO,localGlobalEx,8,0,1568952367847,0,Denied adding cell 4-1-false,,P0:;P1:;P2:;P3:,4 4 1 3 1 1 1 1 1 4 ,,P0:50;P1:205.0;P2:175.0;P3:119.0;,02:23
AUFUUD4WG9CVO,localGlobalEx,8,0,1568952370843,0,ChipRequest;From;1;Colour;5;ReqNrOfChips;1;Success;true,,P0:;P1:;P2:;P3:,4 4 1 3 1 1 1 1 1 4 ,,P0:50;P1:205.0;P2:175.0;P3:119.0;,02:20
AUFUUD4WG9CVO,localGlobalEx,8,0,1568952371653,0,Added cell 4-1-false,4,P0:;P1:4;;P2:;P3:,4 4 1 3 1 1 1 1 1 4  , 5 ,P0:-26;P1:205.0;P2:175.0;P3:119.0;,02:19
AUFUUD4WG9CVO,localGlobalEx,8,0,1568952374140,0,Added cell 4-2-true,4,P0:;P1:4;;P2:;P3:,4 4 1 1 1 1 1 1 4  , 5 ,P0:-31;P1:205.0;P2:175.0;P3:119.0;,02:17
AUFUUD4WG9CVO,localGlobalEx,8,0,1568952374917,0,Added cell 3-2-true,4,P0:;P1:4;;P2:;P3:,4 1 1 1 1 1 1 4  , 5 ,P0:-36;P1:205.0;P2:175.0;P3:119.0;,02:16
AUFUUD4WG9CVO,localGlobalEx,8,0,1568952379392,0,Denied adding cell 3-3-false,4,P0:;P1:4;;P2:;P3:,4 1 1 1 1 1 1 4 , 5 ,P0:-36;P1:205.0;P2:175.0;P3:119.0;,02:12
AUFUUD4WG9CVO,localGlobalEx,8,0,1568952388604,0,Removed cell 3-2-true,4,P0:;P1:4;;P2:;P3:,4 1 1 1 1 1 1 4 4 , 5 ,P0:-31;P1:205.0;P2:175.0;P3:119.0;,02:02
AUFUUD4WG9CVO,localGlobalEx,8,0,1568952389180,0,Removed cell 4-2-false,4,P0:;P1:4;;P2:;P3:,4 1 1 1 1 1 1 4 4 3 , 5 ,P0:-26;P1:205.0;P2:175.0;P3:119.0;,02:02
AUFUUD4WG9CVO,localGlobalEx,8,0,1568952391149,0,Added cell 4-2-true,4,P0:;P1:4;;P2:;P3:,4 1 1 1 1 1 1 4 4 , 5 ,P0:-31;P1:205.0;P2:175.0;P3:119.0;,02:00
AUFUUD4WG9CVO,localGlobalEx,8,0,1568952391405,0,Added cell 3-2-true,4,P0:;P1:4;;P2:;P3:,1 1 1 1 1 1 4 4 , 5 ,P0:-36;P1:205.0;P2:175.0;P3:119.0;,02:00
AUFUUD4WG9CVO,localGlobalEx,8,0,1568952395898,0,ChipRequest;From;1;Colour;3;ReqNrOfChips;1;Success;true,4,P0:;P1:4;;P2:;P3:,1 1 1 1 1 1 4 4 , 5 ,P0:-36;P1:205.0;P2:175.0;P3:119.0;,01:55
AUFUUD4WG9CVO,localGlobalEx,8,0,1568952396597,0,Added cell 2-2-false,2 4,P0:;P1:2;4;;P2:;P3:,1 1 1 1 1 1 4 4  , 5 3 ,P0:108;P1:205.0;P2:175.0;P3:119.0;,01:54
AUFUUD4WG9CVO,localGlobalEx,8,0,1568952396944,0,Tried to add own cell 1-2,2 4,P0:;P1:2;4;;P2:;P3:,1 1 1 1 1 1 4 4 , 5 3 ,P0:108;P1:205.0;P2:175.0;P3:119.0;,01:54
AUFUUD4WG9CVO,localGlobalEx,8,0,1568952404790,0,Restore suggested path,2 2,P0:;P1:;P2:;P3:2;2;,1 1 1 1 1 1 4 4,3 3 ,P0:108;P1:205.0;P2:175.0;P3:119.0;,01:46
AUFUUD4WG9CVO,localGlobalEx,8,0,1568952419471,0,Removed cell 5-2-false,2 2,P0:;P1:;P2:;P3:2;2;,1 1 1 1 1 1 4 4 3 ,3 3 ,P0:-37;P1:205.0;P2:175.0;P3:119.0;,01:31
AUFUUD4WG9CVO,localGlobalEx,8,0,1568952419965,0,Removed cell 4-2-true,2 2,P0:;P1:;P2:;P3:2;2;,1 1 1 1 1 1 4 4 3 3 ,3 3 ,P0:-32;P1:205.0;P2:175.0;P3:119.0;,01:31
AUFUUD4WG9CVO,localGlobalEx,8,0,1568952420029,0,Added cell 4-2-false,2 2,P0:;P1:;P2:;P3:2;2;,1 1 1 1 1 1 4 4 3 ,3 3 ,P0:-37;P1:205.0;P2:175.0;P3:119.0;,01:31
AUFUUD4WG9CVO,localGlobalEx,8,0,1568952421053,0,Removed cell 4-2-true,2 2,P0:;P1:;P2:;P3:2;2;,1 1 1 1 1 1 4 4 3 3 ,3 3 ,P0:-32;P1:205.0;P2:175.0;P3:119.0;,01:30
AUFUUD4WG9CVO,localGlobalEx,8,0,1568952422019,0,ChipRequest min:;From;3;Colour;2;ReqNrOfChips;1;Success;1,2 2,P0:;P1:;P2:;P3:2;2;,1 1 1 1 1 1 4 4 3 ,3 ,P0:-32;P1:205.0;P2:175.0;P3:119.0;,01:29
AUFUUD4WG9CVO,localGlobalEx,8,0,1568952422202,0,ChipRequest min:;From;3;Colour;2;ReqNrOfChips;0;Success;1,2,P0:;P1:;P2:;P3:2;,1 1 1 1 1 1 4 4 ,,P0:-31;P1:205.0;P2:175.0;P3:119.0;,01:29
AUFUUD4WG9CVO,localGlobalEx,8,0,1568952423753,0,Denied adding cell 4-1-false,,P0:;P1:;P2:;P3:,1 1 1 1 1 1 4 4 ,,P0:40;P1:205.0;P2:175.0;P3:119.0;,01:27
AUFUUD4WG9CVO,localGlobalEx,8,0,1568952430090,0,ChipRequest;From;1;Colour;3;ReqNrOfChips;1;Success;true,,P0:;P1:;P2:;P3:,1 1 1 1 1 1 4 4 ,,P0:40;P1:205.0;P2:175.0;P3:119.0;,01:21
AUFUUD4WG9CVO,localGlobalEx,8,0,1568952430778,0,ChipRequest;From;1;Colour;5;ReqNrOfChips;1;Success;true,2,P0:;P1:2;;P2:;P3:,1 1 1 1 1 1 4 4 3 , 3 ,P0:-31;P1:205.0;P2:175.0;P3:119.0;,01:20
AUFUUD4WG9CVO,localGlobalEx,8,0,1568952431454,0,Added cell 4-1-false,2 4,P0:;P1:2;4;;P2:;P3:,1 1 1 1 1 1 4 4 3  , 3 5 ,P0:-37;P1:205.0;P2:175.0;P3:119.0;,01:19
AUFUUD4WG9CVO,localGlobalEx,8,0,1568952431517,0,Removed cell 4-1-false,2 4,P0:;P1:2;4;;P2:;P3:,1 1 1 1 1 1 4 4 3  5 , 3 5 ,P0:-32;P1:205.0;P2:175.0;P3:119.0;,01:19
AUFUUD4WG9CVO,localGlobalEx,8,0,1568952431837,0,Added cell 4-2-false,2 4,P0:;P1:2;4;;P2:;P3:,1 1 1 1 1 1 4 4 5 , 3 5 ,P0:-37;P1:205.0;P2:175.0;P3:119.0;,01:19
AUFUUD4WG9CVO,localGlobalEx,8,0,1568952432230,0,Added cell 4-1-false,2 4,P0:;P1:2;4;;P2:;P3:,1 1 1 1 1 1 4 4 , 3 5 ,P0:108;P1:205.0;P2:175.0;P3:119.0;,01:19
AUFUUD4WG9CVO,localGlobalEx,8,0,1568952441547,0,Motivation: I feel like this is the best path,2 4,P0:;P1:2;4;;P2:;P3:,1 1 1 1 1 1 4 4 , 3 5 ,P0:108;P1:205.0;P2:175.0;P3:119.0;,01:09
AUFUUD4WG9CVO,localGlobalEx,8,0,1568952441547,0,Ending game,2 4,P0:;P1:2;4;;P2:;P3:,1 1 1 1 1 1 4 4 , 3 5 ,P0:108;P1:205.0;P2:175.0;P3:119.0;,01:09
AUFUUD4WG9CVO,localGlobalEx,4,1,1568952442795,0,Starting new game,,P0:;P1:;P2:;P3:,5 5 5,,P0:165;P1:170.0;P2:200.0;P3:195.0;,01:09

AUFUUD4WG9CVO,localGlobalEx,4,1,1568952446343,0,Clear path,,P0:;P1:;P2:;P3:,4 5 5 5 2 5 5 2 3 1 4 2 3 2 1 ,,P0:75;P1:170.0;P2:200.0;P3:195.0;,02:58
AUFUUD4WG9CVO,localGlobalEx,4,1,1568952451974,0,Added cell 1-4-true,,P0:;P1:;P2:;P3:,4 5 5 5 2 5 5 2 1 4 2 3 2 1 ,,P0:70;P1:170.0;P2:200.0;P3:195.0;,02:52
AUFUUD4WG9CVO,localGlobalEx,4,1,1568952454334,0,Added cell 2-4-true,,P0:;P1:;P2:;P3:,4 5 5 5 2 5 5 2 4 2 3 2 1 ,,P0:65;P1:170.0;P2:200.0;P3:195.0;,02:50
AUFUUD4WG9CVO,localGlobalEx,4,1,1568952454749,0,Added cell 3-4-true,,P0:;P1:;P2:;P3:,4 5 5 2 5 5 2 4 2 3 2 1 ,,P0:60;P1:170.0;P2:200.0;P3:195.0;,02:50
AUFUUD4WG9CVO,localGlobalEx,4,1,1568952458733,0,Added cell 4-4-true,,P0:;P1:;P2:;P3:,4 5 5 2 5 5 2 4 2 2 1 ,,P0:55;P1:170.0;P2:200.0;P3:195.0;,02:46
AUFUUD4WG9CVO,localGlobalEx,4,1,1568952459085,0,Added cell 4-5-true,,P0:;P1:;P2:;P3:,4 5 2 5 5 2 4 2 2 1 ,,P0:50;P1:170.0;P2:200.0;P3:195.0;,02:45
AUFUUD4WG9CVO,localGlobalEx,4,1,1568952459741,0,Added cell 5-5-true,,P0:;P1:;P2:;P3:,4 2 5 5 2 4 2 2 1 ,,P0:45;P1:170.0;P2:200.0;P3:195.0;,02:45
AUFUUD4WG9CVO,localGlobalEx,4,1,1568952461317,0,Added cell 5-6-true,,P0:;P1:;P2:;P3:,4 2 5 2 4 2 2 1 ,,P0:40;P1:170.0;P2:200.0;P3:195.0;,02:43
AUFUUD4WG9CVO,localGlobalEx,4,1,1568952463749,0,Added cell 5-7-true,,P0:;P1:;P2:;P3:,4 5 2 4 2 2 1 ,,P0:35;P1:170.0;P2:200.0;P3:195.0;,02:41
AUFUUD4WG9CVO,localGlobalEx,4,1,1568952465893,0,Added cell 6-7-true,,P0:;P1:;P2:;P3:,4 2 4 2 2 1 ,,P0:30;P1:170.0;P2:200.0;P3:195.0;,02:38
AUFUUD4WG9CVO,localGlobalEx,4,1,1568952466374,0,Added cell 7-7-true,,P0:;P1:;P2:;P3:,4 4 2 2 1 ,,P0:25;P1:170.0;P2:200.0;P3:195.0;,02:38
AUFUUD4WG9CVO,localGlobalEx,4,1,1568952468198,0,Added cell 8-7-true,,P0:;P1:;P2:;P3:,4 2 2 1 ,,P0:20;P1:170.0;P2:200.0;P3:195.0;,02:36
AUFUUD4WG9CVO,localGlobalEx,4,1,1568952468574,0,Added cell 8-8-true,,P0:;P1:;P2:;P3:,2 2 1 ,,P0:165;P1:170.0;P2:200.0;P3:195.0;,02:36
AUFUUD4WG9CVO,localGlobalEx,4,1,1568952491349,0,Removed cell 5-7-true,,P0:;P1:;P2:;P3:,2 2 1 2 ,,P0:20;P1:170.0;P2:200.0;P3:195.0;,02:13
AUFUUD4WG9CVO,localGlobalEx,4,1,1568952491966,0,Added cell 6-6-true,,P0:;P1:;P2:;P3:,2 2 2 ,,P0:165;P1:170.0;P2:200.0;P3:195.0;,02:12
AUFUUD4WG9CVO,localGlobalEx,4,1,1568952497574,0,Removed cell 8-8-false,,P0:;P1:;P2:;P3:,2 2 2 4 ,,P0:20;P1:170.0;P2:200.0;P3:195.0;,02:07
AUFUUD4WG9CVO,localGlobalEx,4,1,1568952498254,0,Added cell 9-7-true,,P0:;P1:;P2:;P3:,2 2 4 ,,P0:165;P1:170.0;P2:200.0;P3:195.0;,02:06
AUFUUD4WG9CVO,localGlobalEx,4,1,1568952513466,0,Motivation: This should be the best path,,P0:;P1:;P2:;P3:,2 2 4 ,,P0:165;P1:170.0;P2:200.0;P3:195.0;,01:51
AUFUUD4WG9CVO,localGlobalEx,4,1,1568952513466,0,Ending game,,P0:;P1:;P2:;P3:,2 2 4 ,,P0:165;P1:170.0;P2:200.0;P3:195.0;,01:51
AUFUUD4WG9CVO,localGlobalEx,1,2,1568952514646,0,Starting new game,1,P0:;P1:;P2:;P3:1;,4 3 3 3 3 3 3,2,P0:109;P1:190.0;P2:104.0;P3:123.0;,01:51

AUFUUD4WG9CVO,localGlobalEx,1,2,1568952517280,0,Clear path,,P0:;P1:;P2:;P3:,4 5 3 3 1 5 1 3 5 3 4 3 3 1 1 ,,P0:75;P1:190.0;P2:104.0;P3:123.0;,02:59
AUFUUD4WG9CVO,localGlobalEx,1,2,1568952519486,0,Added cell 7-8-true,,P0:;P1:;P2:;P3:,4 3 3 1 5 1 3 5 3 4 3 3 1 1 ,,P0:70;P1:190.0;P2:104.0;P3:123.0;,02:57
AUFUUD4WG9CVO,localGlobalEx,1,2,1568952522070,0,Added cell 7-7-true,,P0:;P1:;P2:;P3:,4 3 3 1 1 3 5 3 4 3 3 1 1 ,,P0:65;P1:190.0;P2:104.0;P3:123.0;,02:54
AUFUUD4WG9CVO,localGlobalEx,1,2,1568952523991,0,Added cell 7-6-true,,P0:;P1:;P2:;P3:,3 3 1 1 3 5 3 4 3 3 1 1 ,,P0:60;P1:190.0;P2:104.0;P3:123.0;,02:52
AUFUUD4WG9CVO,localGlobalEx,1,2,1568952524414,0,Added cell 7-5-true,,P0:;P1:;P2:;P3:,3 1 1 3 5 3 4 3 3 1 1 ,,P0:55;P1:190.0;P2:104.0;P3:123.0;,02:52
AUFUUD4WG9CVO,localGlobalEx,1,2,1568952526181,0,Added cell 7-4-true,,P0:;P1:;P2:;P3:,1 1 3 5 3 4 3 3 1 1 ,,P0:50;P1:190.0;P2:104.0;P3:123.0;,02:50
AUFUUD4WG9CVO,localGlobalEx,1,2,1568952526566,0,Added cell 6-4-true,,P0:;P1:;P2:;P3:,1 1 3 3 4 3 3 1 1 ,,P0:45;P1:190.0;P2:104.0;P3:123.0;,02:50
AUFUUD4WG9CVO,localGlobalEx,1,2,1568952527405,0,Added cell 5-4-true,,P0:;P1:;P2:;P3:,1 3 3 4 3 3 1 1 ,,P0:40;P1:190.0;P2:104.0;P3:123.0;,02:49
AUFUUD4WG9CVO,localGlobalEx,1,2,1568952534901,0,Removed cell 7-8-false,,P0:;P1:;P2:;P3:,1 3 3 4 3 3 1 1 5 ,,P0:45;P1:190.0;P2:104.0;P3:123.0;,02:41
AUFUUD4WG9CVO,localGlobalEx,1,2,1568952535285,0,Removed cell 7-7-true,,P0:;P1:;P2:;P3:,1 3 3 4 3 3 1 1 5 5 ,,P0:50;P1:190.0;P2:104.0;P3:123.0;,02:41
AUFUUD4WG9CVO,localGlobalEx,1,2,1568952535597,0,Removed cell 7-6-true,,P0:;P1:;P2:;P3:,1 3 3 4 3 3 1 1 5 5 4 ,,P0:55;P1:190.0;P2:104.0;P3:123.0;,02:41
AUFUUD4WG9CVO,localGlobalEx,1,2,1568952535901,0,Removed cell 7-5-true,,P0:;P1:;P2:;P3:,1 3 3 4 3 3 1 1 5 5 4 3 ,,P0:60;P1:190.0;P2:104.0;P3:123.0;,02:40
AUFUUD4WG9CVO,localGlobalEx,1,2,1568952536189,0,Removed cell 7-4-true,,P0:;P1:;P2:;P3:,1 3 3 4 3 3 1 1 5 5 4 3 3 ,,P0:65;P1:190.0;P2:104.0;P3:123.0;,02:40
AUFUUD4WG9CVO,localGlobalEx,1,2,1568952536413,0,Removed cell 6-4-true,,P0:;P1:;P2:;P3:,1 3 3 4 3 3 1 1 5 5 4 3 3 5 ,,P0:70;P1:190.0;P2:104.0;P3:123.0;,02:40
AUFUUD4WG9CVO,localGlobalEx,1,2,1568952536685,0,Removed cell 5-4-true,,P0:;P1:;P2:;P3:,1 3 3 4 3 3 1 1 5 5 4 3 3 5 1 ,,P0:75;P1:190.0;P2:104.0;P3:123.0;,02:39
AUFUUD4WG9CVO,localGlobalEx,1,2,1568952537174,0,Added cell 7-8-true,,P0:;P1:;P2:;P3:,1 3 3 4 3 3 1 1 5 4 3 3 5 1 ,,P0:70;P1:190.0;P2:104.0;P3:123.0;,02:39
AUFUUD4WG9CVO,localGlobalEx,1,2,1568952537846,0,Added cell 6-8-true,,P0:;P1:;P2:;P3:,3 3 4 3 3 1 1 5 4 3 3 5 1 ,,P0:65;P1:190.0;P2:104.0;P3:123.0;,02:38
AUFUUD4WG9CVO,localGlobalEx,1,2,1568952538742,0,Added cell 5-8-true,,P0:;P1:;P2:;P3:,3 3 4 3 3 1 1 4 3 3 5 1 ,,P0:60;P1:190.0;P2:104.0;P3:123.0;,02:37
AUFUUD4WG9CVO,localGlobalEx,1,2,1568952541902,0,Added cell 5-7-true,,P0:;P1:;P2:;P3:,3 3 3 3 1 1 4 3 3 5 1 ,,P0:55;P1:190.0;P2:104.0;P3:123.0;,02:34
AUFUUD4WG9CVO,localGlobalEx,1,2,1568952542870,0,Added cell 4-7-true,,P0:;P1:;P2:;P3:,3 3 3 3 1 4 3 3 5 1 ,,P0:50;P1:190.0;P2:104.0;P3:123.0;,02:33
AUFUUD4WG9CVO,localGlobalEx,1,2,1568952544230,0,Added cell 4-6-true,,P0:;P1:;P2:;P3:,3 3 3 3 4 3 3 5 1 ,,P0:45;P1:190.0;P2:104.0;P3:123.0;,02:32
AUFUUD4WG9CVO,localGlobalEx,1,2,1568952545263,0,Added cell 3-6-true,,P0:;P1:;P2:;P3:,3 3 3 3 3 3 5 1 ,,P0:40;P1:190.0;P2:104.0;P3:123.0;,02:31
AUFUUD4WG9CVO,localGlobalEx,1,2,1568952547830,0,Added cell 2-6-true,,P0:;P1:;P2:;P3:,3 3 3 3 3 3 5 ,,P0:35;P1:190.0;P2:104.0;P3:123.0;,02:28
AUFUUD4WG9CVO,localGlobalEx,1,2,1568952554640,0,Denied adding cell 2-5-false,,P0:;P1:;P2:;P3:,3 3 3 3 3 3 5 ,,P0:35;P1:190.0;P2:104.0;P3:123.0;,02:22
AUFUUD4WG9CVO,localGlobalEx,1,2,1568952557027,0,ChipRequest;From;2;Colour;1;ReqNrOfChips;1;Success;true,,P0:;P1:;P2:;P3:,3 3 3 3 3 3 5 ,,P0:35;P1:190.0;P2:104.0;P3:123.0;,02:19
AUFUUD4WG9CVO,localGlobalEx,1,2,1568952557790,0,Added cell 2-5-false,0,P0:;P1:;P2:0;;P3:,3 3 3 3 3 3 5  , 1 ,P0:109;P1:190.0;P2:104.0;P3:123.0;,02:18
AUFUUD4WG9CVO,localGlobalEx,1,2,1568952593026,0,Motivation: This should be the best path,0,P0:;P1:;P2:0;;P3:,3 3 3 3 3 3 5 , 1 ,P0:109;P1:190.0;P2:104.0;P3:123.0;,01:43
AUFUUD4WG9CVO,localGlobalEx,1,2,1568952593026,0,Ending game,0,P0:;P1:;P2:0;;P3:,3 3 3 3 3 3 5 , 1 ,P0:109;P1:190.0;P2:104.0;P3:123.0;,01:43
AUFUUD4WG9CVO,localGlobalEx,5,3,1568952594335,0,Starting new game,1,P0:;P1:1;;P2:;P3:,3 4 5 5 5 5 5,2,P0:109;P1:195.0;P2:134.0;P3:118.0;,01:43

AUFUUD4WG9CVO,localGlobalEx,5,3,1568952596726,0,Clear path,,P0:;P1:;P2:;P3:,5 3 1 1 5 3 4 3 5 4 1 3 5 5 5 ,,P0:75;P1:195.0;P2:134.0;P3:118.0;,02:59
AUFUUD4WG9CVO,localGlobalEx,5,3,1568952598910,0,Added cell 5-5-true,,P0:;P1:;P2:;P3:,5 3 1 1 5 3 3 5 4 1 3 5 5 5 ,,P0:70;P1:195.0;P2:134.0;P3:118.0;,02:57
AUFUUD4WG9CVO,localGlobalEx,5,3,1568952608623,0,Denied adding cell 4-5-false,,P0:;P1:;P2:;P3:,5 3 1 1 5 3 3 5 4 1 3 5 5 5 ,,P0:70;P1:195.0;P2:134.0;P3:118.0;,02:47
AUFUUD4WG9CVO,localGlobalEx,5,3,1568952626265,0,ChipRequest;From;2;Colour;2;ReqNrOfChips;1;Success;true,,P0:;P1:;P2:;P3:,5 3 1 1 5 3 3 5 4 1 3 5 5 5 ,,P0:70;P1:195.0;P2:134.0;P3:118.0;,02:30
AUFUUD4WG9CVO,localGlobalEx,5,3,1568952628133,0,Added cell 4-5-false,1,P0:;P1:;P2:1;;P3:,5 3 1 1 5 3 3 5 4 1 3 5 5 5  , 2 ,P0:-6;P1:195.0;P2:134.0;P3:118.0;,02:28
AUFUUD4WG9CVO,localGlobalEx,5,3,1568952633805,0,Added cell 4-6-true,1,P0:;P1:;P2:1;;P3:,5 3 1 5 3 3 5 4 1 3 5 5 5  , 2 ,P0:-11;P1:195.0;P2:134.0;P3:118.0;,02:22
AUFUUD4WG9CVO,localGlobalEx,5,3,1568952634149,0,Added cell 4-7-true,1,P0:;P1:;P2:1;;P3:,5 3 5 3 3 5 4 1 3 5 5 5  , 2 ,P0:-16;P1:195.0;P2:134.0;P3:118.0;,02:22
AUFUUD4WG9CVO,localGlobalEx,5,3,1568952635069,0,Added cell 3-7-true,1,P0:;P1:;P2:1;;P3:,5 5 3 3 5 4 1 3 5 5 5  , 2 ,P0:-21;P1:195.0;P2:134.0;P3:118.0;,02:21
AUFUUD4WG9CVO,localGlobalEx,5,3,1568952635445,0,Added cell 3-8-true,1,P0:;P1:;P2:1;;P3:,5 5 3 5 4 1 3 5 5 5  , 2 ,P0:-26;P1:195.0;P2:134.0;P3:118.0;,02:20
AUFUUD4WG9CVO,localGlobalEx,5,3,1568952636958,0,Added cell 2-8-true,1,P0:;P1:;P2:1;;P3:,5 5 3 5 1 3 5 5 5  , 2 ,P0:-31;P1:195.0;P2:134.0;P3:118.0;,02:19
AUFUUD4WG9CVO,localGlobalEx,5,3,1568952637758,0,Added cell 2-9-true,1,P0:;P1:;P2:1;;P3:,5 5 5 1 3 5 5 5  , 2 ,P0:-36;P1:195.0;P2:134.0;P3:118.0;,02:18
AUFUUD4WG9CVO,localGlobalEx,5,3,1568952638078,0,Added cell 1-9-true,1,P0:;P1:;P2:1;;P3:,5 5 5 1 5 5 5  , 2 ,P0:109;P1:195.0;P2:134.0;P3:118.0;,02:18
AUFUUD4WG9CVO,localGlobalEx,5,3,1568952648850,0,Motivation: This should be the best path,1,P0:;P1:;P2:1;;P3:,5 5 5 1 5 5 5 , 2 ,P0:109;P1:195.0;P2:134.0;P3:118.0;,02:07
AUFUUD4WG9CVO,localGlobalEx,5,3,1568952648850,0,Ending game,1,P0:;P1:;P2:1;;P3:,5 5 5 1 5 5 5 , 2 ,P0:109;P1:195.0;P2:134.0;P3:118.0;,02:07
AUFUUD4WG9CVO,localGlobalEx,6,4,1568952650214,0,Starting new game,2 1,P0:;P1:2;;P2:1;;P3:,4 4 4 4 5 5 5 5,3 2 ,P0:38;P1:139.0;P2:180.0;P3:165.0;,02:07

AUFUUD4WG9CVO,localGlobalEx,6,4,1568952652191,0,Clear path,,P0:;P1:;P2:;P3:,2 5 5 4 5 1 5 4 4 3 4 4 4 5 4 ,,P0:75;P1:139.0;P2:180.0;P3:165.0;,03:00
AUFUUD4WG9CVO,localGlobalEx,6,4,1568952654206,0,Added cell 9-9-true,,P0:;P1:;P2:;P3:,5 5 4 5 1 5 4 4 3 4 4 4 5 4 ,,P0:70;P1:139.0;P2:180.0;P3:165.0;,02:58
AUFUUD4WG9CVO,localGlobalEx,6,4,1568952657655,0,Added cell 9-8-true,,P0:;P1:;P2:;P3:,5 4 5 1 5 4 4 3 4 4 4 5 4 ,,P0:65;P1:139.0;P2:180.0;P3:165.0;,02:54
AUFUUD4WG9CVO,localGlobalEx,6,4,1568952658006,0,Added cell 8-8-true,,P0:;P1:;P2:;P3:,5 4 5 1 5 4 4 4 4 4 5 4 ,,P0:60;P1:139.0;P2:180.0;P3:165.0;,02:54
AUFUUD4WG9CVO,localGlobalEx,6,4,1568952659078,0,Added cell 7-8-true,,P0:;P1:;P2:;P3:,5 5 1 5 4 4 4 4 4 5 4 ,,P0:55;P1:139.0;P2:180.0;P3:165.0;,02:53
AUFUUD4WG9CVO,localGlobalEx,6,4,1568952662014,0,Removed cell 9-9-false,,P0:;P1:;P2:;P3:,5 5 1 5 4 4 4 4 4 5 4 2 ,,P0:60;P1:139.0;P2:180.0;P3:165.0;,02:50
AUFUUD4WG9CVO,localGlobalEx,6,4,1568952662959,0,Added cell 9-9-true,,P0:;P1:;P2:;P3:,5 5 1 5 4 4 4 4 4 5 4 ,,P0:55;P1:139.0;P2:180.0;P3:165.0;,02:49
AUFUUD4WG9CVO,localGlobalEx,6,4,1568952663462,0,Removed cell 9-8-true,,P0:;P1:;P2:;P3:,5 5 1 5 4 4 4 4 4 5 4 5 ,,P0:60;P1:139.0;P2:180.0;P3:165.0;,02:48
AUFUUD4WG9CVO,localGlobalEx,6,4,1568952664808,0,Denied adding cell 8-9-false,,P0:;P1:;P2:;P3:,5 5 1 5 4 4 4 4 4 5 4 5 ,,P0:60;P1:139.0;P2:180.0;P3:165.0;,02:47
AUFUUD4WG9CVO,localGlobalEx,6,4,1568952666966,0,Added cell 9-8-true,,P0:;P1:;P2:;P3:,5 1 5 4 4 4 4 4 5 4 5 ,,P0:55;P1:139.0;P2:180.0;P3:165.0;,02:45
AUFUUD4WG9CVO,localGlobalEx,6,4,1568952680088,0,Denied adding cell 6-8-false,,P0:;P1:;P2:;P3:,5 1 5 4 4 4 4 4 5 4 5 ,,P0:55;P1:139.0;P2:180.0;P3:165.0;,02:32
AUFUUD4WG9CVO,localGlobalEx,6,4,1568952681978,0,ChipRequest;From;1;Colour;3;ReqNrOfChips;1;Success;true,,P0:;P1:;P2:;P3:,5 1 5 4 4 4 4 4 5 4 5 ,,P0:55;P1:139.0;P2:180.0;P3:165.0;,02:30
AUFUUD4WG9CVO,localGlobalEx,6,4,1568952682622,0,Added cell 6-8-false,2,P0:;P1:2;;P2:;P3:,5 1 5 4 4 4 4 4 5 4 5  , 3 ,P0:-21;P1:139.0;P2:180.0;P3:165.0;,02:29
AUFUUD4WG9CVO,localGlobalEx,6,4,1568952683150,0,Added cell 5-8-true,2,P0:;P1:2;;P2:;P3:,1 5 4 4 4 4 4 5 4 5  , 3 ,P0:-26;P1:139.0;P2:180.0;P3:165.0;,02:29
AUFUUD4WG9CVO,localGlobalEx,6,4,1568952683918,0,Added cell 4-8-true,2,P0:;P1:2;;P2:;P3:,5 4 4 4 4 4 5 4 5  , 3 ,P0:-31;P1:139.0;P2:180.0;P3:165.0;,02:28
AUFUUD4WG9CVO,localGlobalEx,6,4,1568952684574,0,Added cell 4-7-true,2,P0:;P1:2;;P2:;P3:,4 4 4 4 4 5 4 5  , 3 ,P0:-36;P1:139.0;P2:180.0;P3:165.0;,02:27
AUFUUD4WG9CVO,localGlobalEx,6,4,1568952686723,0,ChipRequest;From;1;Colour;3;ReqNrOfChips;2;Success;true,2,P0:;P1:2;;P2:;P3:,4 4 4 4 4 5 4 5 , 3 ,P0:-36;P1:139.0;P2:180.0;P3:165.0;,02:25
AUFUUD4WG9CVO,localGlobalEx,6,4,1568952687551,0,Added cell 4-6-false,2 2,P0:;P1:2;2;;P2:;P3:,4 4 4 4 4 5 4 5  , 3 3 ,P0:108;P1:139.0;P2:180.0;P3:165.0;,02:24
AUFUUD4WG9CVO,localGlobalEx,6,4,1568952699242,0,Motivation: This should be the best path,2 2,P0:;P1:2;2;;P2:;P3:,4 4 4 4 4 5 4 5 , 3 3 ,P0:108;P1:139.0;P2:180.0;P3:165.0;,02:12
AUFUUD4WG9CVO,localGlobalEx,6,4,1568952699242,0,Ending game,2 2,P0:;P1:2;2;;P2:;P3:,4 4 4 4 4 5 4 5 , 3 3 ,P0:108;P1:139.0;P2:180.0;P3:165.0;,02:12
AUFUUD4WG9CVO,localGlobalEx,2,5,1568952701130,0,Starting new game,4,P0:;P1:4;;P2:;P3:,1 1 1 4 4 2 2 2 2,5,P0:119;P1:190.0;P2:195.0;P3:200.0;,02:12

AUFUUD4WG9CVO,localGlobalEx,2,5,1568952702871,0,Clear path,,P0:;P1:;P2:;P3:,4 2 2 5 1 3 2 1 2 1 4 4 1 2 1 ,,P0:75;P1:190.0;P2:195.0;P3:200.0;,03:00
AUFUUD4WG9CVO,localGlobalEx,2,5,1568952704271,0,Added cell 5-4-true,,P0:;P1:;P2:;P3:,4 2 2 5 3 2 1 2 1 4 4 1 2 1 ,,P0:70;P1:190.0;P2:195.0;P3:200.0;,02:58
AUFUUD4WG9CVO,localGlobalEx,2,5,1568952707967,0,Added cell 4-4-true,,P0:;P1:;P2:;P3:,4 2 2 3 2 1 2 1 4 4 1 2 1 ,,P0:65;P1:190.0;P2:195.0;P3:200.0;,02:55
AUFUUD4WG9CVO,localGlobalEx,2,5,1568952708342,0,Added cell 3-4-true,,P0:;P1:;P2:;P3:,4 2 2 3 2 2 1 4 4 1 2 1 ,,P0:60;P1:190.0;P2:195.0;P3:200.0;,02:54
AUFUUD4WG9CVO,localGlobalEx,2,5,1568952710878,0,Added cell 2-4-true,,P0:;P1:;P2:;P3:,4 2 2 2 2 1 4 4 1 2 1 ,,P0:55;P1:190.0;P2:195.0;P3:200.0;,02:52
AUFUUD4WG9CVO,localGlobalEx,2,5,1568952711215,0,Added cell 1-4-true,,P0:;P1:;P2:;P3:,2 2 2 2 1 4 4 1 2 1 ,,P0:50;P1:190.0;P2:195.0;P3:200.0;,02:51
AUFUUD4WG9CVO,localGlobalEx,2,5,1568952714007,0,Added cell 0-4-true,,P0:;P1:;P2:;P3:,2 2 2 1 4 4 1 2 1 ,,P0:45;P1:190.0;P2:195.0;P3:200.0;,02:49
AUFUUD4WG9CVO,localGlobalEx,2,5,1568952714071,0,Removed cell 0-4-true,,P0:;P1:;P2:;P3:,2 2 2 1 4 4 1 2 1 2 ,,P0:50;P1:190.0;P2:195.0;P3:200.0;,02:49
AUFUUD4WG9CVO,localGlobalEx,2,5,1568952714416,0,Added cell 0-5-true,,P0:;P1:;P2:;P3:,2 2 1 4 4 1 2 1 2 ,,P0:45;P1:190.0;P2:195.0;P3:200.0;,02:48
AUFUUD4WG9CVO,localGlobalEx,2,5,1568952715254,0,Removed cell 0-5-true,,P0:;P1:;P2:;P3:,2 2 1 4 4 1 2 1 2 2 ,,P0:50;P1:190.0;P2:195.0;P3:200.0;,02:47
AUFUUD4WG9CVO,localGlobalEx,2,5,1568952715711,0,Added cell 1-5-true,,P0:;P1:;P2:;P3:,2 1 4 4 1 2 1 2 2 ,,P0:45;P1:190.0;P2:195.0;P3:200.0;,02:47
AUFUUD4WG9CVO,localGlobalEx,2,5,1568952725272,0,Removed cell 1-5-true,,P0:;P1:;P2:;P3:,2 1 4 4 1 2 1 2 2 2 ,,P0:50;P1:190.0;P2:195.0;P3:200.0;,02:37
AUFUUD4WG9CVO,localGlobalEx,2,5,1568952725319,0,Added cell 1-5-true,,P0:;P1:;P2:;P3:,1 4 4 1 2 1 2 2 2 ,,P0:45;P1:190.0;P2:195.0;P3:200.0;,02:37
AUFUUD4WG9CVO,localGlobalEx,2,5,1568952725567,0,Removed cell 1-4-true,,P0:;P1:;P2:;P3:,1 4 4 1 2 1 2 2 2 4 ,,P0:50;P1:190.0;P2:195.0;P3:200.0;,02:37
AUFUUD4WG9CVO,localGlobalEx,2,5,1568952725975,0,Removed cell 2-4-false,,P0:;P1:;P2:;P3:,1 4 4 1 2 1 2 2 2 4 3 ,,P0:55;P1:190.0;P2:195.0;P3:200.0;,02:37
AUFUUD4WG9CVO,localGlobalEx,2,5,1568952726551,0,Removed cell 1-5-true,,P0:;P1:;P2:;P3:,1 4 4 1 2 1 2 2 2 4 3 2 ,,P0:60;P1:190.0;P2:195.0;P3:200.0;,02:36
AUFUUD4WG9CVO,localGlobalEx,2,5,1568952727527,0,Added cell 3-3-true,,P0:;P1:;P2:;P3:,1 4 4 1 1 2 2 2 4 3 2 ,,P0:55;P1:190.0;P2:195.0;P3:200.0;,02:35
AUFUUD4WG9CVO,localGlobalEx,2,5,1568952727911,0,Added cell 2-3-true,,P0:;P1:;P2:;P3:,1 4 4 1 1 2 2 4 3 2 ,,P0:50;P1:190.0;P2:195.0;P3:200.0;,02:35
AUFUUD4WG9CVO,localGlobalEx,2,5,1568952729159,0,Added cell 1-3-true,,P0:;P1:;P2:;P3:,1 4 4 1 1 2 2 4 2 ,,P0:45;P1:190.0;P2:195.0;P3:200.0;,02:33
AUFUUD4WG9CVO,localGlobalEx,2,5,1568952729895,0,Added cell 1-4-true,,P0:;P1:;P2:;P3:,1 4 1 1 2 2 4 2 ,,P0:40;P1:190.0;P2:195.0;P3:200.0;,02:33
AUFUUD4WG9CVO,localGlobalEx,2,5,1568952730768,0,Added cell 1-5-true,,P0:;P1:;P2:;P3:,1 4 1 1 2 4 2 ,,P0:35;P1:190.0;P2:195.0;P3:200.0;,02:32
AUFUUD4WG9CVO,localGlobalEx,2,5,1568952734623,0,Removed cell 1-5-true,,P0:;P1:;P2:;P3:,1 4 1 1 2 4 2 2 ,,P0:40;P1:190.0;P2:195.0;P3:200.0;,02:28
AUFUUD4WG9CVO,localGlobalEx,2,5,1568952734903,0,Removed cell 1-4-true,,P0:;P1:;P2:;P3:,1 4 1 1 2 4 2 2 4 ,,P0:45;P1:190.0;P2:195.0;P3:200.0;,02:28
AUFUUD4WG9CVO,localGlobalEx,2,5,1568952735239,0,Removed cell 1-3-false,,P0:;P1:;P2:;P3:,1 4 1 1 2 4 2 2 4 3 ,,P0:50;P1:190.0;P2:195.0;P3:200.0;,02:27
AUFUUD4WG9CVO,localGlobalEx,2,5,1568952735528,0,Removed cell 2-3-true,,P0:;P1:;P2:;P3:,1 4 1 1 2 4 2 2 4 3 2 ,,P0:55;P1:190.0;P2:195.0;P3:200.0;,02:27
AUFUUD4WG9CVO,localGlobalEx,2,5,1568952735863,0,Removed cell 3-3-true,,P0:;P1:;P2:;P3:,1 4 1 1 2 4 2 2 4 3 2 2 ,,P0:60;P1:190.0;P2:195.0;P3:200.0;,02:27
AUFUUD4WG9CVO,localGlobalEx,2,5,1568952736375,0,Added cell 2-4-true,,P0:;P1:;P2:;P3:,1 4 1 1 2 4 2 2 4 2 2 ,,P0:55;P1:190.0;P2:195.0;P3:200.0;,02:26
AUFUUD4WG9CVO,localGlobalEx,2,5,1568952736751,0,Added cell 1-4-true,,P0:;P1:;P2:;P3:,1 1 1 2 4 2 2 4 2 2 ,,P0:50;P1:190.0;P2:195.0;P3:200.0;,02:26
AUFUUD4WG9CVO,localGlobalEx,2,5,1568952737383,0,Added cell 1-5-true,,P0:;P1:;P2:;P3:,1 1 1 4 2 2 4 2 2 ,,P0:45;P1:190.0;P2:195.0;P3:200.0;,02:25
AUFUUD4WG9CVO,localGlobalEx,2,5,1568952753075,0,ChipRequest;From;3;Colour;5;ReqNrOfChips;1;Success;true,,P0:;P1:;P2:;P3:,1 1 1 4 2 2 4 2 2 ,,P0:45;P1:190.0;P2:195.0;P3:200.0;,02:10
AUFUUD4WG9CVO,localGlobalEx,2,5,1568952754519,0,Added cell 1-6-false,4,P0:;P1:;P2:;P3:4;,1 1 1 4 2 2 4 2 2  , 5 ,P0:119;P1:190.0;P2:195.0;P3:200.0;,02:08
AUFUUD4WG9CVO,localGlobalEx,2,5,1568952762898,0,Motivation: This should be the best path,4,P0:;P1:;P2:;P3:4;,1 1 1 4 2 2 4 2 2 , 5 ,P0:119;P1:190.0;P2:195.0;P3:200.0;,02:00
AUFUUD4WG9CVO,localGlobalEx,2,5,1568952762898,0,Ending game,4,P0:;P1:;P2:;P3:4;,1 1 1 4 2 2 4 2 2 , 5 ,P0:119;P1:190.0;P2:195.0;P3:200.0;,02:00
AUFUUD4WG9CVO,localGlobalEx,7,6,1568952764182,0,Starting new game,0,P0:;P1:0;;P2:;P3:,2,1,P0:79;P1:109.0;P2:114.0;P3:165.0;,02:00

AUFUUD4WG9CVO,localGlobalEx,7,6,1568952765480,0,Clear path,,P0:;P1:;P2:;P3:,3 4 1 2 4 2 2 5 2 1 4 5 1 3 2 ,,P0:75;P1:109.0;P2:114.0;P3:165.0;,03:00
AUFUUD4WG9CVO,localGlobalEx,7,6,1568952768144,0,Added cell 8-1-true,,P0:;P1:;P2:;P3:,3 4 2 4 2 2 5 2 1 4 5 1 3 2 ,,P0:70;P1:109.0;P2:114.0;P3:165.0;,02:58
AUFUUD4WG9CVO,localGlobalEx,7,6,1568952768184,0,Removed cell 8-1-true,,P0:;P1:;P2:;P3:,3 4 2 4 2 2 5 2 1 4 5 1 3 2 1 ,,P0:75;P1:109.0;P2:114.0;P3:165.0;,02:58
AUFUUD4WG9CVO,localGlobalEx,7,6,1568952769071,0,Added cell 8-1-true,,P0:;P1:;P2:;P3:,3 4 2 4 2 2 5 2 4 5 1 3 2 1 ,,P0:70;P1:109.0;P2:114.0;P3:165.0;,02:57
AUFUUD4WG9CVO,localGlobalEx,7,6,1568952772192,0,Added cell 8-2-true,,P0:;P1:;P2:;P3:,3 2 4 2 2 5 2 4 5 1 3 2 1 ,,P0:65;P1:109.0;P2:114.0;P3:165.0;,02:53
AUFUUD4WG9CVO,localGlobalEx,7,6,1568952773039,0,Added cell 7-2-true,,P0:;P1:;P2:;P3:,3 4 2 2 5 2 4 5 1 3 2 1 ,,P0:60;P1:109.0;P2:114.0;P3:165.0;,02:53
AUFUUD4WG9CVO,localGlobalEx,7,6,1568952773327,0,Added cell 7-3-true,,P0:;P1:;P2:;P3:,3 4 2 5 2 4 5 1 3 2 1 ,,P0:55;P1:109.0;P2:114.0;P3:165.0;,02:52
AUFUUD4WG9CVO,localGlobalEx,7,6,1568952777936,0,Added cell 7-4-true,,P0:;P1:;P2:;P3:,4 2 5 2 4 5 1 3 2 1 ,,P0:50;P1:109.0;P2:114.0;P3:165.0;,02:48
AUFUUD4WG9CVO,localGlobalEx,7,6,1568952778879,0,Added cell 7-5-true,,P0:;P1:;P2:;P3:,4 2 2 4 5 1 3 2 1 ,,P0:45;P1:109.0;P2:114.0;P3:165.0;,02:47
AUFUUD4WG9CVO,localGlobalEx,7,6,1568952780768,0,Added cell 7-6-true,,P0:;P1:;P2:;P3:,2 2 4 5 1 3 2 1 ,,P0:40;P1:109.0;P2:114.0;P3:165.0;,02:45
AUFUUD4WG9CVO,localGlobalEx,7,6,1568952781143,0,Added cell 6-6-true,,P0:;P1:;P2:;P3:,2 2 4 5 1 2 1 ,,P0:35;P1:109.0;P2:114.0;P3:165.0;,02:45
AUFUUD4WG9CVO,localGlobalEx,7,6,1568952783618,0,Added cell 5-6-true,,P0:;P1:;P2:;P3:,2 2 5 1 2 1 ,,P0:30;P1:109.0;P2:114.0;P3:165.0;,02:42
AUFUUD4WG9CVO,localGlobalEx,7,6,1568952784956,0,Denied adding cell 4-6-false,,P0:;P1:;P2:;P3:,2 2 5 1 2 1 ,,P0:30;P1:109.0;P2:114.0;P3:165.0;,02:41
AUFUUD4WG9CVO,localGlobalEx,7,6,1568952792976,0,Added cell 5-7-true,,P0:;P1:;P2:;P3:,2 5 1 2 1 ,,P0:25;P1:109.0;P2:114.0;P3:165.0;,02:33
AUFUUD4WG9CVO,localGlobalEx,7,6,1568952793624,0,Added cell 5-8-true,,P0:;P1:;P2:;P3:,2 1 2 1 ,,P0:20;P1:109.0;P2:114.0;P3:165.0;,02:32
AUFUUD4WG9CVO,localGlobalEx,7,6,1568952793936,0,Added cell 4-8-true,,P0:;P1:;P2:;P3:,2 2 1 ,,P0:15;P1:109.0;P2:114.0;P3:165.0;,02:32
AUFUUD4WG9CVO,localGlobalEx,7,6,1568952800895,0,Added cell 2-8-true,,P0:;P1:;P2:;P3:,2 2 ,,P0:10;P1:109.0;P2:114.0;P3:165.0;,02:25
AUFUUD4WG9CVO,localGlobalEx,7,6,1568952838999,0,Removed cell 2-8-false,,P0:;P1:;P2:;P3:,2 2 1 ,,P0:15;P1:109.0;P2:114.0;P3:165.0;,01:47
AUFUUD4WG9CVO,localGlobalEx,7,6,1568952839353,0,Removed cell 4-8-true,,P0:;P1:;P2:;P3:,2 2 1 1 ,,P0:20;P1:109.0;P2:114.0;P3:165.0;,01:46
AUFUUD4WG9CVO,localGlobalEx,7,6,1568952839602,0,Removed cell 5-8-false,,P0:;P1:;P2:;P3:,2 2 1 1 5 ,,P0:25;P1:109.0;P2:114.0;P3:165.0;,01:46
AUFUUD4WG9CVO,localGlobalEx,7,6,1568952839831,0,Removed cell 5-7-true,,P0:;P1:;P2:;P3:,2 2 1 1 5 2 ,,P0:30;P1:109.0;P2:114.0;P3:165.0;,01:46
AUFUUD4WG9CVO,localGlobalEx,7,6,1568952840039,0,Removed cell 5-6-false,,P0:;P1:;P2:;P3:,2 2 1 1 5 2 4 ,,P0:35;P1:109.0;P2:114.0;P3:165.0;,01:46
AUFUUD4WG9CVO,localGlobalEx,7,6,1568952840408,0,Removed cell 6-6-false,,P0:;P1:;P2:;P3:,2 2 1 1 5 2 4 3 ,,P0:40;P1:109.0;P2:114.0;P3:165.0;,01:45
AUFUUD4WG9CVO,localGlobalEx,7,6,1568952840663,0,Removed cell 7-6-true,,P0:;P1:;P2:;P3:,2 2 1 1 5 2 4 3 4 ,,P0:45;P1:109.0;P2:114.0;P3:165.0;,01:45
AUFUUD4WG9CVO,localGlobalEx,7,6,1568952840903,0,Removed cell 7-5-true,,P0:;P1:;P2:;P3:,2 2 1 1 5 2 4 3 4 5 ,,P0:50;P1:109.0;P2:114.0;P3:165.0;,01:45
AUFUUD4WG9CVO,localGlobalEx,7,6,1568952841192,0,Removed cell 7-4-true,,P0:;P1:;P2:;P3:,2 2 1 1 5 2 4 3 4 5 3 ,,P0:55;P1:109.0;P2:114.0;P3:165.0;,01:44
AUFUUD4WG9CVO,localGlobalEx,7,6,1568952841616,0,Removed cell 7-3-true,,P0:;P1:;P2:;P3:,2 2 1 1 5 2 4 3 4 5 3 2 ,,P0:60;P1:109.0;P2:114.0;P3:165.0;,01:44
AUFUUD4WG9CVO,localGlobalEx,7,6,1568952841847,0,Removed cell 7-2-true,,P0:;P1:;P2:;P3:,2 2 1 1 5 2 4 3 4 5 3 2 2 ,,P0:65;P1:109.0;P2:114.0;P3:165.0;,01:44
AUFUUD4WG9CVO,localGlobalEx,7,6,1568952841927,0,Added cell 7-2-true,,P0:;P1:;P2:;P3:,2 1 1 5 2 4 3 4 5 3 2 2 ,,P0:60;P1:109.0;P2:114.0;P3:165.0;,01:44
AUFUUD4WG9CVO,localGlobalEx,7,6,1568952842183,0,Removed cell 8-2-true,,P0:;P1:;P2:;P3:,2 1 1 5 2 4 3 4 5 3 2 2 4 ,,P0:65;P1:109.0;P2:114.0;P3:165.0;,01:44
AUFUUD4WG9CVO,localGlobalEx,7,6,1568952842439,0,Removed cell 8-1-true,,P0:;P1:;P2:;P3:,2 1 1 5 2 4 3 4 5 3 2 2 4 1 ,,P0:70;P1:109.0;P2:114.0;P3:165.0;,01:43
AUFUUD4WG9CVO,localGlobalEx,7,6,1568952842791,0,Removed cell 7-2-true,,P0:;P1:;P2:;P3:,2 1 1 5 2 4 3 4 5 3 2 2 4 1 2 ,,P0:75;P1:109.0;P2:114.0;P3:165.0;,01:43
AUFUUD4WG9CVO,localGlobalEx,7,6,1568952852994,0,Motivation: Best bet should be to stay ,,P0:;P1:;P2:;P3:,2 1 1 5 2 4 3 4 5 3 2 2 4 1 2 ,,P0:75;P1:109.0;P2:114.0;P3:165.0;,01:33
AUFUUD4WG9CVO,localGlobalEx,7,6,1568952852994,0,Ending game,,P0:;P1:;P2:;P3:,2 1 1 5 2 4 3 4 5 3 2 2 4 1 2 ,,P0:75;P1:109.0;P2:114.0;P3:165.0;,01:33
AUFUUD4WG9CVO,localGlobalEx,10,7,1568952854445,0,Starting new game,2 2,P0:;P1:2;;P2:2;;P3:,1 2 5 5 5 5,3 3 ,P0:28;P1:205.0;P2:160.0;P3:43.0;,01:33

AUFUUD4WG9CVO,localGlobalEx,10,7,1568952856080,0,Clear path,,P0:;P1:;P2:;P3:,1 5 2 5 4 1 2 2 2 1 4 5 1 5 5 ,,P0:75;P1:205.0;P2:160.0;P3:43.0;,03:00
AUFUUD4WG9CVO,localGlobalEx,10,7,1568952858424,0,Denied adding cell 5-9-false,,P0:;P1:;P2:;P3:,1 5 2 5 4 1 2 2 2 1 4 5 1 5 5 ,,P0:75;P1:205.0;P2:160.0;P3:43.0;,02:58
AUFUUD4WG9CVO,localGlobalEx,10,7,1568952861679,0,Added cell 1-3-true,,P0:;P1:;P2:;P3:,1 2 5 4 1 2 2 2 1 4 5 1 5 5 ,,P0:70;P1:205.0;P2:160.0;P3:43.0;,02:54
AUFUUD4WG9CVO,localGlobalEx,10,7,1568952868635,0,ChipRequest;From;1;Colour;3;ReqNrOfChips;1;Success;true,,P0:;P1:;P2:;P3:,1 2 5 4 1 2 2 2 1 4 5 1 5 5 ,,P0:70;P1:205.0;P2:160.0;P3:43.0;,02:47
AUFUUD4WG9CVO,localGlobalEx,10,7,1568952869194,0,ChipRequest;From;2;Colour;3;ReqNrOfChips;1;Success;true,2,P0:;P1:2;;P2:;P3:,1 2 5 4 1 2 2 2 1 4 5 1 5 5 3 , 3 ,P0:-1;P1:205.0;P2:160.0;P3:43.0;,02:47
AUFUUD4WG9CVO,localGlobalEx,10,7,1568952871007,0,Added cell 1-4-false,2 2,P0:;P1:2;;P2:2;;P3:,1 2 5 4 1 2 2 2 1 4 5 1 5 5 3 , 3 3 ,P0:-77;P1:205.0;P2:160.0;P3:43.0;,02:45
AUFUUD4WG9CVO,localGlobalEx,10,7,1568952871792,0,Added cell 5-9-false,2 2,P0:;P1:2;;P2:2;;P3:,1 2 5 4 1 2 2 2 1 4 5 1 5 5 , 3 3 ,P0:-82;P1:205.0;P2:160.0;P3:43.0;,02:44
AUFUUD4WG9CVO,localGlobalEx,10,7,1568952874343,0,Added cell 2-4-true,2 2,P0:;P1:2;;P2:2;;P3:,1 5 4 1 2 2 2 1 4 5 1 5 5 , 3 3 ,P0:-87;P1:205.0;P2:160.0;P3:43.0;,02:42
AUFUUD4WG9CVO,localGlobalEx,10,7,1568952878096,0,Added cell 2-5-true,2 2,P0:;P1:2;;P2:2;;P3:,1 4 1 2 2 2 1 4 5 1 5 5 , 3 3 ,P0:-92;P1:205.0;P2:160.0;P3:43.0;,02:38
AUFUUD4WG9CVO,localGlobalEx,10,7,1568952879895,0,Added cell 3-5-true,2 2,P0:;P1:2;;P2:2;;P3:,1 4 1 2 2 2 1 4 1 5 5 , 3 3 ,P0:-97;P1:205.0;P2:160.0;P3:43.0;,02:36
AUFUUD4WG9CVO,localGlobalEx,10,7,1568952880247,0,Added cell 4-5-true,2 2,P0:;P1:2;;P2:2;;P3:,1 4 1 2 2 1 4 1 5 5 , 3 3 ,P0:-102;P1:205.0;P2:160.0;P3:43.0;,02:36
AUFUUD4WG9CVO,localGlobalEx,10,7,1568952880672,0,Added cell 4-6-true,2 2,P0:;P1:2;;P2:2;;P3:,4 1 2 2 1 4 1 5 5 , 3 3 ,P0:-107;P1:205.0;P2:160.0;P3:43.0;,02:35
AUFUUD4WG9CVO,localGlobalEx,10,7,1568952881368,0,Added cell 4-7-true,2 2,P0:;P1:2;;P2:2;;P3:,1 2 2 1 4 1 5 5 , 3 3 ,P0:-112;P1:205.0;P2:160.0;P3:43.0;,02:35
AUFUUD4WG9CVO,localGlobalEx,10,7,1568952882072,0,Added cell 4-8-true,2 2,P0:;P1:2;;P2:2;;P3:,2 2 1 4 1 5 5 , 3 3 ,P0:-117;P1:205.0;P2:160.0;P3:43.0;,02:34
AUFUUD4WG9CVO,localGlobalEx,10,7,1568952882464,0,Added cell 4-9-true,2 2,P0:;P1:2;;P2:2;;P3:,2 2 4 1 5 5 , 3 3 ,P0:28;P1:205.0;P2:160.0;P3:43.0;,02:33
AUFUUD4WG9CVO,localGlobalEx,10,7,1568952883888,0,Removed cell 1-3-true,2 2,P0:;P1:2;;P2:2;;P3:,2 2 4 1 5 5 5 , 3 3 ,P0:-117;P1:205.0;P2:160.0;P3:43.0;,02:32
AUFUUD4WG9CVO,localGlobalEx,10,7,1568952884184,0,Removed cell 1-4-false,2 2,P0:;P1:2;;P2:2;;P3:,2 2 4 1 5 5 5 3 , 3 3 ,P0:-112;P1:205.0;P2:160.0;P3:43.0;,02:32
AUFUUD4WG9CVO,localGlobalEx,10,7,1568952884464,0,Removed cell 2-4-true,2 2,P0:;P1:2;;P2:2;;P3:,2 2 4 1 5 5 5 3 2 , 3 3 ,P0:-107;P1:205.0;P2:160.0;P3:43.0;,02:31
AUFUUD4WG9CVO,localGlobalEx,10,7,1568952884712,0,Removed cell 2-5-true,2 2,P0:;P1:2;;P2:2;;P3:,2 2 4 1 5 5 5 3 2 5 , 3 3 ,P0:-102;P1:205.0;P2:160.0;P3:43.0;,02:31
AUFUUD4WG9CVO,localGlobalEx,10,7,1568952884919,0,Removed cell 3-5-true,2 2,P0:;P1:2;;P2:2;;P3:,2 2 4 1 5 5 5 3 2 5 5 , 3 3 ,P0:-97;P1:205.0;P2:160.0;P3:43.0;,02:31
AUFUUD4WG9CVO,localGlobalEx,10,7,1568952885216,0,Removed cell 4-5-true,2 2,P0:;P1:2;;P2:2;;P3:,2 2 4 1 5 5 5 3 2 5 5 2 , 3 3 ,P0:-92;P1:205.0;P2:160.0;P3:43.0;,02:31
AUFUUD4WG9CVO,localGlobalEx,10,7,1568952885472,0,Removed cell 4-6-true,2 2,P0:;P1:2;;P2:2;;P3:,2 2 4 1 5 5 5 3 2 5 5 2 1 , 3 3 ,P0:-87;P1:205.0;P2:160.0;P3:43.0;,02:30
AUFUUD4WG9CVO,localGlobalEx,10,7,1568952885759,0,Removed cell 4-7-true,2 2,P0:;P1:2;;P2:2;;P3:,2 2 4 1 5 5 5 3 2 5 5 2 1 4 , 3 3 ,P0:-82;P1:205.0;P2:160.0;P3:43.0;,02:30
AUFUUD4WG9CVO,localGlobalEx,10,7,1568952886024,0,Removed cell 4-8-true,2 2,P0:;P1:2;;P2:2;;P3:,2 2 4 1 5 5 5 3 2 5 5 2 1 4 1 , 3 3 ,P0:-77;P1:205.0;P2:160.0;P3:43.0;,02:30
AUFUUD4WG9CVO,localGlobalEx,10,7,1568952886263,0,Removed cell 4-9-true,2 2,P0:;P1:2;;P2:2;;P3:,2 2 4 1 5 5 5 3 2 5 5 2 1 4 1 1 , 3 3 ,P0:-72;P1:205.0;P2:160.0;P3:43.0;,02:30
AUFUUD4WG9CVO,localGlobalEx,10,7,1568952886993,0,Clear path,,P0:;P1:;P2:;P3:,1 5 2 5 4 1 2 2 2 1 4 5 1 5 5 ,,P0:75;P1:205.0;P2:160.0;P3:43.0;,02:29
AUFUUD4WG9CVO,localGlobalEx,10,7,1568952887938,0,Restore suggested path,2 2,P0:;P1:2;;P2:2;;P3:,1 2 5 5 5 5,3 3 ,P0:28;P1:205.0;P2:160.0;P3:43.0;,02:28
AUFUUD4WG9CVO,localGlobalEx,10,7,1568952889089,0,Clear path,,P0:;P1:;P2:;P3:,1 5 2 5 4 1 2 2 2 1 4 5 1 5 5 ,,P0:75;P1:205.0;P2:160.0;P3:43.0;,02:27
AUFUUD4WG9CVO,localGlobalEx,10,7,1568952898202,0,Motivation: Best bet is to stay home,,P0:;P1:;P2:;P3:,1 5 2 5 4 1 2 2 2 1 4 5 1 5 5 ,,P0:75;P1:205.0;P2:160.0;P3:43.0;,02:18
AUFUUD4WG9CVO,localGlobalEx,10,7,1568952898203,0,Ending game,,P0:;P1:;P2:;P3:,1 5 2 5 4 1 2 2 2 1 4 5 1 5 5 ,,P0:75;P1:205.0;P2:160.0;P3:43.0;,02:18
AUFUUD4WG9CVO,localGlobalEx,9,8,1568952899433,0,Starting new game,,P0:;P1:;P2:;P3:,2 3 3 4,,P0:170;P1:124.0;P2:170.0;P3:175.0;,02:18

AUFUUD4WG9CVO,localGlobalEx,9,8,1568952905433,0,Clear path,,P0:;P1:;P2:;P3:,5 4 3 3 5 4 5 4 3 2 2 1 5 2 2 ,,P0:75;P1:124.0;P2:170.0;P3:175.0;,02:56
AUFUUD4WG9CVO,localGlobalEx,9,8,1568952909856,0,Added cell 8-8-true,,P0:;P1:;P2:;P3:,4 3 3 5 4 5 4 3 2 2 1 5 2 2 ,,P0:70;P1:124.0;P2:170.0;P3:175.0;,02:51
AUFUUD4WG9CVO,localGlobalEx,9,8,1568952910160,0,Added cell 8-7-true,,P0:;P1:;P2:;P3:,3 3 5 4 5 4 3 2 2 1 5 2 2 ,,P0:65;P1:124.0;P2:170.0;P3:175.0;,02:51
AUFUUD4WG9CVO,localGlobalEx,9,8,1568952910480,0,Added cell 8-6-true,,P0:;P1:;P2:;P3:,3 3 5 4 5 4 3 2 1 5 2 2 ,,P0:60;P1:124.0;P2:170.0;P3:175.0;,02:50
AUFUUD4WG9CVO,localGlobalEx,9,8,1568952910800,0,Added cell 8-5-true,,P0:;P1:;P2:;P3:,3 3 5 4 5 4 3 1 5 2 2 ,,P0:55;P1:124.0;P2:170.0;P3:175.0;,02:50
AUFUUD4WG9CVO,localGlobalEx,9,8,1568952911193,0,Added cell 7-5-true,,P0:;P1:;P2:;P3:,3 3 4 5 4 3 1 5 2 2 ,,P0:50;P1:124.0;P2:170.0;P3:175.0;,02:50
AUFUUD4WG9CVO,localGlobalEx,9,8,1568952912176,0,Added cell 7-4-true,,P0:;P1:;P2:;P3:,3 3 4 5 4 3 5 2 2 ,,P0:45;P1:124.0;P2:170.0;P3:175.0;,02:49
AUFUUD4WG9CVO,localGlobalEx,9,8,1568952913456,0,Added cell 7-3-true,,P0:;P1:;P2:;P3:,3 3 4 4 3 5 2 2 ,,P0:40;P1:124.0;P2:170.0;P3:175.0;,02:47
AUFUUD4WG9CVO,localGlobalEx,9,8,1568952913705,0,Added cell 7-2-true,,P0:;P1:;P2:;P3:,3 3 4 4 3 2 2 ,,P0:35;P1:124.0;P2:170.0;P3:175.0;,02:47
AUFUUD4WG9CVO,localGlobalEx,9,8,1568952914833,0,Added cell 7-1-true,,P0:;P1:;P2:;P3:,3 4 4 3 2 2 ,,P0:30;P1:124.0;P2:170.0;P3:175.0;,02:46
AUFUUD4WG9CVO,localGlobalEx,9,8,1568952915464,0,Added cell 7-0-true,,P0:;P1:;P2:;P3:,3 4 3 2 2 ,,P0:25;P1:124.0;P2:170.0;P3:175.0;,02:45
AUFUUD4WG9CVO,localGlobalEx,9,8,1568952923201,0,Motivation: I agree with the robot,,P0:;P1:;P2:;P3:,3 4 3 2 2 ,,P0:25;P1:124.0;P2:170.0;P3:175.0;,02:38
AUFUUD4WG9CVO,localGlobalEx,9,8,1568952923202,0,Ending game,,P0:;P1:;P2:;P3:,3 4 3 2 2 ,,P0:25;P1:124.0;P2:170.0;P3:175.0;,02:38
AUFUUD4WG9CVO,localGlobalEx,3,9,1568952924325,0,Starting new game,4 4,P0:;P1:;P2:4;;P3:4;,1 1 1 1 3 4 2 2 2,5 5 ,P0:43;P1:170.0;P2:190.0;P3:118.0;,02:38

AUFUUD4WG9CVO,localGlobalEx,3,9,1568952928194,0,Clear path,,P0:;P1:;P2:;P3:,3 1 2 3 4 3 2 1 2 4 1 1 3 4 4 ,,P0:75;P1:170.0;P2:190.0;P3:118.0;,02:58
AUFUUD4WG9CVO,localGlobalEx,3,9,1568952929977,0,Added cell 6-2-true,,P0:;P1:;P2:;P3:,1 2 3 4 3 2 1 2 4 1 1 3 4 4 ,,P0:70;P1:170.0;P2:190.0;P3:118.0;,02:56
AUFUUD4WG9CVO,localGlobalEx,3,9,1568952932505,0,Added cell 5-2-true,,P0:;P1:;P2:;P3:,1 2 3 3 2 1 2 4 1 1 3 4 4 ,,P0:65;P1:170.0;P2:190.0;P3:118.0;,02:53
AUFUUD4WG9CVO,localGlobalEx,3,9,1568952934760,0,Added cell 5-3-true,,P0:;P1:;P2:;P3:,1 2 3 3 2 1 2 1 1 3 4 4 ,,P0:60;P1:170.0;P2:190.0;P3:118.0;,02:51
AUFUUD4WG9CVO,localGlobalEx,3,9,1568952935032,0,Added cell 4-3-true,,P0:;P1:;P2:;P3:,1 3 3 2 1 2 1 1 3 4 4 ,,P0:55;P1:170.0;P2:190.0;P3:118.0;,02:51
AUFUUD4WG9CVO,localGlobalEx,3,9,1568952935864,0,Added cell 3-3-true,,P0:;P1:;P2:;P3:,3 3 2 1 2 1 1 3 4 4 ,,P0:50;P1:170.0;P2:190.0;P3:118.0;,02:50
AUFUUD4WG9CVO,localGlobalEx,3,9,1568952936264,0,Added cell 3-2-true,,P0:;P1:;P2:;P3:,3 3 1 2 1 1 3 4 4 ,,P0:45;P1:170.0;P2:190.0;P3:118.0;,02:50
AUFUUD4WG9CVO,localGlobalEx,3,9,1568952939056,0,Added cell 3-1-true,,P0:;P1:;P2:;P3:,3 3 1 2 1 1 3 4 ,,P0:40;P1:170.0;P2:190.0;P3:118.0;,02:47
AUFUUD4WG9CVO,localGlobalEx,3,9,1568952939712,0,Added cell 3-0-true,,P0:;P1:;P2:;P3:,3 1 2 1 1 3 4 ,,P0:35;P1:170.0;P2:190.0;P3:118.0;,02:46
AUFUUD4WG9CVO,localGlobalEx,3,9,1568952940824,0,Added cell 2-0-true,,P0:;P1:;P2:;P3:,3 1 2 1 1 3 ,,P0:30;P1:170.0;P2:190.0;P3:118.0;,02:45
AUFUUD4WG9CVO,localGlobalEx,3,9,1568952964155,0,ChipRequest;From;3;Colour;5;ReqNrOfChips;1;Success;true,,P0:;P1:;P2:;P3:,3 1 2 1 1 3 ,,P0:30;P1:170.0;P2:190.0;P3:118.0;,02:22
AUFUUD4WG9CVO,localGlobalEx,3,9,1568952966120,0,Added cell 1-0-false,4,P0:;P1:;P2:;P3:4;,3 1 2 1 1 3  , 5 ,P0:104;P1:170.0;P2:190.0;P3:118.0;,02:20
AUFUUD4WG9CVO,localGlobalEx,3,9,1568952981274,0,Motivation: This should be the best path,4,P0:;P1:;P2:;P3:4;,3 1 2 1 1 3 , 5 ,P0:104;P1:170.0;P2:190.0;P3:118.0;,02:05
AUFUUD4WG9CVO,localGlobalEx,3,9,1568952981274,0,Ending game,4,P0:;P1:;P2:;P3:4;,3 1 2 1 1 3 , 5 ,P0:104;P1:170.0;P2:190.0;P3:118.0;,02:05

